method,scenario,iteration,converged,time_sec,n_iter,objective,tau2,n_params,init_val_idx,message
TwoStage_DL_HKSJ,Quadratic (Moderate Het)_k8,0,True,0.0022199153900146484,,,7.591807197181251e-07,,,Success
TwoStage_DL_Normal,Quadratic (Moderate Het)_k8,0,True,0.0015528202056884766,,,7.591807197181251e-07,,,Success
TwoStage_DL_HKSJ,Quadratic (Moderate Het)_k8,1,True,0.0017542839050292969,,,9.22073455900074e-08,,,Success
TwoStage_DL_Normal,Quadratic (Moderate Het)_k8,1,True,0.0014660358428955078,,,9.22073455900074e-08,,,Success
TwoStage_DL_HKSJ,Quadratic (Moderate Het)_k8,2,True,0.0018799304962158203,,,3.910149160538201e-07,,,Success
TwoStage_DL_Normal,Quadratic (Moderate Het)_k8,2,True,0.001439809799194336,,,3.910149160538201e-07,,,Success
TwoStage_DL_HKSJ,Quadratic (Moderate Het)_k8,3,True,0.0013227462768554688,,,5.582611157290141e-07,,,Success
TwoStage_DL_Normal,Quadratic (Moderate Het)_k8,3,True,0.0013463497161865234,,,5.582611157290141e-07,,,Success
TwoStage_DL_HKSJ,Quadratic (Moderate Het)_k8,4,True,0.0013682842254638672,,,2.9130736403589577e-07,,,Success
TwoStage_DL_Normal,Quadratic (Moderate Het)_k8,4,True,0.0015323162078857422,,,2.9130736403589577e-07,,,Success
TwoStage_DL_HKSJ,Quadratic (Moderate Het)_k8,5,True,0.0013206005096435547,,,3.573704166804609e-07,,,Success
TwoStage_DL_Normal,Quadratic (Moderate Het)_k8,5,True,0.0015306472778320312,,,3.573704166804609e-07,,,Success
TwoStage_DL_HKSJ,Quadratic (Moderate Het)_k8,6,True,0.00140380859375,,,2.0307531845113742e-07,,,Success
TwoStage_DL_Normal,Quadratic (Moderate Het)_k8,6,True,0.0013585090637207031,,,2.0307531845113742e-07,,,Success
TwoStage_DL_HKSJ,Quadratic (Moderate Het)_k8,7,True,0.0013017654418945312,,,9.567046251274632e-07,,,Success
TwoStage_DL_Normal,Quadratic (Moderate Het)_k8,7,True,0.0015292167663574219,,,9.567046251274632e-07,,,Success
TwoStage_DL_HKSJ,Quadratic (Moderate Het)_k8,8,True,0.0015816688537597656,,,1.0706416235541502e-07,,,Success
TwoStage_DL_Normal,Quadratic (Moderate Het)_k8,8,True,0.0013873577117919922,,,1.0706416235541502e-07,,,Success
TwoStage_DL_HKSJ,Quadratic (Moderate Het)_k8,9,True,0.0019176006317138672,,,7.357357863030685e-07,,,Success
TwoStage_DL_Normal,Quadratic (Moderate Het)_k8,9,True,0.0011935234069824219,,,7.357357863030685e-07,,,Success
TwoStage_DL_HKSJ,Quadratic (Moderate Het)_k8,10,True,0.0013713836669921875,,,2.799924614856364e-07,,,Success
TwoStage_DL_Normal,Quadratic (Moderate Het)_k8,10,True,0.0014171600341796875,,,2.799924614856364e-07,,,Success
TwoStage_DL_HKSJ,Quadratic (Moderate Het)_k8,11,True,0.0013277530670166016,,,6.722621873819395e-07,,,Success
TwoStage_DL_Normal,Quadratic (Moderate Het)_k8,11,True,0.0014629364013671875,,,6.722621873819395e-07,,,Success
TwoStage_DL_HKSJ,Quadratic (Moderate Het)_k8,12,True,0.0013790130615234375,,,2.3374186245612383e-07,,,Success
TwoStage_DL_Normal,Quadratic (Moderate Het)_k8,12,True,0.001440286636352539,,,2.3374186245612383e-07,,,Success
TwoStage_DL_HKSJ,Quadratic (Moderate Het)_k8,13,True,0.0017070770263671875,,,2.1248044989527867e-07,,,Success
TwoStage_DL_Normal,Quadratic (Moderate Het)_k8,13,True,0.0011637210845947266,,,2.1248044989527867e-07,,,Success
TwoStage_DL_HKSJ,Quadratic (Moderate Het)_k8,14,True,0.0013630390167236328,,,6.151713945062594e-07,,,Success
TwoStage_DL_Normal,Quadratic (Moderate Het)_k8,14,True,0.0015408992767333984,,,6.151713945062594e-07,,,Success
TwoStage_DL_HKSJ,Quadratic (Moderate Het)_k8,15,True,0.0013823509216308594,,,4.0886848868234714e-07,,,Success
TwoStage_DL_Normal,Quadratic (Moderate Het)_k8,15,True,0.0013992786407470703,,,4.0886848868234714e-07,,,Success
TwoStage_DL_HKSJ,Quadratic (Moderate Het)_k8,16,True,0.0014941692352294922,,,3.80895190960163e-07,,,Success
TwoStage_DL_Normal,Quadratic (Moderate Het)_k8,16,True,0.0014925003051757812,,,3.80895190960163e-07,,,Success
TwoStage_DL_HKSJ,Quadratic (Moderate Het)_k8,17,True,0.00130462646484375,,,4.4401785614366127e-07,,,Success
TwoStage_DL_Normal,Quadratic (Moderate Het)_k8,17,True,0.0013623237609863281,,,4.4401785614366127e-07,,,Success
TwoStage_DL_HKSJ,Quadratic (Moderate Het)_k8,18,True,0.0013165473937988281,,,8.468993636901923e-07,,,Success
TwoStage_DL_Normal,Quadratic (Moderate Het)_k8,18,True,0.0014498233795166016,,,8.468993636901923e-07,,,Success
TwoStage_DL_HKSJ,Quadratic (Moderate Het)_k8,19,True,0.0014164447784423828,,,4.395554029749889e-07,,,Success
TwoStage_DL_Normal,Quadratic (Moderate Het)_k8,19,True,0.00148773193359375,,,4.395554029749889e-07,,,Success
TwoStage_DL_HKSJ,Quadratic (Moderate Het)_k8,20,True,0.0013942718505859375,,,7.473571318123844e-07,,,Success
TwoStage_DL_Normal,Quadratic (Moderate Het)_k8,20,True,0.001605987548828125,,,7.473571318123844e-07,,,Success
TwoStage_DL_HKSJ,Quadratic (Moderate Het)_k8,21,True,0.0014672279357910156,,,3.254927074707815e-07,,,Success
TwoStage_DL_Normal,Quadratic (Moderate Het)_k8,21,True,0.001401662826538086,,,3.254927074707815e-07,,,Success
TwoStage_DL_HKSJ,Quadratic (Moderate Het)_k8,22,True,0.0018584728240966797,,,2.7917486906952665e-07,,,Success
TwoStage_DL_Normal,Quadratic (Moderate Het)_k8,22,True,0.001209259033203125,,,2.7917486906952665e-07,,,Success
TwoStage_DL_HKSJ,Quadratic (Moderate Het)_k8,23,True,0.0014142990112304688,,,3.978753081255286e-07,,,Success
TwoStage_DL_Normal,Quadratic (Moderate Het)_k8,23,True,0.001505136489868164,,,3.978753081255286e-07,,,Success
TwoStage_DL_HKSJ,Quadratic (Moderate Het)_k8,24,True,0.0014684200286865234,,,1.1289581045830141e-07,,,Success
TwoStage_DL_Normal,Quadratic (Moderate Het)_k8,24,True,0.001552581787109375,,,1.1289581045830141e-07,,,Success
TwoStage_DL_HKSJ,Quadratic (Moderate Het)_k8,25,True,0.0013077259063720703,,,2.8846699994940986e-07,,,Success
TwoStage_DL_Normal,Quadratic (Moderate Het)_k8,25,True,0.0014622211456298828,,,2.8846699994940986e-07,,,Success
TwoStage_DL_HKSJ,Quadratic (Moderate Het)_k8,26,True,0.0013484954833984375,,,1.862489216855256e-07,,,Success
TwoStage_DL_Normal,Quadratic (Moderate Het)_k8,26,True,0.0015740394592285156,,,1.862489216855256e-07,,,Success
TwoStage_DL_HKSJ,Quadratic (Moderate Het)_k8,27,True,0.001363992691040039,,,5.690722234813041e-07,,,Success
TwoStage_DL_Normal,Quadratic (Moderate Het)_k8,27,True,0.0013992786407470703,,,5.690722234813041e-07,,,Success
TwoStage_DL_HKSJ,Quadratic (Moderate Het)_k8,28,True,0.001821279525756836,,,3.0913552332695423e-07,,,Success
TwoStage_DL_Normal,Quadratic (Moderate Het)_k8,28,True,0.001210927963256836,,,3.0913552332695423e-07,,,Success
TwoStage_DL_HKSJ,Quadratic (Moderate Het)_k8,29,True,0.0021119117736816406,,,3.662393380681058e-07,,,Success
TwoStage_DL_Normal,Quadratic (Moderate Het)_k8,29,True,0.0013275146484375,,,3.662393380681058e-07,,,Success
TwoStage_DL_HKSJ,Quadratic (Moderate Het)_k8,30,True,0.0013973712921142578,,,7.810737235385892e-07,,,Success
TwoStage_DL_Normal,Quadratic (Moderate Het)_k8,30,True,0.001617431640625,,,7.810737235385892e-07,,,Success
TwoStage_DL_HKSJ,Quadratic (Moderate Het)_k8,31,True,0.001310586929321289,,,3.6022947161047483e-07,,,Success
TwoStage_DL_Normal,Quadratic (Moderate Het)_k8,31,True,0.0014579296112060547,,,3.6022947161047483e-07,,,Success
TwoStage_DL_HKSJ,Quadratic (Moderate Het)_k8,32,True,0.0017459392547607422,,,3.8409093989648174e-07,,,Success
TwoStage_DL_Normal,Quadratic (Moderate Het)_k8,32,True,0.0012276172637939453,,,3.8409093989648174e-07,,,Success
TwoStage_DL_HKSJ,Quadratic (Moderate Het)_k8,33,True,0.0013928413391113281,,,4.415923737209744e-07,,,Success
TwoStage_DL_Normal,Quadratic (Moderate Het)_k8,33,True,0.0014476776123046875,,,4.415923737209744e-07,,,Success
TwoStage_DL_HKSJ,Quadratic (Moderate Het)_k8,34,True,0.0014026165008544922,,,7.241723617613171e-07,,,Success
TwoStage_DL_Normal,Quadratic (Moderate Het)_k8,34,True,0.0016372203826904297,,,7.241723617613171e-07,,,Success
TwoStage_DL_HKSJ,Quadratic (Moderate Het)_k8,35,True,0.0013861656188964844,,,8.559276492296642e-08,,,Success
TwoStage_DL_Normal,Quadratic (Moderate Het)_k8,35,True,0.0013885498046875,,,8.559276492296642e-08,,,Success
TwoStage_DL_HKSJ,Quadratic (Moderate Het)_k8,36,True,0.0016930103302001953,,,2.566571585148955e-07,,,Success
TwoStage_DL_Normal,Quadratic (Moderate Het)_k8,36,True,0.0011911392211914062,,,2.566571585148955e-07,,,Success
TwoStage_DL_HKSJ,Quadratic (Moderate Het)_k8,37,True,0.001312255859375,,,3.944835798247096e-07,,,Success
TwoStage_DL_Normal,Quadratic (Moderate Het)_k8,37,True,0.0015201568603515625,,,3.944835798247096e-07,,,Success
TwoStage_DL_HKSJ,Quadratic (Moderate Het)_k8,38,True,0.0013523101806640625,,,2.2101270527925274e-07,,,Success
TwoStage_DL_Normal,Quadratic (Moderate Het)_k8,38,True,0.001413106918334961,,,2.2101270527925274e-07,,,Success
TwoStage_DL_HKSJ,Quadratic (Moderate Het)_k8,39,True,0.0014176368713378906,,,3.1033842350444445e-07,,,Success
TwoStage_DL_Normal,Quadratic (Moderate Het)_k8,39,True,0.0014667510986328125,,,3.1033842350444445e-07,,,Success
TwoStage_DL_HKSJ,Quadratic (Moderate Het)_k8,40,True,0.0013756752014160156,,,3.502765648532073e-07,,,Success
TwoStage_DL_Normal,Quadratic (Moderate Het)_k8,40,True,0.0016341209411621094,,,3.502765648532073e-07,,,Success
TwoStage_DL_HKSJ,Quadratic (Moderate Het)_k8,41,True,0.0013489723205566406,,,9.308913958612017e-08,,,Success
TwoStage_DL_Normal,Quadratic (Moderate Het)_k8,41,True,0.0014109611511230469,,,9.308913958612017e-08,,,Success
TwoStage_DL_HKSJ,Quadratic (Moderate Het)_k8,42,True,0.0029611587524414062,,,2.9560716973994526e-07,,,Success
TwoStage_DL_Normal,Quadratic (Moderate Het)_k8,42,True,0.00131988525390625,,,2.9560716973994526e-07,,,Success
TwoStage_DL_HKSJ,Quadratic (Moderate Het)_k8,43,True,0.0014176368713378906,,,1.0089566512736126e-06,,,Success
TwoStage_DL_Normal,Quadratic (Moderate Het)_k8,43,True,0.0013494491577148438,,,1.0089566512736126e-06,,,Success
TwoStage_DL_HKSJ,Quadratic (Moderate Het)_k8,44,True,0.0017714500427246094,,,5.011379602145717e-07,,,Success
TwoStage_DL_Normal,Quadratic (Moderate Het)_k8,44,True,0.0013005733489990234,,,5.011379602145717e-07,,,Success
TwoStage_DL_HKSJ,Quadratic (Moderate Het)_k8,45,True,0.001277923583984375,,,4.007062817151947e-07,,,Success
TwoStage_DL_Normal,Quadratic (Moderate Het)_k8,45,True,0.0013179779052734375,,,4.007062817151947e-07,,,Success
TwoStage_DL_HKSJ,Quadratic (Moderate Het)_k8,46,True,0.0013973712921142578,,,3.6555389615032006e-07,,,Success
TwoStage_DL_Normal,Quadratic (Moderate Het)_k8,46,True,0.0013620853424072266,,,3.6555389615032006e-07,,,Success
TwoStage_DL_HKSJ,Quadratic (Moderate Het)_k8,47,True,0.0013244152069091797,,,2.2236773706414419e-07,,,Success
TwoStage_DL_Normal,Quadratic (Moderate Het)_k8,47,True,0.0014827251434326172,,,2.2236773706414419e-07,,,Success
TwoStage_DL_HKSJ,Quadratic (Moderate Het)_k8,48,True,0.00131988525390625,,,8.928490131286537e-07,,,Success
TwoStage_DL_Normal,Quadratic (Moderate Het)_k8,48,True,0.0012912750244140625,,,8.928490131286537e-07,,,Success
TwoStage_DL_HKSJ,Quadratic (Moderate Het)_k8,49,True,0.0017621517181396484,,,2.44432216247969e-07,,,Success
TwoStage_DL_Normal,Quadratic (Moderate Het)_k8,49,True,0.0014219284057617188,,,2.44432216247969e-07,,,Success
TwoStage_DL_HKSJ,Log (High Het)_k8,0,True,0.0013048648834228516,,,1.7437419953777353e-06,,,Success
TwoStage_DL_Normal,Log (High Het)_k8,0,True,0.0013346672058105469,,,1.7437419953777353e-06,,,Success
TwoStage_DL_HKSJ,Log (High Het)_k8,1,True,0.0016863346099853516,,,3.3276660828799333e-07,,,Success
TwoStage_DL_Normal,Log (High Het)_k8,1,True,0.0017845630645751953,,,3.3276660828799333e-07,,,Success
TwoStage_DL_HKSJ,Log (High Het)_k8,2,True,0.0017735958099365234,,,9.723653032038646e-07,,,Success
TwoStage_DL_Normal,Log (High Het)_k8,2,True,0.0014379024505615234,,,9.723653032038646e-07,,,Success
TwoStage_DL_HKSJ,Log (High Het)_k8,3,True,0.0019261837005615234,,,1.1488496058661488e-06,,,Success
TwoStage_DL_Normal,Log (High Het)_k8,3,True,0.002269744873046875,,,1.1488496058661488e-06,,,Success
TwoStage_DL_HKSJ,Log (High Het)_k8,4,True,0.0015645027160644531,,,7.499337964525563e-07,,,Success
TwoStage_DL_Normal,Log (High Het)_k8,4,True,0.0013790130615234375,,,7.499337964525563e-07,,,Success
TwoStage_DL_HKSJ,Log (High Het)_k8,5,True,0.0013091564178466797,,,9.432336855184907e-07,,,Success
TwoStage_DL_Normal,Log (High Het)_k8,5,True,0.0012547969818115234,,,9.432336855184907e-07,,,Success
TwoStage_DL_HKSJ,Log (High Het)_k8,6,True,0.0016283988952636719,,,5.602417476812225e-07,,,Success
TwoStage_DL_Normal,Log (High Het)_k8,6,True,0.0011646747589111328,,,5.602417476812225e-07,,,Success
TwoStage_DL_HKSJ,Log (High Het)_k8,7,True,0.001344919204711914,,,1.9235338637196367e-06,,,Success
TwoStage_DL_Normal,Log (High Het)_k8,7,True,0.0013973712921142578,,,1.9235338637196367e-06,,,Success
TwoStage_DL_HKSJ,Log (High Het)_k8,8,True,0.0015041828155517578,,,4.0252985327664344e-07,,,Success
TwoStage_DL_Normal,Log (High Het)_k8,8,True,0.0012612342834472656,,,4.0252985327664344e-07,,,Success
TwoStage_DL_HKSJ,Log (High Het)_k8,9,True,0.001628875732421875,,,1.8524396593813258e-06,,,Success
TwoStage_DL_Normal,Log (High Het)_k8,9,True,0.0015840530395507812,,,1.8524396593813258e-06,,,Success
TwoStage_DL_HKSJ,Log (High Het)_k8,10,True,0.0015811920166015625,,,5.498819487431326e-07,,,Success
TwoStage_DL_Normal,Log (High Het)_k8,10,True,0.0014548301696777344,,,5.498819487431326e-07,,,Success
TwoStage_DL_HKSJ,Log (High Het)_k8,11,True,0.0019941329956054688,,,1.8771222386072603e-06,,,Success
TwoStage_DL_Normal,Log (High Het)_k8,11,True,0.0014438629150390625,,,1.8771222386072603e-06,,,Success
TwoStage_DL_HKSJ,Log (High Het)_k8,12,True,0.001294851303100586,,,4.6894245106169556e-07,,,Success
TwoStage_DL_Normal,Log (High Het)_k8,12,True,0.001520395278930664,,,4.6894245106169556e-07,,,Success
TwoStage_DL_HKSJ,Log (High Het)_k8,13,True,0.0013217926025390625,,,7.838941713706085e-07,,,Success
TwoStage_DL_Normal,Log (High Het)_k8,13,True,0.0015523433685302734,,,7.838941713706085e-07,,,Success
TwoStage_DL_HKSJ,Log (High Het)_k8,14,True,0.0015239715576171875,,,1.0985454266993119e-06,,,Success
TwoStage_DL_Normal,Log (High Het)_k8,14,True,0.0014657974243164062,,,1.0985454266993119e-06,,,Success
TwoStage_DL_HKSJ,Log (High Het)_k8,15,True,0.0018761157989501953,,,9.885324325762165e-07,,,Success
TwoStage_DL_Normal,Log (High Het)_k8,15,True,0.0012004375457763672,,,9.885324325762165e-07,,,Success
TwoStage_DL_HKSJ,Log (High Het)_k8,16,True,0.001493215560913086,,,7.866779578473756e-07,,,Success
TwoStage_DL_Normal,Log (High Het)_k8,16,True,0.0015175342559814453,,,7.866779578473756e-07,,,Success
TwoStage_DL_HKSJ,Log (High Het)_k8,17,True,0.0015540122985839844,,,1.4622016905099146e-06,,,Success
TwoStage_DL_Normal,Log (High Het)_k8,17,True,0.0015521049499511719,,,1.4622016905099146e-06,,,Success
TwoStage_DL_HKSJ,Log (High Het)_k8,18,True,0.0015223026275634766,,,1.4033249930701785e-06,,,Success
TwoStage_DL_Normal,Log (High Het)_k8,18,True,0.0014579296112060547,,,1.4033249930701785e-06,,,Success
TwoStage_DL_HKSJ,Log (High Het)_k8,19,True,0.0016510486602783203,,,1.2034626469031567e-06,,,Success
TwoStage_DL_Normal,Log (High Het)_k8,19,True,0.0016560554504394531,,,1.2034626469031567e-06,,,Success
TwoStage_DL_HKSJ,Log (High Het)_k8,20,True,0.001359701156616211,,,1.6314762776283703e-06,,,Success
TwoStage_DL_Normal,Log (High Het)_k8,20,True,0.0014750957489013672,,,1.6314762776283703e-06,,,Success
TwoStage_DL_HKSJ,Log (High Het)_k8,21,True,0.002050161361694336,,,6.968779119901534e-07,,,Success
TwoStage_DL_Normal,Log (High Het)_k8,21,True,0.0014069080352783203,,,6.968779119901534e-07,,,Success
TwoStage_DL_HKSJ,Log (High Het)_k8,22,True,0.0018815994262695312,,,4.0413045950833637e-07,,,Success
TwoStage_DL_Normal,Log (High Het)_k8,22,True,0.0013506412506103516,,,4.0413045950833637e-07,,,Success
TwoStage_DL_HKSJ,Log (High Het)_k8,23,True,0.001377105712890625,,,9.081435014918957e-07,,,Success
TwoStage_DL_Normal,Log (High Het)_k8,23,True,0.001508951187133789,,,9.081435014918957e-07,,,Success
TwoStage_DL_HKSJ,Log (High Het)_k8,24,True,0.0017771720886230469,,,3.752729799228706e-07,,,Success
TwoStage_DL_Normal,Log (High Het)_k8,24,True,0.001209259033203125,,,3.752729799228706e-07,,,Success
TwoStage_DL_HKSJ,Log (High Het)_k8,25,True,0.001409292221069336,,,6.376688387703587e-07,,,Success
TwoStage_DL_Normal,Log (High Het)_k8,25,True,0.0014462471008300781,,,6.376688387703587e-07,,,Success
TwoStage_DL_HKSJ,Log (High Het)_k8,26,True,0.0014145374298095703,,,5.884708703253249e-07,,,Success
TwoStage_DL_Normal,Log (High Het)_k8,26,True,0.0016567707061767578,,,5.884708703253249e-07,,,Success
TwoStage_DL_HKSJ,Log (High Het)_k8,27,True,0.0015041828155517578,,,1.2861201056262719e-06,,,Success
TwoStage_DL_Normal,Log (High Het)_k8,27,True,0.0013973712921142578,,,1.2861201056262719e-06,,,Success
TwoStage_DL_HKSJ,Log (High Het)_k8,28,True,0.0017507076263427734,,,7.713147253625686e-07,,,Success
TwoStage_DL_Normal,Log (High Het)_k8,28,True,0.0012407302856445312,,,7.713147253625686e-07,,,Success
TwoStage_DL_HKSJ,Log (High Het)_k8,29,True,0.0018486976623535156,,,9.326785392262177e-07,,,Success
TwoStage_DL_Normal,Log (High Het)_k8,29,True,0.0012230873107910156,,,9.326785392262177e-07,,,Success
TwoStage_DL_HKSJ,Log (High Het)_k8,30,True,0.0013642311096191406,,,1.6067979879457633e-06,,,Success
TwoStage_DL_Normal,Log (High Het)_k8,30,True,0.0015895366668701172,,,1.6067979879457633e-06,,,Success
TwoStage_DL_HKSJ,Log (High Het)_k8,31,True,0.0013632774353027344,,,6.494592159282407e-07,,,Success
TwoStage_DL_Normal,Log (High Het)_k8,31,True,0.0014162063598632812,,,6.494592159282407e-07,,,Success
TwoStage_DL_HKSJ,Log (High Het)_k8,32,True,0.0018672943115234375,,,1.3556674271694798e-06,,,Success
TwoStage_DL_Normal,Log (High Het)_k8,32,True,0.001238107681274414,,,1.3556674271694798e-06,,,Success
TwoStage_DL_HKSJ,Log (High Het)_k8,33,True,0.0018308162689208984,,,1.1351400371981858e-06,,,Success
TwoStage_DL_Normal,Log (High Het)_k8,33,True,0.0012619495391845703,,,1.1351400371981858e-06,,,Success
TwoStage_DL_HKSJ,Log (High Het)_k8,34,True,0.001331329345703125,,,1.5238887042166573e-06,,,Success
TwoStage_DL_Normal,Log (High Het)_k8,34,True,0.0016040802001953125,,,1.5238887042166573e-06,,,Success
TwoStage_DL_HKSJ,Log (High Het)_k8,35,True,0.001523733139038086,,,4.063538426251225e-07,,,Success
TwoStage_DL_Normal,Log (High Het)_k8,35,True,0.0015940666198730469,,,4.063538426251225e-07,,,Success
TwoStage_DL_HKSJ,Log (High Het)_k8,36,True,0.0015325546264648438,,,5.231507989505235e-07,,,Success
TwoStage_DL_Normal,Log (High Het)_k8,36,True,0.0014734268188476562,,,5.231507989505235e-07,,,Success
TwoStage_DL_HKSJ,Log (High Het)_k8,37,True,0.0013706684112548828,,,7.622909423687516e-07,,,Success
TwoStage_DL_Normal,Log (High Het)_k8,37,True,0.0016016960144042969,,,7.622909423687516e-07,,,Success
TwoStage_DL_HKSJ,Log (High Het)_k8,38,True,0.0013697147369384766,,,6.670280100045953e-07,,,Success
TwoStage_DL_Normal,Log (High Het)_k8,38,True,0.0013842582702636719,,,6.670280100045953e-07,,,Success
TwoStage_DL_HKSJ,Log (High Het)_k8,39,True,0.0015954971313476562,,,6.555756537330725e-07,,,Success
TwoStage_DL_Normal,Log (High Het)_k8,39,True,0.0013582706451416016,,,6.555756537330725e-07,,,Success
TwoStage_DL_HKSJ,Log (High Het)_k8,40,True,0.0013651847839355469,,,1.0349839230007677e-06,,,Success
TwoStage_DL_Normal,Log (High Het)_k8,40,True,0.0014078617095947266,,,1.0349839230007677e-06,,,Success
TwoStage_DL_HKSJ,Log (High Het)_k8,41,True,0.001463174819946289,,,2.5722232633509395e-07,,,Success
TwoStage_DL_Normal,Log (High Het)_k8,41,True,0.001432180404663086,,,2.5722232633509395e-07,,,Success
TwoStage_DL_HKSJ,Log (High Het)_k8,42,True,0.0016965866088867188,,,1.0234883629016475e-06,,,Success
TwoStage_DL_Normal,Log (High Het)_k8,42,True,0.0011782646179199219,,,1.0234883629016475e-06,,,Success
TwoStage_DL_HKSJ,Log (High Het)_k8,43,True,0.0012769699096679688,,,2.1114240347439367e-06,,,Success
TwoStage_DL_Normal,Log (High Het)_k8,43,True,0.0015025138854980469,,,2.1114240347439367e-06,,,Success
TwoStage_DL_HKSJ,Log (High Het)_k8,44,True,0.001439809799194336,,,1.0167277677804561e-06,,,Success
TwoStage_DL_Normal,Log (High Het)_k8,44,True,0.001180410385131836,,,1.0167277677804561e-06,,,Success
TwoStage_DL_HKSJ,Log (High Het)_k8,45,True,0.0013339519500732422,,,1.1204417676436263e-06,,,Success
TwoStage_DL_Normal,Log (High Het)_k8,45,True,0.001523733139038086,,,1.1204417676436263e-06,,,Success
TwoStage_DL_HKSJ,Log (High Het)_k8,46,True,0.0015687942504882812,,,8.278558903619105e-07,,,Success
TwoStage_DL_Normal,Log (High Het)_k8,46,True,0.0019230842590332031,,,8.278558903619105e-07,,,Success
TwoStage_DL_HKSJ,Log (High Het)_k8,47,True,0.0013475418090820312,,,5.047671963445808e-07,,,Success
TwoStage_DL_Normal,Log (High Het)_k8,47,True,0.0014328956604003906,,,5.047671963445808e-07,,,Success
TwoStage_DL_HKSJ,Log (High Het)_k8,48,True,0.0012989044189453125,,,1.5604501187853887e-06,,,Success
TwoStage_DL_Normal,Log (High Het)_k8,48,True,0.0013697147369384766,,,1.5604501187853887e-06,,,Success
TwoStage_DL_HKSJ,Log (High Het)_k8,49,True,0.001264810562133789,,,5.447530672951474e-07,,,Success
TwoStage_DL_Normal,Log (High Het)_k8,49,True,0.0014979839324951172,,,5.447530672951474e-07,,,Success
TwoStage_DL_HKSJ,U-Shaped (Moderate Het)_k8,0,True,0.0012669563293457031,,,7.487677681249344e-07,,,Success
TwoStage_DL_Normal,U-Shaped (Moderate Het)_k8,0,True,0.0013546943664550781,,,7.487677681249344e-07,,,Success
TwoStage_DL_HKSJ,U-Shaped (Moderate Het)_k8,1,True,0.0012829303741455078,,,9.391889458444e-08,,,Success
TwoStage_DL_Normal,U-Shaped (Moderate Het)_k8,1,True,0.001444101333618164,,,9.391889458444e-08,,,Success
TwoStage_DL_HKSJ,U-Shaped (Moderate Het)_k8,2,True,0.0012655258178710938,,,4.0002856730607187e-07,,,Success
TwoStage_DL_Normal,U-Shaped (Moderate Het)_k8,2,True,0.001392364501953125,,,4.0002856730607187e-07,,,Success
TwoStage_DL_HKSJ,U-Shaped (Moderate Het)_k8,3,True,0.001312255859375,,,5.917217668221666e-07,,,Success
TwoStage_DL_Normal,U-Shaped (Moderate Het)_k8,3,True,0.0015633106231689453,,,5.917217668221666e-07,,,Success
TwoStage_DL_HKSJ,U-Shaped (Moderate Het)_k8,4,True,0.0012781620025634766,,,2.8023750235079824e-07,,,Success
TwoStage_DL_Normal,U-Shaped (Moderate Het)_k8,4,True,0.0014526844024658203,,,2.8023750235079824e-07,,,Success
TwoStage_DL_HKSJ,U-Shaped (Moderate Het)_k8,5,True,0.0015876293182373047,,,3.422913190654278e-07,,,Success
TwoStage_DL_Normal,U-Shaped (Moderate Het)_k8,5,True,0.0013294219970703125,,,3.422913190654278e-07,,,Success
TwoStage_DL_HKSJ,U-Shaped (Moderate Het)_k8,6,True,0.0015327930450439453,,,1.814377315460417e-07,,,Success
TwoStage_DL_Normal,U-Shaped (Moderate Het)_k8,6,True,0.0011925697326660156,,,1.814377315460417e-07,,,Success
TwoStage_DL_HKSJ,U-Shaped (Moderate Het)_k8,7,True,0.001421213150024414,,,9.904593414353214e-07,,,Success
TwoStage_DL_Normal,U-Shaped (Moderate Het)_k8,7,True,0.0015287399291992188,,,9.904593414353214e-07,,,Success
TwoStage_DL_HKSJ,U-Shaped (Moderate Het)_k8,8,True,0.0016257762908935547,,,1.170758029939643e-07,,,Success
TwoStage_DL_Normal,U-Shaped (Moderate Het)_k8,8,True,0.0017764568328857422,,,1.170758029939643e-07,,,Success
TwoStage_DL_HKSJ,U-Shaped (Moderate Het)_k8,9,True,0.0014505386352539062,,,7.057898111613511e-07,,,Success
TwoStage_DL_Normal,U-Shaped (Moderate Het)_k8,9,True,0.0013394355773925781,,,7.057898111613511e-07,,,Success
TwoStage_DL_HKSJ,U-Shaped (Moderate Het)_k8,10,True,0.0018177032470703125,,,3.0287812949988064e-07,,,Success
TwoStage_DL_Normal,U-Shaped (Moderate Het)_k8,10,True,0.001188516616821289,,,3.0287812949988064e-07,,,Success
TwoStage_DL_HKSJ,U-Shaped (Moderate Het)_k8,11,True,0.0012803077697753906,,,6.086758527211303e-07,,,Success
TwoStage_DL_Normal,U-Shaped (Moderate Het)_k8,11,True,0.0013322830200195312,,,6.086758527211303e-07,,,Success
TwoStage_DL_HKSJ,U-Shaped (Moderate Het)_k8,12,True,0.0013806819915771484,,,2.7854040860251714e-07,,,Success
TwoStage_DL_Normal,U-Shaped (Moderate Het)_k8,12,True,0.0012781620025634766,,,2.7854040860251714e-07,,,Success
TwoStage_DL_HKSJ,U-Shaped (Moderate Het)_k8,13,True,0.0013196468353271484,,,2.148311251970461e-07,,,Success
TwoStage_DL_Normal,U-Shaped (Moderate Het)_k8,13,True,0.0015225410461425781,,,2.148311251970461e-07,,,Success
TwoStage_DL_HKSJ,U-Shaped (Moderate Het)_k8,14,True,0.0013420581817626953,,,6.300217772447056e-07,,,Success
TwoStage_DL_Normal,U-Shaped (Moderate Het)_k8,14,True,0.001313924789428711,,,6.300217772447056e-07,,,Success
TwoStage_DL_HKSJ,U-Shaped (Moderate Het)_k8,15,True,0.001735687255859375,,,4.008006619134411e-07,,,Success
TwoStage_DL_Normal,U-Shaped (Moderate Het)_k8,15,True,0.0012123584747314453,,,4.008006619134411e-07,,,Success
TwoStage_DL_HKSJ,U-Shaped (Moderate Het)_k8,16,True,0.0015287399291992188,,,3.9310941937830764e-07,,,Success
TwoStage_DL_Normal,U-Shaped (Moderate Het)_k8,16,True,0.0013508796691894531,,,3.9310941937830764e-07,,,Success
TwoStage_DL_HKSJ,U-Shaped (Moderate Het)_k8,17,True,0.0017557144165039062,,,4.0339371511851875e-07,,,Success
TwoStage_DL_Normal,U-Shaped (Moderate Het)_k8,17,True,0.001237630844116211,,,4.0339371511851875e-07,,,Success
TwoStage_DL_HKSJ,U-Shaped (Moderate Het)_k8,18,True,0.0013954639434814453,,,9.0331437299376e-07,,,Success
TwoStage_DL_Normal,U-Shaped (Moderate Het)_k8,18,True,0.0014264583587646484,,,9.0331437299376e-07,,,Success
TwoStage_DL_HKSJ,U-Shaped (Moderate Het)_k8,19,True,0.0013437271118164062,,,4.0867883358890054e-07,,,Success
TwoStage_DL_Normal,U-Shaped (Moderate Het)_k8,19,True,0.001360177993774414,,,4.0867883358890054e-07,,,Success
TwoStage_DL_HKSJ,U-Shaped (Moderate Het)_k8,20,True,0.0013039112091064453,,,7.409563764957203e-07,,,Success
TwoStage_DL_Normal,U-Shaped (Moderate Het)_k8,20,True,0.0015838146209716797,,,7.409563764957203e-07,,,Success
TwoStage_DL_HKSJ,U-Shaped (Moderate Het)_k8,21,True,0.001346588134765625,,,3.2692555022250474e-07,,,Success
TwoStage_DL_Normal,U-Shaped (Moderate Het)_k8,21,True,0.0014100074768066406,,,3.2692555022250474e-07,,,Success
TwoStage_DL_HKSJ,U-Shaped (Moderate Het)_k8,22,True,0.0014920234680175781,,,3.319028759589004e-07,,,Success
TwoStage_DL_Normal,U-Shaped (Moderate Het)_k8,22,True,0.0018091201782226562,,,3.319028759589004e-07,,,Success
TwoStage_DL_HKSJ,U-Shaped (Moderate Het)_k8,23,True,0.0015263557434082031,,,3.979166841063459e-07,,,Success
TwoStage_DL_Normal,U-Shaped (Moderate Het)_k8,23,True,0.0016510486602783203,,,3.979166841063459e-07,,,Success
TwoStage_DL_HKSJ,U-Shaped (Moderate Het)_k8,24,True,0.0013201236724853516,,,9.620672624554186e-08,,,Success
TwoStage_DL_Normal,U-Shaped (Moderate Het)_k8,24,True,0.0015549659729003906,,,9.620672624554186e-08,,,Success
TwoStage_DL_HKSJ,U-Shaped (Moderate Het)_k8,25,True,0.001369476318359375,,,2.900851011261038e-07,,,Success
TwoStage_DL_Normal,U-Shaped (Moderate Het)_k8,25,True,0.0013201236724853516,,,2.900851011261038e-07,,,Success
TwoStage_DL_HKSJ,U-Shaped (Moderate Het)_k8,26,True,0.0014710426330566406,,,1.8653873042667707e-07,,,Success
TwoStage_DL_Normal,U-Shaped (Moderate Het)_k8,26,True,0.0013468265533447266,,,1.8653873042667707e-07,,,Success
TwoStage_DL_HKSJ,U-Shaped (Moderate Het)_k8,27,True,0.001710653305053711,,,5.642815160268632e-07,,,Success
TwoStage_DL_Normal,U-Shaped (Moderate Het)_k8,27,True,0.0012176036834716797,,,5.642815160268632e-07,,,Success
TwoStage_DL_HKSJ,U-Shaped (Moderate Het)_k8,28,True,0.0014307498931884766,,,2.9911839863041333e-07,,,Success
TwoStage_DL_Normal,U-Shaped (Moderate Het)_k8,28,True,0.0013172626495361328,,,2.9911839863041333e-07,,,Success
TwoStage_DL_HKSJ,U-Shaped (Moderate Het)_k8,29,True,0.001299142837524414,,,3.568988859792277e-07,,,Success
TwoStage_DL_Normal,U-Shaped (Moderate Het)_k8,29,True,0.0012595653533935547,,,3.568988859792277e-07,,,Success
TwoStage_DL_HKSJ,U-Shaped (Moderate Het)_k8,30,True,0.0013229846954345703,,,7.997205302117279e-07,,,Success
TwoStage_DL_Normal,U-Shaped (Moderate Het)_k8,30,True,0.0012683868408203125,,,7.997205302117279e-07,,,Success
TwoStage_DL_HKSJ,U-Shaped (Moderate Het)_k8,31,True,0.00127410888671875,,,3.876659963047718e-07,,,Success
TwoStage_DL_Normal,U-Shaped (Moderate Het)_k8,31,True,0.001462697982788086,,,3.876659963047718e-07,,,Success
TwoStage_DL_HKSJ,U-Shaped (Moderate Het)_k8,32,True,0.00127410888671875,,,3.4965658010232656e-07,,,Success
TwoStage_DL_Normal,U-Shaped (Moderate Het)_k8,32,True,0.0012896060943603516,,,3.4965658010232656e-07,,,Success
TwoStage_DL_HKSJ,U-Shaped (Moderate Het)_k8,33,True,0.0014982223510742188,,,4.451761337490108e-07,,,Success
TwoStage_DL_Normal,U-Shaped (Moderate Het)_k8,33,True,0.0017323493957519531,,,4.451761337490108e-07,,,Success
TwoStage_DL_HKSJ,U-Shaped (Moderate Het)_k8,34,True,0.0017549991607666016,,,7.295195622242048e-07,,,Success
TwoStage_DL_Normal,U-Shaped (Moderate Het)_k8,34,True,0.0019102096557617188,,,7.295195622242048e-07,,,Success
TwoStage_DL_HKSJ,U-Shaped (Moderate Het)_k8,35,True,0.0013947486877441406,,,8.847504674145256e-08,,,Success
TwoStage_DL_Normal,U-Shaped (Moderate Het)_k8,35,True,0.0014367103576660156,,,8.847504674145256e-08,,,Success
TwoStage_DL_HKSJ,U-Shaped (Moderate Het)_k8,36,True,0.0013470649719238281,,,2.6583400802795915e-07,,,Success
TwoStage_DL_Normal,U-Shaped (Moderate Het)_k8,36,True,0.0015702247619628906,,,2.6583400802795915e-07,,,Success
TwoStage_DL_HKSJ,U-Shaped (Moderate Het)_k8,37,True,0.0017838478088378906,,,4.167947131117461e-07,,,Success
TwoStage_DL_Normal,U-Shaped (Moderate Het)_k8,37,True,0.0014491081237792969,,,4.167947131117461e-07,,,Success
TwoStage_DL_HKSJ,U-Shaped (Moderate Het)_k8,38,True,0.0015447139739990234,,,2.2289579658572134e-07,,,Success
TwoStage_DL_Normal,U-Shaped (Moderate Het)_k8,38,True,0.0014259815216064453,,,2.2289579658572134e-07,,,Success
TwoStage_DL_HKSJ,U-Shaped (Moderate Het)_k8,39,True,0.001390218734741211,,,3.2455042622632603e-07,,,Success
TwoStage_DL_Normal,U-Shaped (Moderate Het)_k8,39,True,0.0014805793762207031,,,3.2455042622632603e-07,,,Success
TwoStage_DL_HKSJ,U-Shaped (Moderate Het)_k8,40,True,0.0013799667358398438,,,3.4130094353872296e-07,,,Success
TwoStage_DL_Normal,U-Shaped (Moderate Het)_k8,40,True,0.0015931129455566406,,,3.4130094353872296e-07,,,Success
TwoStage_DL_HKSJ,U-Shaped (Moderate Het)_k8,41,True,0.001398324966430664,,,1.0589226650862881e-07,,,Success
TwoStage_DL_Normal,U-Shaped (Moderate Het)_k8,41,True,0.0016400814056396484,,,1.0589226650862881e-07,,,Success
TwoStage_DL_HKSJ,U-Shaped (Moderate Het)_k8,42,True,0.0017747879028320312,,,2.7052176994393916e-07,,,Success
TwoStage_DL_Normal,U-Shaped (Moderate Het)_k8,42,True,0.0013697147369384766,,,2.7052176994393916e-07,,,Success
TwoStage_DL_HKSJ,U-Shaped (Moderate Het)_k8,43,True,0.0017936229705810547,,,1.0032833575056379e-06,,,Success
TwoStage_DL_Normal,U-Shaped (Moderate Het)_k8,43,True,0.0013725757598876953,,,1.0032833575056379e-06,,,Success
TwoStage_DL_HKSJ,U-Shaped (Moderate Het)_k8,44,True,0.0013532638549804688,,,5.205402230756383e-07,,,Success
TwoStage_DL_Normal,U-Shaped (Moderate Het)_k8,44,True,0.001607656478881836,,,5.205402230756383e-07,,,Success
TwoStage_DL_HKSJ,U-Shaped (Moderate Het)_k8,45,True,0.0012798309326171875,,,3.7316915701397674e-07,,,Success
TwoStage_DL_Normal,U-Shaped (Moderate Het)_k8,45,True,0.0012507438659667969,,,3.7316915701397674e-07,,,Success
TwoStage_DL_HKSJ,U-Shaped (Moderate Het)_k8,46,True,0.002515077590942383,,,3.856659247171931e-07,,,Success
TwoStage_DL_Normal,U-Shaped (Moderate Het)_k8,46,True,0.0014445781707763672,,,3.856659247171931e-07,,,Success
TwoStage_DL_HKSJ,U-Shaped (Moderate Het)_k8,47,True,0.0012624263763427734,,,2.2125906086547864e-07,,,Success
TwoStage_DL_Normal,U-Shaped (Moderate Het)_k8,47,True,0.001402139663696289,,,2.2125906086547864e-07,,,Success
TwoStage_DL_HKSJ,U-Shaped (Moderate Het)_k8,48,True,0.0012843608856201172,,,9.661088856101076e-07,,,Success
TwoStage_DL_Normal,U-Shaped (Moderate Het)_k8,48,True,0.0014514923095703125,,,9.661088856101076e-07,,,Success
TwoStage_DL_HKSJ,U-Shaped (Moderate Het)_k8,49,True,0.0013651847839355469,,,2.5173502228685533e-07,,,Success
TwoStage_DL_Normal,U-Shaped (Moderate Het)_k8,49,True,0.001302480697631836,,,2.5173502228685533e-07,,,Success
TwoStage_DL_HKSJ,Quadratic (Moderate Het)_k10,0,True,0.0015025138854980469,,,2.1139806336341677e-07,,,Success
TwoStage_DL_Normal,Quadratic (Moderate Het)_k10,0,True,0.0015141963958740234,,,2.1139806336341677e-07,,,Success
TwoStage_DL_HKSJ,Quadratic (Moderate Het)_k10,1,True,0.0014820098876953125,,,1.7300915885591496e-07,,,Success
TwoStage_DL_Normal,Quadratic (Moderate Het)_k10,1,True,0.001491546630859375,,,1.7300915885591496e-07,,,Success
TwoStage_DL_HKSJ,Quadratic (Moderate Het)_k10,2,True,0.001506805419921875,,,3.653336837881359e-07,,,Success
TwoStage_DL_Normal,Quadratic (Moderate Het)_k10,2,True,0.0016155242919921875,,,3.653336837881359e-07,,,Success
TwoStage_DL_HKSJ,Quadratic (Moderate Het)_k10,3,True,0.0025458335876464844,,,3.8441982939688635e-07,,,Success
TwoStage_DL_Normal,Quadratic (Moderate Het)_k10,3,True,0.0015690326690673828,,,3.8441982939688635e-07,,,Success
TwoStage_DL_HKSJ,Quadratic (Moderate Het)_k10,4,True,0.0019326210021972656,,,4.6587969253977136e-07,,,Success
TwoStage_DL_Normal,Quadratic (Moderate Het)_k10,4,True,0.0013535022735595703,,,4.6587969253977136e-07,,,Success
TwoStage_DL_HKSJ,Quadratic (Moderate Het)_k10,5,True,0.0014929771423339844,,,3.9841889609162833e-07,,,Success
TwoStage_DL_Normal,Quadratic (Moderate Het)_k10,5,True,0.0015716552734375,,,3.9841889609162833e-07,,,Success
TwoStage_DL_HKSJ,Quadratic (Moderate Het)_k10,6,True,0.0015070438385009766,,,1.479570816619756e-07,,,Success
TwoStage_DL_Normal,Quadratic (Moderate Het)_k10,6,True,0.0017354488372802734,,,1.479570816619756e-07,,,Success
TwoStage_DL_HKSJ,Quadratic (Moderate Het)_k10,7,True,0.0015120506286621094,,,8.267839139639572e-07,,,Success
TwoStage_DL_Normal,Quadratic (Moderate Het)_k10,7,True,0.0014619827270507812,,,8.267839139639572e-07,,,Success
TwoStage_DL_HKSJ,Quadratic (Moderate Het)_k10,8,True,0.0014612674713134766,,,1.024184204487429e-07,,,Success
TwoStage_DL_Normal,Quadratic (Moderate Het)_k10,8,True,0.0016231536865234375,,,1.024184204487429e-07,,,Success
TwoStage_DL_HKSJ,Quadratic (Moderate Het)_k10,9,True,0.0014667510986328125,,,4.795655637979294e-07,,,Success
TwoStage_DL_Normal,Quadratic (Moderate Het)_k10,9,True,0.0017545223236083984,,,4.795655637979294e-07,,,Success
TwoStage_DL_HKSJ,Quadratic (Moderate Het)_k10,10,True,0.0014607906341552734,,,5.008590259733809e-07,,,Success
TwoStage_DL_Normal,Quadratic (Moderate Het)_k10,10,True,0.0015268325805664062,,,5.008590259733809e-07,,,Success
TwoStage_DL_HKSJ,Quadratic (Moderate Het)_k10,11,True,0.001458883285522461,,,2.682496818685836e-07,,,Success
TwoStage_DL_Normal,Quadratic (Moderate Het)_k10,11,True,0.0015554428100585938,,,2.682496818685836e-07,,,Success
TwoStage_DL_HKSJ,Quadratic (Moderate Het)_k10,12,True,0.0014963150024414062,,,2.1242717733071245e-07,,,Success
TwoStage_DL_Normal,Quadratic (Moderate Het)_k10,12,True,0.0016138553619384766,,,2.1242717733071245e-07,,,Success
TwoStage_DL_HKSJ,Quadratic (Moderate Het)_k10,13,True,0.0015823841094970703,,,5.096093339162993e-07,,,Success
TwoStage_DL_Normal,Quadratic (Moderate Het)_k10,13,True,0.0024204254150390625,,,5.096093339162993e-07,,,Success
TwoStage_DL_HKSJ,Quadratic (Moderate Het)_k10,14,True,0.0014979839324951172,,,6.607192304463285e-07,,,Success
TwoStage_DL_Normal,Quadratic (Moderate Het)_k10,14,True,0.0016665458679199219,,,6.607192304463285e-07,,,Success
TwoStage_DL_HKSJ,Quadratic (Moderate Het)_k10,15,True,0.001523733139038086,,,6.102160504381592e-07,,,Success
TwoStage_DL_Normal,Quadratic (Moderate Het)_k10,15,True,0.0017886161804199219,,,6.102160504381592e-07,,,Success
TwoStage_DL_HKSJ,Quadratic (Moderate Het)_k10,16,True,0.001604318618774414,,,2.077988530036875e-07,,,Success
TwoStage_DL_Normal,Quadratic (Moderate Het)_k10,16,True,0.0015444755554199219,,,2.077988530036875e-07,,,Success
TwoStage_DL_HKSJ,Quadratic (Moderate Het)_k10,17,True,0.001489400863647461,,,3.4333572693073035e-07,,,Success
TwoStage_DL_Normal,Quadratic (Moderate Het)_k10,17,True,0.0018162727355957031,,,3.4333572693073035e-07,,,Success
TwoStage_DL_HKSJ,Quadratic (Moderate Het)_k10,18,True,0.0014693737030029297,,,2.448779120298181e-07,,,Success
TwoStage_DL_Normal,Quadratic (Moderate Het)_k10,18,True,0.001562356948852539,,,2.448779120298181e-07,,,Success
TwoStage_DL_HKSJ,Quadratic (Moderate Het)_k10,19,True,0.0015523433685302734,,,4.2135744995866127e-07,,,Success
TwoStage_DL_Normal,Quadratic (Moderate Het)_k10,19,True,0.001505136489868164,,,4.2135744995866127e-07,,,Success
TwoStage_DL_HKSJ,Quadratic (Moderate Het)_k10,20,True,0.001516103744506836,,,3.2683282770689527e-07,,,Success
TwoStage_DL_Normal,Quadratic (Moderate Het)_k10,20,True,0.0017290115356445312,,,3.2683282770689527e-07,,,Success
TwoStage_DL_HKSJ,Quadratic (Moderate Het)_k10,21,True,0.0016129016876220703,,,1.2303958862329862e-06,,,Success
TwoStage_DL_Normal,Quadratic (Moderate Het)_k10,21,True,0.0015301704406738281,,,1.2303958862329862e-06,,,Success
TwoStage_DL_HKSJ,Quadratic (Moderate Het)_k10,22,True,0.0018761157989501953,,,1.1819307606626763e-07,,,Success
TwoStage_DL_Normal,Quadratic (Moderate Het)_k10,22,True,0.0016026496887207031,,,1.1819307606626763e-07,,,Success
TwoStage_DL_HKSJ,Quadratic (Moderate Het)_k10,23,True,0.002008199691772461,,,3.5039870305464296e-07,,,Success
TwoStage_DL_Normal,Quadratic (Moderate Het)_k10,23,True,0.0014624595642089844,,,3.5039870305464296e-07,,,Success
TwoStage_DL_HKSJ,Quadratic (Moderate Het)_k10,24,True,0.0015206336975097656,,,3.93019371900494e-07,,,Success
TwoStage_DL_Normal,Quadratic (Moderate Het)_k10,24,True,0.0016307830810546875,,,3.93019371900494e-07,,,Success
TwoStage_DL_HKSJ,Quadratic (Moderate Het)_k10,25,True,0.00179290771484375,,,1.7771495683620892e-07,,,Success
TwoStage_DL_Normal,Quadratic (Moderate Het)_k10,25,True,0.0015974044799804688,,,1.7771495683620892e-07,,,Success
TwoStage_DL_HKSJ,Quadratic (Moderate Het)_k10,26,True,0.0018246173858642578,,,4.6636677424369933e-07,,,Success
TwoStage_DL_Normal,Quadratic (Moderate Het)_k10,26,True,0.0017271041870117188,,,4.6636677424369933e-07,,,Success
TwoStage_DL_HKSJ,Quadratic (Moderate Het)_k10,27,True,0.0016331672668457031,,,2.647818270240465e-07,,,Success
TwoStage_DL_Normal,Quadratic (Moderate Het)_k10,27,True,0.0018227100372314453,,,2.647818270240465e-07,,,Success
TwoStage_DL_HKSJ,Quadratic (Moderate Het)_k10,28,True,0.0018434524536132812,,,3.9544131205792037e-07,,,Success
TwoStage_DL_Normal,Quadratic (Moderate Het)_k10,28,True,0.0015485286712646484,,,3.9544131205792037e-07,,,Success
TwoStage_DL_HKSJ,Quadratic (Moderate Het)_k10,29,True,0.0016622543334960938,,,3.3699039507231994e-07,,,Success
TwoStage_DL_Normal,Quadratic (Moderate Het)_k10,29,True,0.0017387866973876953,,,3.3699039507231994e-07,,,Success
TwoStage_DL_HKSJ,Quadratic (Moderate Het)_k10,30,True,0.0016188621520996094,,,2.6725725886783595e-07,,,Success
TwoStage_DL_Normal,Quadratic (Moderate Het)_k10,30,True,0.002553224563598633,,,2.6725725886783595e-07,,,Success
TwoStage_DL_HKSJ,Quadratic (Moderate Het)_k10,31,True,0.0015916824340820312,,,6.055413385885442e-07,,,Success
TwoStage_DL_Normal,Quadratic (Moderate Het)_k10,31,True,0.0019783973693847656,,,6.055413385885442e-07,,,Success
TwoStage_DL_HKSJ,Quadratic (Moderate Het)_k10,32,True,0.001705169677734375,,,4.42906184009067e-07,,,Success
TwoStage_DL_Normal,Quadratic (Moderate Het)_k10,32,True,0.0016198158264160156,,,4.42906184009067e-07,,,Success
TwoStage_DL_HKSJ,Quadratic (Moderate Het)_k10,33,True,0.0016138553619384766,,,5.16338325218307e-07,,,Success
TwoStage_DL_Normal,Quadratic (Moderate Het)_k10,33,True,0.0019390583038330078,,,5.16338325218307e-07,,,Success
TwoStage_DL_HKSJ,Quadratic (Moderate Het)_k10,34,True,0.001627206802368164,,,8.605261405973198e-07,,,Success
TwoStage_DL_Normal,Quadratic (Moderate Het)_k10,34,True,0.0015807151794433594,,,8.605261405973198e-07,,,Success
TwoStage_DL_HKSJ,Quadratic (Moderate Het)_k10,35,True,0.0016162395477294922,,,4.1275558213578516e-07,,,Success
TwoStage_DL_Normal,Quadratic (Moderate Het)_k10,35,True,0.00173187255859375,,,4.1275558213578516e-07,,,Success
TwoStage_DL_HKSJ,Quadratic (Moderate Het)_k10,36,True,0.0016298294067382812,,,1.7923761924664504e-07,,,Success
TwoStage_DL_Normal,Quadratic (Moderate Het)_k10,36,True,0.0015749931335449219,,,1.7923761924664504e-07,,,Success
TwoStage_DL_HKSJ,Quadratic (Moderate Het)_k10,37,True,0.0015594959259033203,,,7.233231224789353e-07,,,Success
TwoStage_DL_Normal,Quadratic (Moderate Het)_k10,37,True,0.00165557861328125,,,7.233231224789353e-07,,,Success
TwoStage_DL_HKSJ,Quadratic (Moderate Het)_k10,38,True,0.0015339851379394531,,,3.2589495146992787e-07,,,Success
TwoStage_DL_Normal,Quadratic (Moderate Het)_k10,38,True,0.001836538314819336,,,3.2589495146992787e-07,,,Success
TwoStage_DL_HKSJ,Quadratic (Moderate Het)_k10,39,True,0.0016200542449951172,,,4.2291005440265453e-07,,,Success
TwoStage_DL_Normal,Quadratic (Moderate Het)_k10,39,True,0.0016732215881347656,,,4.2291005440265453e-07,,,Success
TwoStage_DL_HKSJ,Quadratic (Moderate Het)_k10,40,True,0.001581430435180664,,,1.2167448821251888e-07,,,Success
TwoStage_DL_Normal,Quadratic (Moderate Het)_k10,40,True,0.0017888545989990234,,,1.2167448821251888e-07,,,Success
TwoStage_DL_HKSJ,Quadratic (Moderate Het)_k10,41,True,0.0015690326690673828,,,4.942826559065414e-07,,,Success
TwoStage_DL_Normal,Quadratic (Moderate Het)_k10,41,True,0.0018689632415771484,,,4.942826559065414e-07,,,Success
TwoStage_DL_HKSJ,Quadratic (Moderate Het)_k10,42,True,0.0015306472778320312,,,4.4877475335447804e-07,,,Success
TwoStage_DL_Normal,Quadratic (Moderate Het)_k10,42,True,0.0018105506896972656,,,4.4877475335447804e-07,,,Success
TwoStage_DL_HKSJ,Quadratic (Moderate Het)_k10,43,True,0.0018734931945800781,,,2.6205902132242283e-07,,,Success
TwoStage_DL_Normal,Quadratic (Moderate Het)_k10,43,True,0.0016062259674072266,,,2.6205902132242283e-07,,,Success
TwoStage_DL_HKSJ,Quadratic (Moderate Het)_k10,44,True,0.00164031982421875,,,2.8904606323694436e-07,,,Success
TwoStage_DL_Normal,Quadratic (Moderate Het)_k10,44,True,0.0016858577728271484,,,2.8904606323694436e-07,,,Success
TwoStage_DL_HKSJ,Quadratic (Moderate Het)_k10,45,True,0.0017008781433105469,,,1.8904848363155644e-07,,,Success
TwoStage_DL_Normal,Quadratic (Moderate Het)_k10,45,True,0.0015385150909423828,,,1.8904848363155644e-07,,,Success
TwoStage_DL_HKSJ,Quadratic (Moderate Het)_k10,46,True,0.0016188621520996094,,,1.627870049959285e-07,,,Success
TwoStage_DL_Normal,Quadratic (Moderate Het)_k10,46,True,0.0018534660339355469,,,1.627870049959285e-07,,,Success
TwoStage_DL_HKSJ,Quadratic (Moderate Het)_k10,47,True,0.0015845298767089844,,,3.082437380965459e-07,,,Success
TwoStage_DL_Normal,Quadratic (Moderate Het)_k10,47,True,0.001683950424194336,,,3.082437380965459e-07,,,Success
TwoStage_DL_HKSJ,Quadratic (Moderate Het)_k10,48,True,0.001659393310546875,,,4.5404138133708104e-07,,,Success
TwoStage_DL_Normal,Quadratic (Moderate Het)_k10,48,True,0.0015232563018798828,,,4.5404138133708104e-07,,,Success
TwoStage_DL_HKSJ,Quadratic (Moderate Het)_k10,49,True,0.0015747547149658203,,,5.135180500370624e-07,,,Success
TwoStage_DL_Normal,Quadratic (Moderate Het)_k10,49,True,0.0016105175018310547,,,5.135180500370624e-07,,,Success
TwoStage_DL_HKSJ,Log (High Het)_k10,0,True,0.0019228458404541016,,,6.909141485130562e-07,,,Success
TwoStage_DL_Normal,Log (High Het)_k10,0,True,0.0014073848724365234,,,6.909141485130562e-07,,,Success
TwoStage_DL_HKSJ,Log (High Het)_k10,1,True,0.0015292167663574219,,,5.413476813305846e-07,,,Success
TwoStage_DL_Normal,Log (High Het)_k10,1,True,0.0017609596252441406,,,5.413476813305846e-07,,,Success
TwoStage_DL_HKSJ,Log (High Het)_k10,2,True,0.0016760826110839844,,,1.0319898386329996e-06,,,Success
TwoStage_DL_Normal,Log (High Het)_k10,2,True,0.0017502307891845703,,,1.0319898386329996e-06,,,Success
TwoStage_DL_HKSJ,Log (High Het)_k10,3,True,0.002293825149536133,,,7.749918352680484e-07,,,Success
TwoStage_DL_Normal,Log (High Het)_k10,3,True,0.0025055408477783203,,,7.749918352680484e-07,,,Success
TwoStage_DL_HKSJ,Log (High Het)_k10,4,True,0.001550436019897461,,,1.0256741322312662e-06,,,Success
TwoStage_DL_Normal,Log (High Het)_k10,4,True,0.0018086433410644531,,,1.0256741322312662e-06,,,Success
TwoStage_DL_HKSJ,Log (High Het)_k10,5,True,0.001695871353149414,,,8.688300385569417e-07,,,Success
TwoStage_DL_Normal,Log (High Het)_k10,5,True,0.0017399787902832031,,,8.688300385569417e-07,,,Success
TwoStage_DL_HKSJ,Log (High Het)_k10,6,True,0.0015454292297363281,,,4.155111922239427e-07,,,Success
TwoStage_DL_Normal,Log (High Het)_k10,6,True,0.0014996528625488281,,,4.155111922239427e-07,,,Success
TwoStage_DL_HKSJ,Log (High Het)_k10,7,True,0.001710653305053711,,,1.5222938599227826e-06,,,Success
TwoStage_DL_Normal,Log (High Het)_k10,7,True,0.0013575553894042969,,,1.5222938599227826e-06,,,Success
TwoStage_DL_HKSJ,Log (High Het)_k10,8,True,0.001474142074584961,,,2.4254828490071364e-07,,,Success
TwoStage_DL_Normal,Log (High Het)_k10,8,True,0.0016355514526367188,,,2.4254828490071364e-07,,,Success
TwoStage_DL_HKSJ,Log (High Het)_k10,9,True,0.0017251968383789062,,,9.108374860857326e-07,,,Success
TwoStage_DL_Normal,Log (High Het)_k10,9,True,0.0017821788787841797,,,9.108374860857326e-07,,,Success
TwoStage_DL_HKSJ,Log (High Het)_k10,10,True,0.0015676021575927734,,,1.0929538518245901e-06,,,Success
TwoStage_DL_Normal,Log (High Het)_k10,10,True,0.0016317367553710938,,,1.0929538518245901e-06,,,Success
TwoStage_DL_HKSJ,Log (High Het)_k10,11,True,0.002393007278442383,,,6.740896747387789e-07,,,Success
TwoStage_DL_Normal,Log (High Het)_k10,11,True,0.0018320083618164062,,,6.740896747387789e-07,,,Success
TwoStage_DL_HKSJ,Log (High Het)_k10,12,True,0.0017707347869873047,,,4.878885440037061e-07,,,Success
TwoStage_DL_Normal,Log (High Het)_k10,12,True,0.0023279190063476562,,,4.878885440037061e-07,,,Success
TwoStage_DL_HKSJ,Log (High Het)_k10,13,True,0.0019359588623046875,,,1.0933608486095868e-06,,,Success
TwoStage_DL_Normal,Log (High Het)_k10,13,True,0.0027379989624023438,,,1.0933608486095868e-06,,,Success
TwoStage_DL_HKSJ,Log (High Het)_k10,14,True,0.0017817020416259766,,,1.2003494795371455e-06,,,Success
TwoStage_DL_Normal,Log (High Het)_k10,14,True,0.0014986991882324219,,,1.2003494795371455e-06,,,Success
TwoStage_DL_HKSJ,Log (High Het)_k10,15,True,0.0015263557434082031,,,1.2684338832796399e-06,,,Success
TwoStage_DL_Normal,Log (High Het)_k10,15,True,0.0017147064208984375,,,1.2684338832796399e-06,,,Success
TwoStage_DL_HKSJ,Log (High Het)_k10,16,True,0.0015671253204345703,,,6.21486512920449e-07,,,Success
TwoStage_DL_Normal,Log (High Het)_k10,16,True,0.0016131401062011719,,,6.21486512920449e-07,,,Success
TwoStage_DL_HKSJ,Log (High Het)_k10,17,True,0.0014760494232177734,,,6.758500729041407e-07,,,Success
TwoStage_DL_Normal,Log (High Het)_k10,17,True,0.0018062591552734375,,,6.758500729041407e-07,,,Success
TwoStage_DL_HKSJ,Log (High Het)_k10,18,True,0.0015881061553955078,,,4.5408406238729477e-07,,,Success
TwoStage_DL_Normal,Log (High Het)_k10,18,True,0.0018854141235351562,,,4.5408406238729477e-07,,,Success
TwoStage_DL_HKSJ,Log (High Het)_k10,19,True,0.0015583038330078125,,,7.915202369929614e-07,,,Success
TwoStage_DL_Normal,Log (High Het)_k10,19,True,0.0014569759368896484,,,7.915202369929614e-07,,,Success
TwoStage_DL_HKSJ,Log (High Het)_k10,20,True,0.0020096302032470703,,,9.083200118012237e-07,,,Success
TwoStage_DL_Normal,Log (High Het)_k10,20,True,0.0014996528625488281,,,9.083200118012237e-07,,,Success
TwoStage_DL_HKSJ,Log (High Het)_k10,21,True,0.0015516281127929688,,,2.463500356060796e-06,,,Success
TwoStage_DL_Normal,Log (High Het)_k10,21,True,0.0017824172973632812,,,2.463500356060796e-06,,,Success
TwoStage_DL_HKSJ,Log (High Het)_k10,22,True,0.0015077590942382812,,,3.76777519044482e-07,,,Success
TwoStage_DL_Normal,Log (High Het)_k10,22,True,0.0018339157104492188,,,3.76777519044482e-07,,,Success
TwoStage_DL_HKSJ,Log (High Het)_k10,23,True,0.0016443729400634766,,,1.0546410563994687e-06,,,Success
TwoStage_DL_Normal,Log (High Het)_k10,23,True,0.0014834403991699219,,,1.0546410563994687e-06,,,Success
TwoStage_DL_HKSJ,Log (High Het)_k10,24,True,0.0020418167114257812,,,8.836076597772916e-07,,,Success
TwoStage_DL_Normal,Log (High Het)_k10,24,True,0.001420736312866211,,,8.836076597772916e-07,,,Success
TwoStage_DL_HKSJ,Log (High Het)_k10,25,True,0.0016181468963623047,,,3.3320439634585965e-07,,,Success
TwoStage_DL_Normal,Log (High Het)_k10,25,True,0.0018041133880615234,,,3.3320439634585965e-07,,,Success
TwoStage_DL_HKSJ,Log (High Het)_k10,26,True,0.001680135726928711,,,8.025183149782462e-07,,,Success
TwoStage_DL_Normal,Log (High Het)_k10,26,True,0.0017926692962646484,,,8.025183149782462e-07,,,Success
TwoStage_DL_HKSJ,Log (High Het)_k10,27,True,0.001710653305053711,,,6.969981925134939e-07,,,Success
TwoStage_DL_Normal,Log (High Het)_k10,27,True,0.0015501976013183594,,,6.969981925134939e-07,,,Success
TwoStage_DL_HKSJ,Log (High Het)_k10,28,True,0.0021004676818847656,,,8.950550734894964e-07,,,Success
TwoStage_DL_Normal,Log (High Het)_k10,28,True,0.0014197826385498047,,,8.950550734894964e-07,,,Success
TwoStage_DL_HKSJ,Log (High Het)_k10,29,True,0.0019664764404296875,,,6.489592831025806e-07,,,Success
TwoStage_DL_Normal,Log (High Het)_k10,29,True,0.0016503334045410156,,,6.489592831025806e-07,,,Success
TwoStage_DL_HKSJ,Log (High Het)_k10,30,True,0.0015454292297363281,,,6.586375760326431e-07,,,Success
TwoStage_DL_Normal,Log (High Het)_k10,30,True,0.0018377304077148438,,,6.586375760326431e-07,,,Success
TwoStage_DL_HKSJ,Log (High Het)_k10,31,True,0.0016009807586669922,,,1.198708816421451e-06,,,Success
TwoStage_DL_Normal,Log (High Het)_k10,31,True,0.0017063617706298828,,,1.198708816421451e-06,,,Success
TwoStage_DL_HKSJ,Log (High Het)_k10,32,True,0.0015325546264648438,,,1.163866242432125e-06,,,Success
TwoStage_DL_Normal,Log (High Het)_k10,32,True,0.0019311904907226562,,,1.163866242432125e-06,,,Success
TwoStage_DL_HKSJ,Log (High Het)_k10,33,True,0.002454042434692383,,,1.2454332749744517e-06,,,Success
TwoStage_DL_Normal,Log (High Het)_k10,33,True,0.0020513534545898438,,,1.2454332749744517e-06,,,Success
TwoStage_DL_HKSJ,Log (High Het)_k10,34,True,0.0022530555725097656,,,1.7976037885810794e-06,,,Success
TwoStage_DL_Normal,Log (High Het)_k10,34,True,0.0021560192108154297,,,1.7976037885810794e-06,,,Success
TwoStage_DL_HKSJ,Log (High Het)_k10,35,True,0.002035379409790039,,,1.2212432193865511e-06,,,Success
TwoStage_DL_Normal,Log (High Het)_k10,35,True,0.001438140869140625,,,1.2212432193865511e-06,,,Success
TwoStage_DL_HKSJ,Log (High Het)_k10,36,True,0.0015964508056640625,,,5.711559735056584e-07,,,Success
TwoStage_DL_Normal,Log (High Het)_k10,36,True,0.0017161369323730469,,,5.711559735056584e-07,,,Success
TwoStage_DL_HKSJ,Log (High Het)_k10,37,True,0.0014944076538085938,,,1.1624600760297693e-06,,,Success
TwoStage_DL_Normal,Log (High Het)_k10,37,True,0.0016188621520996094,,,1.1624600760297693e-06,,,Success
TwoStage_DL_HKSJ,Log (High Het)_k10,38,True,0.0018129348754882812,,,1.0942990100180842e-06,,,Success
TwoStage_DL_Normal,Log (High Het)_k10,38,True,0.0015256404876708984,,,1.0942990100180842e-06,,,Success
TwoStage_DL_HKSJ,Log (High Het)_k10,39,True,0.002062082290649414,,,1.037744782554068e-06,,,Success
TwoStage_DL_Normal,Log (High Het)_k10,39,True,0.0014238357543945312,,,1.037744782554068e-06,,,Success
TwoStage_DL_HKSJ,Log (High Het)_k10,40,True,0.0015246868133544922,,,4.35779740383875e-07,,,Success
TwoStage_DL_Normal,Log (High Het)_k10,40,True,0.001506805419921875,,,4.35779740383875e-07,,,Success
TwoStage_DL_HKSJ,Log (High Het)_k10,41,True,0.0015778541564941406,,,1.0805508014430794e-06,,,Success
TwoStage_DL_Normal,Log (High Het)_k10,41,True,0.001495361328125,,,1.0805508014430794e-06,,,Success
TwoStage_DL_HKSJ,Log (High Het)_k10,42,True,0.0018930435180664062,,,9.587020759780667e-07,,,Success
TwoStage_DL_Normal,Log (High Het)_k10,42,True,0.0015554428100585938,,,9.587020759780667e-07,,,Success
TwoStage_DL_HKSJ,Log (High Het)_k10,43,True,0.001554250717163086,,,7.706934361948084e-07,,,Success
TwoStage_DL_Normal,Log (High Het)_k10,43,True,0.0018768310546875,,,7.706934361948084e-07,,,Success
TwoStage_DL_HKSJ,Log (High Het)_k10,44,True,0.0015490055084228516,,,6.413743006780579e-07,,,Success
TwoStage_DL_Normal,Log (High Het)_k10,44,True,0.001546621322631836,,,6.413743006780579e-07,,,Success
TwoStage_DL_HKSJ,Log (High Het)_k10,45,True,0.0017464160919189453,,,4.186622170582094e-07,,,Success
TwoStage_DL_Normal,Log (High Het)_k10,45,True,0.0016124248504638672,,,4.186622170582094e-07,,,Success
TwoStage_DL_HKSJ,Log (High Het)_k10,46,True,0.001932382583618164,,,5.520060875356276e-07,,,Success
TwoStage_DL_Normal,Log (High Het)_k10,46,True,0.0016176700592041016,,,5.520060875356276e-07,,,Success
TwoStage_DL_HKSJ,Log (High Het)_k10,47,True,0.0019936561584472656,,,8.309111729463204e-07,,,Success
TwoStage_DL_Normal,Log (High Het)_k10,47,True,0.0014302730560302734,,,8.309111729463204e-07,,,Success
TwoStage_DL_HKSJ,Log (High Het)_k10,48,True,0.0014679431915283203,,,1.0777279551598014e-06,,,Success
TwoStage_DL_Normal,Log (High Het)_k10,48,True,0.001603841781616211,,,1.0777279551598014e-06,,,Success
TwoStage_DL_HKSJ,Log (High Het)_k10,49,True,0.0019230842590332031,,,1.1201969645760068e-06,,,Success
TwoStage_DL_Normal,Log (High Het)_k10,49,True,0.0015769004821777344,,,1.1201969645760068e-06,,,Success
TwoStage_DL_HKSJ,U-Shaped (Moderate Het)_k10,0,True,0.0016047954559326172,,,2.0587751259272413e-07,,,Success
TwoStage_DL_Normal,U-Shaped (Moderate Het)_k10,0,True,0.0016396045684814453,,,2.0587751259272413e-07,,,Success
TwoStage_DL_HKSJ,U-Shaped (Moderate Het)_k10,1,True,0.0017845630645751953,,,1.6440138990681328e-07,,,Success
TwoStage_DL_Normal,U-Shaped (Moderate Het)_k10,1,True,0.0015597343444824219,,,1.6440138990681328e-07,,,Success
TwoStage_DL_HKSJ,U-Shaped (Moderate Het)_k10,2,True,0.002030611038208008,,,3.588232381789254e-07,,,Success
TwoStage_DL_Normal,U-Shaped (Moderate Het)_k10,2,True,0.0014531612396240234,,,3.588232381789254e-07,,,Success
TwoStage_DL_HKSJ,U-Shaped (Moderate Het)_k10,3,True,0.0015285015106201172,,,4.0232697262910355e-07,,,Success
TwoStage_DL_Normal,U-Shaped (Moderate Het)_k10,3,True,0.0017423629760742188,,,4.0232697262910355e-07,,,Success
TwoStage_DL_HKSJ,U-Shaped (Moderate Het)_k10,4,True,0.0017383098602294922,,,4.704742297307185e-07,,,Success
TwoStage_DL_Normal,U-Shaped (Moderate Het)_k10,4,True,0.0014994144439697266,,,4.704742297307185e-07,,,Success
TwoStage_DL_HKSJ,U-Shaped (Moderate Het)_k10,5,True,0.001936197280883789,,,4.142909703026222e-07,,,Success
TwoStage_DL_Normal,U-Shaped (Moderate Het)_k10,5,True,0.002108335494995117,,,4.142909703026222e-07,,,Success
TwoStage_DL_HKSJ,U-Shaped (Moderate Het)_k10,6,True,0.0020287036895751953,,,1.3450810820245903e-07,,,Success
TwoStage_DL_Normal,U-Shaped (Moderate Het)_k10,6,True,0.0014872550964355469,,,1.3450810820245903e-07,,,Success
TwoStage_DL_HKSJ,U-Shaped (Moderate Het)_k10,7,True,0.0015149116516113281,,,8.648978931314086e-07,,,Success
TwoStage_DL_Normal,U-Shaped (Moderate Het)_k10,7,True,0.0017545223236083984,,,8.648978931314086e-07,,,Success
TwoStage_DL_HKSJ,U-Shaped (Moderate Het)_k10,8,True,0.0014655590057373047,,,1.2295980585573247e-07,,,Success
TwoStage_DL_Normal,U-Shaped (Moderate Het)_k10,8,True,0.0014712810516357422,,,1.2295980585573247e-07,,,Success
TwoStage_DL_HKSJ,U-Shaped (Moderate Het)_k10,9,True,0.0017366409301757812,,,4.967080965341714e-07,,,Success
TwoStage_DL_Normal,U-Shaped (Moderate Het)_k10,9,True,0.0015430450439453125,,,4.967080965341714e-07,,,Success
TwoStage_DL_HKSJ,U-Shaped (Moderate Het)_k10,10,True,0.0015347003936767578,,,4.96137755698712e-07,,,Success
TwoStage_DL_Normal,U-Shaped (Moderate Het)_k10,10,True,0.0016298294067382812,,,4.96137755698712e-07,,,Success
TwoStage_DL_HKSJ,U-Shaped (Moderate Het)_k10,11,True,0.0014846324920654297,,,2.677645085521707e-07,,,Success
TwoStage_DL_Normal,U-Shaped (Moderate Het)_k10,11,True,0.0017371177673339844,,,2.677645085521707e-07,,,Success
TwoStage_DL_HKSJ,U-Shaped (Moderate Het)_k10,12,True,0.001867055892944336,,,2.2187899545203918e-07,,,Success
TwoStage_DL_Normal,U-Shaped (Moderate Het)_k10,12,True,0.0014739036560058594,,,2.2187899545203918e-07,,,Success
TwoStage_DL_HKSJ,U-Shaped (Moderate Het)_k10,13,True,0.0017096996307373047,,,5.506388467072218e-07,,,Success
TwoStage_DL_Normal,U-Shaped (Moderate Het)_k10,13,True,0.0014984607696533203,,,5.506388467072218e-07,,,Success
TwoStage_DL_HKSJ,U-Shaped (Moderate Het)_k10,14,True,0.0015304088592529297,,,6.857814706420904e-07,,,Success
TwoStage_DL_Normal,U-Shaped (Moderate Het)_k10,14,True,0.0014567375183105469,,,6.857814706420904e-07,,,Success
TwoStage_DL_HKSJ,U-Shaped (Moderate Het)_k10,15,True,0.0018031597137451172,,,6.220282389857923e-07,,,Success
TwoStage_DL_Normal,U-Shaped (Moderate Het)_k10,15,True,0.001589059829711914,,,6.220282389857923e-07,,,Success
TwoStage_DL_HKSJ,U-Shaped (Moderate Het)_k10,16,True,0.0014545917510986328,,,2.190917162603191e-07,,,Success
TwoStage_DL_Normal,U-Shaped (Moderate Het)_k10,16,True,0.0018239021301269531,,,2.190917162603191e-07,,,Success
TwoStage_DL_HKSJ,U-Shaped (Moderate Het)_k10,17,True,0.001466989517211914,,,3.781299129420598e-07,,,Success
TwoStage_DL_Normal,U-Shaped (Moderate Het)_k10,17,True,0.0015323162078857422,,,3.781299129420598e-07,,,Success
TwoStage_DL_HKSJ,U-Shaped (Moderate Het)_k10,18,True,0.0015957355499267578,,,2.8473715118256443e-07,,,Success
TwoStage_DL_Normal,U-Shaped (Moderate Het)_k10,18,True,0.001669168472290039,,,2.8473715118256443e-07,,,Success
TwoStage_DL_HKSJ,U-Shaped (Moderate Het)_k10,19,True,0.0016193389892578125,,,4.4636934537482844e-07,,,Success
TwoStage_DL_Normal,U-Shaped (Moderate Het)_k10,19,True,0.0017125606536865234,,,4.4636934537482844e-07,,,Success
TwoStage_DL_HKSJ,U-Shaped (Moderate Het)_k10,20,True,0.002166748046875,,,3.3403801274405823e-07,,,Success
TwoStage_DL_Normal,U-Shaped (Moderate Het)_k10,20,True,0.0016636848449707031,,,3.3403801274405823e-07,,,Success
TwoStage_DL_HKSJ,U-Shaped (Moderate Het)_k10,21,True,0.0015702247619628906,,,1.2654839463461989e-06,,,Success
TwoStage_DL_Normal,U-Shaped (Moderate Het)_k10,21,True,0.0016851425170898438,,,1.2654839463461989e-06,,,Success
TwoStage_DL_HKSJ,U-Shaped (Moderate Het)_k10,22,True,0.0015652179718017578,,,1.0788856722459031e-07,,,Success
TwoStage_DL_Normal,U-Shaped (Moderate Het)_k10,22,True,0.001605987548828125,,,1.0788856722459031e-07,,,Success
TwoStage_DL_HKSJ,U-Shaped (Moderate Het)_k10,23,True,0.0016291141510009766,,,3.281307672776344e-07,,,Success
TwoStage_DL_Normal,U-Shaped (Moderate Het)_k10,23,True,0.001753091812133789,,,3.281307672776344e-07,,,Success
TwoStage_DL_HKSJ,U-Shaped (Moderate Het)_k10,24,True,0.0015251636505126953,,,4.001021646383302e-07,,,Success
TwoStage_DL_Normal,U-Shaped (Moderate Het)_k10,24,True,0.001756429672241211,,,4.001021646383302e-07,,,Success
TwoStage_DL_HKSJ,U-Shaped (Moderate Het)_k10,25,True,0.0015382766723632812,,,2.0788261734000124e-07,,,Success
TwoStage_DL_Normal,U-Shaped (Moderate Het)_k10,25,True,0.0018901824951171875,,,2.0788261734000124e-07,,,Success
TwoStage_DL_HKSJ,U-Shaped (Moderate Het)_k10,26,True,0.0015261173248291016,,,4.792886918640325e-07,,,Success
TwoStage_DL_Normal,U-Shaped (Moderate Het)_k10,26,True,0.0017273426055908203,,,4.792886918640325e-07,,,Success
TwoStage_DL_HKSJ,U-Shaped (Moderate Het)_k10,27,True,0.001491546630859375,,,2.676043346593057e-07,,,Success
TwoStage_DL_Normal,U-Shaped (Moderate Het)_k10,27,True,0.0019059181213378906,,,2.676043346593057e-07,,,Success
TwoStage_DL_HKSJ,U-Shaped (Moderate Het)_k10,28,True,0.0015616416931152344,,,3.9954148428220816e-07,,,Success
TwoStage_DL_Normal,U-Shaped (Moderate Het)_k10,28,True,0.001584768295288086,,,3.9954148428220816e-07,,,Success
TwoStage_DL_HKSJ,U-Shaped (Moderate Het)_k10,29,True,0.0023622512817382812,,,3.567423746461662e-07,,,Success
TwoStage_DL_Normal,U-Shaped (Moderate Het)_k10,29,True,0.0018358230590820312,,,3.567423746461662e-07,,,Success
TwoStage_DL_HKSJ,U-Shaped (Moderate Het)_k10,30,True,0.0015912055969238281,,,2.621558964398424e-07,,,Success
TwoStage_DL_Normal,U-Shaped (Moderate Het)_k10,30,True,0.0016217231750488281,,,2.621558964398424e-07,,,Success
TwoStage_DL_HKSJ,U-Shaped (Moderate Het)_k10,31,True,0.0014865398406982422,,,6.224092890267783e-07,,,Success
TwoStage_DL_Normal,U-Shaped (Moderate Het)_k10,31,True,0.0017781257629394531,,,6.224092890267783e-07,,,Success
TwoStage_DL_HKSJ,U-Shaped (Moderate Het)_k10,32,True,0.001596689224243164,,,4.2552254353064166e-07,,,Success
TwoStage_DL_Normal,U-Shaped (Moderate Het)_k10,32,True,0.0014696121215820312,,,4.2552254353064166e-07,,,Success
TwoStage_DL_HKSJ,U-Shaped (Moderate Het)_k10,33,True,0.0017940998077392578,,,5.081194968690734e-07,,,Success
TwoStage_DL_Normal,U-Shaped (Moderate Het)_k10,33,True,0.001552581787109375,,,5.081194968690734e-07,,,Success
TwoStage_DL_HKSJ,U-Shaped (Moderate Het)_k10,34,True,0.001768350601196289,,,8.592375380694608e-07,,,Success
TwoStage_DL_Normal,U-Shaped (Moderate Het)_k10,34,True,0.0017991065979003906,,,8.592375380694608e-07,,,Success
TwoStage_DL_HKSJ,U-Shaped (Moderate Het)_k10,35,True,0.0017452239990234375,,,3.796895914913967e-07,,,Success
TwoStage_DL_Normal,U-Shaped (Moderate Het)_k10,35,True,0.0016219615936279297,,,3.796895914913967e-07,,,Success
TwoStage_DL_HKSJ,U-Shaped (Moderate Het)_k10,36,True,0.002094268798828125,,,1.617530258653275e-07,,,Success
TwoStage_DL_Normal,U-Shaped (Moderate Het)_k10,36,True,0.0014109611511230469,,,1.617530258653275e-07,,,Success
TwoStage_DL_HKSJ,U-Shaped (Moderate Het)_k10,37,True,0.0015606880187988281,,,7.710531329121419e-07,,,Success
TwoStage_DL_Normal,U-Shaped (Moderate Het)_k10,37,True,0.0016620159149169922,,,7.710531329121419e-07,,,Success
TwoStage_DL_HKSJ,U-Shaped (Moderate Het)_k10,38,True,0.0015649795532226562,,,2.9302466238121325e-07,,,Success
TwoStage_DL_Normal,U-Shaped (Moderate Het)_k10,38,True,0.0015797615051269531,,,2.9302466238121325e-07,,,Success
TwoStage_DL_HKSJ,U-Shaped (Moderate Het)_k10,39,True,0.0015952587127685547,,,4.084490473856145e-07,,,Success
TwoStage_DL_Normal,U-Shaped (Moderate Het)_k10,39,True,0.0014758110046386719,,,4.084490473856145e-07,,,Success
TwoStage_DL_HKSJ,U-Shaped (Moderate Het)_k10,40,True,0.002004861831665039,,,1.206211551972518e-07,,,Success
TwoStage_DL_Normal,U-Shaped (Moderate Het)_k10,40,True,0.0017359256744384766,,,1.206211551972518e-07,,,Success
TwoStage_DL_HKSJ,U-Shaped (Moderate Het)_k10,41,True,0.0018496513366699219,,,4.896837427815951e-07,,,Success
TwoStage_DL_Normal,U-Shaped (Moderate Het)_k10,41,True,0.001619100570678711,,,4.896837427815951e-07,,,Success
TwoStage_DL_HKSJ,U-Shaped (Moderate Het)_k10,42,True,0.0018982887268066406,,,4.3716869965686323e-07,,,Success
TwoStage_DL_Normal,U-Shaped (Moderate Het)_k10,42,True,0.001508474349975586,,,4.3716869965686323e-07,,,Success
TwoStage_DL_HKSJ,U-Shaped (Moderate Het)_k10,43,True,0.0020973682403564453,,,2.652227597427835e-07,,,Success
TwoStage_DL_Normal,U-Shaped (Moderate Het)_k10,43,True,0.0014622211456298828,,,2.652227597427835e-07,,,Success
TwoStage_DL_HKSJ,U-Shaped (Moderate Het)_k10,44,True,0.0016112327575683594,,,2.9040602526637407e-07,,,Success
TwoStage_DL_Normal,U-Shaped (Moderate Het)_k10,44,True,0.0018606185913085938,,,2.9040602526637407e-07,,,Success
TwoStage_DL_HKSJ,U-Shaped (Moderate Het)_k10,45,True,0.0015611648559570312,,,2.2157877532402804e-07,,,Success
TwoStage_DL_Normal,U-Shaped (Moderate Het)_k10,45,True,0.001537322998046875,,,2.2157877532402804e-07,,,Success
TwoStage_DL_HKSJ,U-Shaped (Moderate Het)_k10,46,True,0.0015347003936767578,,,1.6144548627193672e-07,,,Success
TwoStage_DL_Normal,U-Shaped (Moderate Het)_k10,46,True,0.001420736312866211,,,1.6144548627193672e-07,,,Success
TwoStage_DL_HKSJ,U-Shaped (Moderate Het)_k10,47,True,0.0015423297882080078,,,2.9173282027545595e-07,,,Success
TwoStage_DL_Normal,U-Shaped (Moderate Het)_k10,47,True,0.00152587890625,,,2.9173282027545595e-07,,,Success
TwoStage_DL_HKSJ,U-Shaped (Moderate Het)_k10,48,True,0.0016705989837646484,,,4.5561334440224175e-07,,,Success
TwoStage_DL_Normal,U-Shaped (Moderate Het)_k10,48,True,0.0023174285888671875,,,4.5561334440224175e-07,,,Success
TwoStage_DL_HKSJ,U-Shaped (Moderate Het)_k10,49,True,0.0016598701477050781,,,5.270720717776763e-07,,,Success
TwoStage_DL_Normal,U-Shaped (Moderate Het)_k10,49,True,0.0017099380493164062,,,5.270720717776763e-07,,,Success
TwoStage_DL_HKSJ,Quadratic (Moderate Het)_k12,0,True,0.0018019676208496094,,,2.623052936217856e-07,,,Success
TwoStage_DL_Normal,Quadratic (Moderate Het)_k12,0,True,0.0019693374633789062,,,2.623052936217856e-07,,,Success
TwoStage_DL_HKSJ,Quadratic (Moderate Het)_k12,1,True,0.0017685890197753906,,,1.9385689093380164e-07,,,Success
TwoStage_DL_Normal,Quadratic (Moderate Het)_k12,1,True,0.0019533634185791016,,,1.9385689093380164e-07,,,Success
TwoStage_DL_HKSJ,Quadratic (Moderate Het)_k12,2,True,0.001773834228515625,,,3.9307422804883086e-07,,,Success
TwoStage_DL_Normal,Quadratic (Moderate Het)_k12,2,True,0.002081632614135742,,,3.9307422804883086e-07,,,Success
TwoStage_DL_HKSJ,Quadratic (Moderate Het)_k12,3,True,0.0017201900482177734,,,3.3464906572471757e-07,,,Success
TwoStage_DL_Normal,Quadratic (Moderate Het)_k12,3,True,0.0020842552185058594,,,3.3464906572471757e-07,,,Success
TwoStage_DL_HKSJ,Quadratic (Moderate Het)_k12,4,True,0.0018477439880371094,,,1.66803269182411e-07,,,Success
TwoStage_DL_Normal,Quadratic (Moderate Het)_k12,4,True,0.0021734237670898438,,,1.66803269182411e-07,,,Success
TwoStage_DL_HKSJ,Quadratic (Moderate Het)_k12,5,True,0.0017819404602050781,,,2.2943456059999392e-07,,,Success
TwoStage_DL_Normal,Quadratic (Moderate Het)_k12,5,True,0.0019855499267578125,,,2.2943456059999392e-07,,,Success
TwoStage_DL_HKSJ,Quadratic (Moderate Het)_k12,6,True,0.002031564712524414,,,2.8653845894635067e-07,,,Success
TwoStage_DL_Normal,Quadratic (Moderate Het)_k12,6,True,0.0018503665924072266,,,2.8653845894635067e-07,,,Success
TwoStage_DL_HKSJ,Quadratic (Moderate Het)_k12,7,True,0.002123594284057617,,,1.6590229288884975e-07,,,Success
TwoStage_DL_Normal,Quadratic (Moderate Het)_k12,7,True,0.0016751289367675781,,,1.6590229288884975e-07,,,Success
TwoStage_DL_HKSJ,Quadratic (Moderate Het)_k12,8,True,0.002012014389038086,,,2.2212711091388832e-07,,,Success
TwoStage_DL_Normal,Quadratic (Moderate Het)_k12,8,True,0.0016131401062011719,,,2.2212711091388832e-07,,,Success
TwoStage_DL_HKSJ,Quadratic (Moderate Het)_k12,9,True,0.0017514228820800781,,,2.6187887147910883e-07,,,Success
TwoStage_DL_Normal,Quadratic (Moderate Het)_k12,9,True,0.0020508766174316406,,,2.6187887147910883e-07,,,Success
TwoStage_DL_HKSJ,Quadratic (Moderate Het)_k12,10,True,0.0017464160919189453,,,7.445351363590554e-07,,,Success
TwoStage_DL_Normal,Quadratic (Moderate Het)_k12,10,True,0.0018718242645263672,,,7.445351363590554e-07,,,Success
TwoStage_DL_HKSJ,Quadratic (Moderate Het)_k12,11,True,0.0017428398132324219,,,3.6974301845641006e-07,,,Success
TwoStage_DL_Normal,Quadratic (Moderate Het)_k12,11,True,0.0021085739135742188,,,3.6974301845641006e-07,,,Success
TwoStage_DL_HKSJ,Quadratic (Moderate Het)_k12,12,True,0.0017561912536621094,,,3.285562984779728e-07,,,Success
TwoStage_DL_Normal,Quadratic (Moderate Het)_k12,12,True,0.001832723617553711,,,3.285562984779728e-07,,,Success
TwoStage_DL_HKSJ,Quadratic (Moderate Het)_k12,13,True,0.0019431114196777344,,,3.0130588848529837e-07,,,Success
TwoStage_DL_Normal,Quadratic (Moderate Het)_k12,13,True,0.0017611980438232422,,,3.0130588848529837e-07,,,Success
TwoStage_DL_HKSJ,Quadratic (Moderate Het)_k12,14,True,0.0023488998413085938,,,4.1262863542601944e-07,,,Success
TwoStage_DL_Normal,Quadratic (Moderate Het)_k12,14,True,0.0019156932830810547,,,4.1262863542601944e-07,,,Success
TwoStage_DL_HKSJ,Quadratic (Moderate Het)_k12,15,True,0.002523183822631836,,,1.885692473392734e-07,,,Success
TwoStage_DL_Normal,Quadratic (Moderate Het)_k12,15,True,0.003429889678955078,,,1.885692473392734e-07,,,Success
TwoStage_DL_HKSJ,Quadratic (Moderate Het)_k12,16,True,0.0018162727355957031,,,5.273482777348397e-07,,,Success
TwoStage_DL_Normal,Quadratic (Moderate Het)_k12,16,True,0.0018496513366699219,,,5.273482777348397e-07,,,Success
TwoStage_DL_HKSJ,Quadratic (Moderate Het)_k12,17,True,0.0017781257629394531,,,2.809351229354234e-07,,,Success
TwoStage_DL_Normal,Quadratic (Moderate Het)_k12,17,True,0.0019168853759765625,,,2.809351229354234e-07,,,Success
TwoStage_DL_HKSJ,Quadratic (Moderate Het)_k12,18,True,0.0021517276763916016,,,3.949603198353505e-07,,,Success
TwoStage_DL_Normal,Quadratic (Moderate Het)_k12,18,True,0.0018606185913085938,,,3.949603198353505e-07,,,Success
TwoStage_DL_HKSJ,Quadratic (Moderate Het)_k12,19,True,0.0017516613006591797,,,1.745968840405366e-07,,,Success
TwoStage_DL_Normal,Quadratic (Moderate Het)_k12,19,True,0.0020856857299804688,,,1.745968840405366e-07,,,Success
TwoStage_DL_HKSJ,Quadratic (Moderate Het)_k12,20,True,0.0017418861389160156,,,1.0850096355623557e-06,,,Success
TwoStage_DL_Normal,Quadratic (Moderate Het)_k12,20,True,0.00238800048828125,,,1.0850096355623557e-06,,,Success
TwoStage_DL_HKSJ,Quadratic (Moderate Het)_k12,21,True,0.002908945083618164,,,2.8389628079247704e-07,,,Success
TwoStage_DL_Normal,Quadratic (Moderate Het)_k12,21,True,0.0018146038055419922,,,2.8389628079247704e-07,,,Success
TwoStage_DL_HKSJ,Quadratic (Moderate Het)_k12,22,True,0.0018372535705566406,,,5.602075785031886e-07,,,Success
TwoStage_DL_Normal,Quadratic (Moderate Het)_k12,22,True,0.0021123886108398438,,,5.602075785031886e-07,,,Success
TwoStage_DL_HKSJ,Quadratic (Moderate Het)_k12,23,True,0.0017437934875488281,,,3.7253039020638953e-07,,,Success
TwoStage_DL_Normal,Quadratic (Moderate Het)_k12,23,True,0.002106904983520508,,,3.7253039020638953e-07,,,Success
TwoStage_DL_HKSJ,Quadratic (Moderate Het)_k12,24,True,0.0017285346984863281,,,4.4430622258232493e-07,,,Success
TwoStage_DL_Normal,Quadratic (Moderate Het)_k12,24,True,0.002224445343017578,,,4.4430622258232493e-07,,,Success
TwoStage_DL_HKSJ,Quadratic (Moderate Het)_k12,25,True,0.0018033981323242188,,,3.6731789611548513e-07,,,Success
TwoStage_DL_Normal,Quadratic (Moderate Het)_k12,25,True,0.0020165443420410156,,,3.6731789611548513e-07,,,Success
TwoStage_DL_HKSJ,Quadratic (Moderate Het)_k12,26,True,0.0016903877258300781,,,6.058300939670659e-07,,,Success
TwoStage_DL_Normal,Quadratic (Moderate Het)_k12,26,True,0.0019085407257080078,,,6.058300939670659e-07,,,Success
TwoStage_DL_HKSJ,Quadratic (Moderate Het)_k12,27,True,0.001985311508178711,,,3.605551897555509e-07,,,Success
TwoStage_DL_Normal,Quadratic (Moderate Het)_k12,27,True,0.0017940998077392578,,,3.605551897555509e-07,,,Success
TwoStage_DL_HKSJ,Quadratic (Moderate Het)_k12,28,True,0.0020503997802734375,,,3.8891364725428686e-07,,,Success
TwoStage_DL_Normal,Quadratic (Moderate Het)_k12,28,True,0.0018033981323242188,,,3.8891364725428686e-07,,,Success
TwoStage_DL_HKSJ,Quadratic (Moderate Het)_k12,29,True,0.0018033981323242188,,,4.3011695339786715e-07,,,Success
TwoStage_DL_Normal,Quadratic (Moderate Het)_k12,29,True,0.0022597312927246094,,,4.3011695339786715e-07,,,Success
TwoStage_DL_HKSJ,Quadratic (Moderate Het)_k12,30,True,0.0018684864044189453,,,3.761868725495407e-07,,,Success
TwoStage_DL_Normal,Quadratic (Moderate Het)_k12,30,True,0.001893758773803711,,,3.761868725495407e-07,,,Success
TwoStage_DL_HKSJ,Quadratic (Moderate Het)_k12,31,True,0.0019986629486083984,,,1.6906228228535952e-07,,,Success
TwoStage_DL_Normal,Quadratic (Moderate Het)_k12,31,True,0.0017833709716796875,,,1.6906228228535952e-07,,,Success
TwoStage_DL_HKSJ,Quadratic (Moderate Het)_k12,32,True,0.0022001266479492188,,,2.2714029013145756e-07,,,Success
TwoStage_DL_Normal,Quadratic (Moderate Het)_k12,32,True,0.001552581787109375,,,2.2714029013145756e-07,,,Success
TwoStage_DL_HKSJ,Quadratic (Moderate Het)_k12,33,True,0.001991748809814453,,,3.023922104040718e-07,,,Success
TwoStage_DL_Normal,Quadratic (Moderate Het)_k12,33,True,0.0018227100372314453,,,3.023922104040718e-07,,,Success
TwoStage_DL_HKSJ,Quadratic (Moderate Het)_k12,34,True,0.0021517276763916016,,,5.534721978311471e-07,,,Success
TwoStage_DL_Normal,Quadratic (Moderate Het)_k12,34,True,0.0018105506896972656,,,5.534721978311471e-07,,,Success
TwoStage_DL_HKSJ,Quadratic (Moderate Het)_k12,35,True,0.0022368431091308594,,,2.0464382039252745e-07,,,Success
TwoStage_DL_Normal,Quadratic (Moderate Het)_k12,35,True,0.001977682113647461,,,2.0464382039252745e-07,,,Success
TwoStage_DL_HKSJ,Quadratic (Moderate Het)_k12,36,True,0.001832723617553711,,,3.7550512011568536e-07,,,Success
TwoStage_DL_Normal,Quadratic (Moderate Het)_k12,36,True,0.0019729137420654297,,,3.7550512011568536e-07,,,Success
TwoStage_DL_HKSJ,Quadratic (Moderate Het)_k12,37,True,0.0018467903137207031,,,3.5298321328838675e-07,,,Success
TwoStage_DL_Normal,Quadratic (Moderate Het)_k12,37,True,0.001990795135498047,,,3.5298321328838675e-07,,,Success
TwoStage_DL_HKSJ,Quadratic (Moderate Het)_k12,38,True,0.0018651485443115234,,,1.5582336637274917e-07,,,Success
TwoStage_DL_Normal,Quadratic (Moderate Het)_k12,38,True,0.002031087875366211,,,1.5582336637274917e-07,,,Success
TwoStage_DL_HKSJ,Quadratic (Moderate Het)_k12,39,True,0.0019714832305908203,,,1.738995185824754e-07,,,Success
TwoStage_DL_Normal,Quadratic (Moderate Het)_k12,39,True,0.0020155906677246094,,,1.738995185824754e-07,,,Success
TwoStage_DL_HKSJ,Quadratic (Moderate Het)_k12,40,True,0.0017993450164794922,,,2.2760343658297852e-07,,,Success
TwoStage_DL_Normal,Quadratic (Moderate Het)_k12,40,True,0.0019478797912597656,,,2.2760343658297852e-07,,,Success
TwoStage_DL_HKSJ,Quadratic (Moderate Het)_k12,41,True,0.0016672611236572266,,,2.177323995577775e-07,,,Success
TwoStage_DL_Normal,Quadratic (Moderate Het)_k12,41,True,0.002086162567138672,,,2.177323995577775e-07,,,Success
TwoStage_DL_HKSJ,Quadratic (Moderate Het)_k12,42,True,0.001725912094116211,,,3.558806183790872e-07,,,Success
TwoStage_DL_Normal,Quadratic (Moderate Het)_k12,42,True,0.0018832683563232422,,,3.558806183790872e-07,,,Success
TwoStage_DL_HKSJ,Quadratic (Moderate Het)_k12,43,True,0.001735687255859375,,,1.7448789576081758e-07,,,Success
TwoStage_DL_Normal,Quadratic (Moderate Het)_k12,43,True,0.0017807483673095703,,,1.7448789576081758e-07,,,Success
TwoStage_DL_HKSJ,Quadratic (Moderate Het)_k12,44,True,0.0022726058959960938,,,2.791934271132753e-07,,,Success
TwoStage_DL_Normal,Quadratic (Moderate Het)_k12,44,True,0.0015840530395507812,,,2.791934271132753e-07,,,Success
TwoStage_DL_HKSJ,Quadratic (Moderate Het)_k12,45,True,0.0023691654205322266,,,2.0224887856812075e-07,,,Success
TwoStage_DL_Normal,Quadratic (Moderate Het)_k12,45,True,0.0016274452209472656,,,2.0224887856812075e-07,,,Success
TwoStage_DL_HKSJ,Quadratic (Moderate Het)_k12,46,True,0.0026395320892333984,,,5.285690027105106e-07,,,Success
TwoStage_DL_Normal,Quadratic (Moderate Het)_k12,46,True,0.0015866756439208984,,,5.285690027105106e-07,,,Success
TwoStage_DL_HKSJ,Quadratic (Moderate Het)_k12,47,True,0.0023458003997802734,,,1.123106251257169e-07,,,Success
TwoStage_DL_Normal,Quadratic (Moderate Het)_k12,47,True,0.0015561580657958984,,,1.123106251257169e-07,,,Success
TwoStage_DL_HKSJ,Quadratic (Moderate Het)_k12,48,True,0.00176239013671875,,,5.66844739084101e-07,,,Success
TwoStage_DL_Normal,Quadratic (Moderate Het)_k12,48,True,0.002113819122314453,,,5.66844739084101e-07,,,Success
TwoStage_DL_HKSJ,Quadratic (Moderate Het)_k12,49,True,0.0017764568328857422,,,3.472243782215238e-07,,,Success
TwoStage_DL_Normal,Quadratic (Moderate Het)_k12,49,True,0.0017709732055664062,,,3.472243782215238e-07,,,Success
TwoStage_DL_HKSJ,Log (High Het)_k12,0,True,0.0025625228881835938,,,6.70724625735714e-07,,,Success
TwoStage_DL_Normal,Log (High Het)_k12,0,True,0.002648591995239258,,,6.70724625735714e-07,,,Success
TwoStage_DL_HKSJ,Log (High Het)_k12,1,True,0.0027816295623779297,,,6.350201230073856e-07,,,Success
TwoStage_DL_Normal,Log (High Het)_k12,1,True,0.0029783248901367188,,,6.350201230073856e-07,,,Success
TwoStage_DL_HKSJ,Log (High Het)_k12,2,True,0.0017747879028320312,,,8.95836980907807e-07,,,Success
TwoStage_DL_Normal,Log (High Het)_k12,2,True,0.0019059181213378906,,,8.95836980907807e-07,,,Success
TwoStage_DL_HKSJ,Log (High Het)_k12,3,True,0.0022182464599609375,,,6.333123232042399e-07,,,Success
TwoStage_DL_Normal,Log (High Het)_k12,3,True,0.002239704132080078,,,6.333123232042399e-07,,,Success
TwoStage_DL_HKSJ,Log (High Het)_k12,4,True,0.001748800277709961,,,5.323142364894196e-07,,,Success
TwoStage_DL_Normal,Log (High Het)_k12,4,True,0.0018160343170166016,,,5.323142364894196e-07,,,Success
TwoStage_DL_HKSJ,Log (High Het)_k12,5,True,0.0018398761749267578,,,7.113871341412419e-07,,,Success
TwoStage_DL_Normal,Log (High Het)_k12,5,True,0.0016908645629882812,,,7.113871341412419e-07,,,Success
TwoStage_DL_HKSJ,Log (High Het)_k12,6,True,0.0021085739135742188,,,5.396542081332182e-07,,,Success
TwoStage_DL_Normal,Log (High Het)_k12,6,True,0.0018286705017089844,,,5.396542081332182e-07,,,Success
TwoStage_DL_HKSJ,Log (High Het)_k12,7,True,0.0021038055419921875,,,4.839092367717325e-07,,,Success
TwoStage_DL_Normal,Log (High Het)_k12,7,True,0.0018873214721679688,,,4.839092367717325e-07,,,Success
TwoStage_DL_HKSJ,Log (High Het)_k12,8,True,0.0022296905517578125,,,6.149729032154118e-07,,,Success
TwoStage_DL_Normal,Log (High Het)_k12,8,True,0.0015649795532226562,,,6.149729032154118e-07,,,Success
TwoStage_DL_HKSJ,Log (High Het)_k12,9,True,0.0020904541015625,,,5.587373980879871e-07,,,Success
TwoStage_DL_Normal,Log (High Het)_k12,9,True,0.0015873908996582031,,,5.587373980879871e-07,,,Success
TwoStage_DL_HKSJ,Log (High Het)_k12,10,True,0.0017142295837402344,,,1.3438642388540113e-06,,,Success
TwoStage_DL_Normal,Log (High Het)_k12,10,True,0.001985788345336914,,,1.3438642388540113e-06,,,Success
TwoStage_DL_HKSJ,Log (High Het)_k12,11,True,0.0016980171203613281,,,1.2934312489569103e-06,,,Success
TwoStage_DL_Normal,Log (High Het)_k12,11,True,0.002043485641479492,,,1.2934312489569103e-06,,,Success
TwoStage_DL_HKSJ,Log (High Het)_k12,12,True,0.0019533634185791016,,,1.1942368089727924e-06,,,Success
TwoStage_DL_Normal,Log (High Het)_k12,12,True,0.002108335494995117,,,1.1942368089727924e-06,,,Success
TwoStage_DL_HKSJ,Log (High Het)_k12,13,True,0.0018916130065917969,,,7.825728045576332e-07,,,Success
TwoStage_DL_Normal,Log (High Het)_k12,13,True,0.002184152603149414,,,7.825728045576332e-07,,,Success
TwoStage_DL_HKSJ,Log (High Het)_k12,14,True,0.002012968063354492,,,1.1359606232089162e-06,,,Success
TwoStage_DL_Normal,Log (High Het)_k12,14,True,0.0020906925201416016,,,1.1359606232089162e-06,,,Success
TwoStage_DL_HKSJ,Log (High Het)_k12,15,True,0.0017027854919433594,,,5.976236364365867e-07,,,Success
TwoStage_DL_Normal,Log (High Het)_k12,15,True,0.002149343490600586,,,5.976236364365867e-07,,,Success
TwoStage_DL_HKSJ,Log (High Het)_k12,16,True,0.0016770362854003906,,,9.13951530847771e-07,,,Success
TwoStage_DL_Normal,Log (High Het)_k12,16,True,0.0020627975463867188,,,9.13951530847771e-07,,,Success
TwoStage_DL_HKSJ,Log (High Het)_k12,17,True,0.0017254352569580078,,,8.214638226462663e-07,,,Success
TwoStage_DL_Normal,Log (High Het)_k12,17,True,0.001710653305053711,,,8.214638226462663e-07,,,Success
TwoStage_DL_HKSJ,Log (High Het)_k12,18,True,0.0017058849334716797,,,9.53747218108558e-07,,,Success
TwoStage_DL_Normal,Log (High Het)_k12,18,True,0.0017278194427490234,,,9.53747218108558e-07,,,Success
TwoStage_DL_HKSJ,Log (High Het)_k12,19,True,0.001783132553100586,,,4.874860043222305e-07,,,Success
TwoStage_DL_Normal,Log (High Het)_k12,19,True,0.002099275588989258,,,4.874860043222305e-07,,,Success
TwoStage_DL_HKSJ,Log (High Het)_k12,20,True,0.0016841888427734375,,,1.8586438131405328e-06,,,Success
TwoStage_DL_Normal,Log (High Het)_k12,20,True,0.002048015594482422,,,1.8586438131405328e-06,,,Success
TwoStage_DL_HKSJ,Log (High Het)_k12,21,True,0.0017423629760742188,,,6.176848331925529e-07,,,Success
TwoStage_DL_Normal,Log (High Het)_k12,21,True,0.0017576217651367188,,,6.176848331925529e-07,,,Success
TwoStage_DL_HKSJ,Log (High Het)_k12,22,True,0.0022819042205810547,,,1.2177422032429363e-06,,,Success
TwoStage_DL_Normal,Log (High Het)_k12,22,True,0.0018160343170166016,,,1.2177422032429363e-06,,,Success
TwoStage_DL_HKSJ,Log (High Het)_k12,23,True,0.0019631385803222656,,,8.961486583013432e-07,,,Success
TwoStage_DL_Normal,Log (High Het)_k12,23,True,0.0017104148864746094,,,8.961486583013432e-07,,,Success
TwoStage_DL_HKSJ,Log (High Het)_k12,24,True,0.0018270015716552734,,,8.686223736638814e-07,,,Success
TwoStage_DL_Normal,Log (High Het)_k12,24,True,0.0017862319946289062,,,8.686223736638814e-07,,,Success
TwoStage_DL_HKSJ,Log (High Het)_k12,25,True,0.001949310302734375,,,6.665183895009348e-07,,,Success
TwoStage_DL_Normal,Log (High Het)_k12,25,True,0.0018529891967773438,,,6.665183895009348e-07,,,Success
TwoStage_DL_HKSJ,Log (High Het)_k12,26,True,0.001851797103881836,,,1.4470446821727307e-06,,,Success
TwoStage_DL_Normal,Log (High Het)_k12,26,True,0.0017118453979492188,,,1.4470446821727307e-06,,,Success
TwoStage_DL_HKSJ,Log (High Het)_k12,27,True,0.0027382373809814453,,,7.771557405200366e-07,,,Success
TwoStage_DL_Normal,Log (High Het)_k12,27,True,0.0017375946044921875,,,7.771557405200366e-07,,,Success
TwoStage_DL_HKSJ,Log (High Het)_k12,28,True,0.0016853809356689453,,,9.79681638464111e-07,,,Success
TwoStage_DL_Normal,Log (High Het)_k12,28,True,0.0017619132995605469,,,9.79681638464111e-07,,,Success
TwoStage_DL_HKSJ,Log (High Het)_k12,29,True,0.002252340316772461,,,1.438484952045192e-06,,,Success
TwoStage_DL_Normal,Log (High Het)_k12,29,True,0.0016934871673583984,,,1.438484952045192e-06,,,Success
TwoStage_DL_HKSJ,Log (High Het)_k12,30,True,0.0023686885833740234,,,1.0248987924809313e-06,,,Success
TwoStage_DL_Normal,Log (High Het)_k12,30,True,0.0017414093017578125,,,1.0248987924809313e-06,,,Success
TwoStage_DL_HKSJ,Log (High Het)_k12,31,True,0.0019347667694091797,,,3.756131083704532e-07,,,Success
TwoStage_DL_Normal,Log (High Het)_k12,31,True,0.0018930435180664062,,,3.756131083704532e-07,,,Success
TwoStage_DL_HKSJ,Log (High Het)_k12,32,True,0.0017116069793701172,,,6.554380037775098e-07,,,Success
TwoStage_DL_Normal,Log (High Het)_k12,32,True,0.0022513866424560547,,,6.554380037775098e-07,,,Success
TwoStage_DL_HKSJ,Log (High Het)_k12,33,True,0.002120494842529297,,,6.530461625371618e-07,,,Success
TwoStage_DL_Normal,Log (High Het)_k12,33,True,0.002076864242553711,,,6.530461625371618e-07,,,Success
TwoStage_DL_HKSJ,Log (High Het)_k12,34,True,0.0017132759094238281,,,1.3163015241536071e-06,,,Success
TwoStage_DL_Normal,Log (High Het)_k12,34,True,0.0019643306732177734,,,1.3163015241536071e-06,,,Success
TwoStage_DL_HKSJ,Log (High Het)_k12,35,True,0.0021414756774902344,,,6.14472871405926e-07,,,Success
TwoStage_DL_Normal,Log (High Het)_k12,35,True,0.00174713134765625,,,6.14472871405926e-07,,,Success
TwoStage_DL_HKSJ,Log (High Het)_k12,36,True,0.0016896724700927734,,,8.592567745603102e-07,,,Success
TwoStage_DL_Normal,Log (High Het)_k12,36,True,0.0022308826446533203,,,8.592567745603102e-07,,,Success
TwoStage_DL_HKSJ,Log (High Het)_k12,37,True,0.002171754837036133,,,9.073484128060497e-07,,,Success
TwoStage_DL_Normal,Log (High Het)_k12,37,True,0.0030558109283447266,,,9.073484128060497e-07,,,Success
TwoStage_DL_HKSJ,Log (High Het)_k12,38,True,0.0018887519836425781,,,3.7731160432927583e-07,,,Success
TwoStage_DL_Normal,Log (High Het)_k12,38,True,0.002124309539794922,,,3.7731160432927583e-07,,,Success
TwoStage_DL_HKSJ,Log (High Het)_k12,39,True,0.001894235610961914,,,4.469625533262235e-07,,,Success
TwoStage_DL_Normal,Log (High Het)_k12,39,True,0.002162456512451172,,,4.469625533262235e-07,,,Success
TwoStage_DL_HKSJ,Log (High Het)_k12,40,True,0.0017085075378417969,,,6.8295359032816e-07,,,Success
TwoStage_DL_Normal,Log (High Het)_k12,40,True,0.0017118453979492188,,,6.8295359032816e-07,,,Success
TwoStage_DL_HKSJ,Log (High Het)_k12,41,True,0.0016922950744628906,,,3.9191238728823366e-07,,,Success
TwoStage_DL_Normal,Log (High Het)_k12,41,True,0.0017538070678710938,,,3.9191238728823366e-07,,,Success
TwoStage_DL_HKSJ,Log (High Het)_k12,42,True,0.001825571060180664,,,9.576481858756257e-07,,,Success
TwoStage_DL_Normal,Log (High Het)_k12,42,True,0.0021276473999023438,,,9.576481858756257e-07,,,Success
TwoStage_DL_HKSJ,Log (High Het)_k12,43,True,0.0017218589782714844,,,6.14346689355478e-07,,,Success
TwoStage_DL_Normal,Log (High Het)_k12,43,True,0.0017600059509277344,,,6.14346689355478e-07,,,Success
TwoStage_DL_HKSJ,Log (High Het)_k12,44,True,0.0019085407257080078,,,4.830911422101776e-07,,,Success
TwoStage_DL_Normal,Log (High Het)_k12,44,True,0.002191781997680664,,,4.830911422101776e-07,,,Success
TwoStage_DL_HKSJ,Log (High Het)_k12,45,True,0.0017354488372802734,,,4.700212276957783e-07,,,Success
TwoStage_DL_Normal,Log (High Het)_k12,45,True,0.0018372535705566406,,,4.700212276957783e-07,,,Success
TwoStage_DL_HKSJ,Log (High Het)_k12,46,True,0.0019102096557617188,,,1.0972391363904006e-06,,,Success
TwoStage_DL_Normal,Log (High Het)_k12,46,True,0.0018007755279541016,,,1.0972391363904006e-06,,,Success
TwoStage_DL_HKSJ,Log (High Het)_k12,47,True,0.002658843994140625,,,3.676734538109936e-07,,,Success
TwoStage_DL_Normal,Log (High Het)_k12,47,True,0.0017955303192138672,,,3.676734538109936e-07,,,Success
TwoStage_DL_HKSJ,Log (High Het)_k12,48,True,0.0017077922821044922,,,1.4301211122675616e-06,,,Success
TwoStage_DL_Normal,Log (High Het)_k12,48,True,0.0022072792053222656,,,1.4301211122675616e-06,,,Success
TwoStage_DL_HKSJ,Log (High Het)_k12,49,True,0.0019903182983398438,,,8.025506162475906e-07,,,Success
TwoStage_DL_Normal,Log (High Het)_k12,49,True,0.002147197723388672,,,8.025506162475906e-07,,,Success
TwoStage_DL_HKSJ,U-Shaped (Moderate Het)_k12,0,True,0.0032601356506347656,,,2.71269479116248e-07,,,Success
TwoStage_DL_Normal,U-Shaped (Moderate Het)_k12,0,True,0.0020728111267089844,,,2.71269479116248e-07,,,Success
TwoStage_DL_HKSJ,U-Shaped (Moderate Het)_k12,1,True,0.0017120838165283203,,,2.043887755427142e-07,,,Success
TwoStage_DL_Normal,U-Shaped (Moderate Het)_k12,1,True,0.0017251968383789062,,,2.043887755427142e-07,,,Success
TwoStage_DL_HKSJ,U-Shaped (Moderate Het)_k12,2,True,0.0020732879638671875,,,3.925972150410349e-07,,,Success
TwoStage_DL_Normal,U-Shaped (Moderate Het)_k12,2,True,0.0017614364624023438,,,3.925972150410349e-07,,,Success
TwoStage_DL_HKSJ,U-Shaped (Moderate Het)_k12,3,True,0.002046346664428711,,,3.740209720828254e-07,,,Success
TwoStage_DL_Normal,U-Shaped (Moderate Het)_k12,3,True,0.0017788410186767578,,,3.740209720828254e-07,,,Success
TwoStage_DL_HKSJ,U-Shaped (Moderate Het)_k12,4,True,0.0021033287048339844,,,1.7831885250206056e-07,,,Success
TwoStage_DL_Normal,U-Shaped (Moderate Het)_k12,4,True,0.0018985271453857422,,,1.7831885250206056e-07,,,Success
TwoStage_DL_HKSJ,U-Shaped (Moderate Het)_k12,5,True,0.0026764869689941406,,,2.3080466991553864e-07,,,Success
TwoStage_DL_Normal,U-Shaped (Moderate Het)_k12,5,True,0.002521514892578125,,,2.3080466991553864e-07,,,Success
TwoStage_DL_HKSJ,U-Shaped (Moderate Het)_k12,6,True,0.0020995140075683594,,,3.1861681509858163e-07,,,Success
TwoStage_DL_Normal,U-Shaped (Moderate Het)_k12,6,True,0.001737833023071289,,,3.1861681509858163e-07,,,Success
TwoStage_DL_HKSJ,U-Shaped (Moderate Het)_k12,7,True,0.0021677017211914062,,,1.7585795115130679e-07,,,Success
TwoStage_DL_Normal,U-Shaped (Moderate Het)_k12,7,True,0.0018763542175292969,,,1.7585795115130679e-07,,,Success
TwoStage_DL_HKSJ,U-Shaped (Moderate Het)_k12,8,True,0.001992940902709961,,,2.1470721966331364e-07,,,Success
TwoStage_DL_Normal,U-Shaped (Moderate Het)_k12,8,True,0.0017940998077392578,,,2.1470721966331364e-07,,,Success
TwoStage_DL_HKSJ,U-Shaped (Moderate Het)_k12,9,True,0.0019178390502929688,,,2.7416428914113e-07,,,Success
TwoStage_DL_Normal,U-Shaped (Moderate Het)_k12,9,True,0.001924753189086914,,,2.7416428914113e-07,,,Success
TwoStage_DL_HKSJ,U-Shaped (Moderate Het)_k12,10,True,0.0019021034240722656,,,7.91368115699679e-07,,,Success
TwoStage_DL_Normal,U-Shaped (Moderate Het)_k12,10,True,0.0021295547485351562,,,7.91368115699679e-07,,,Success
TwoStage_DL_HKSJ,U-Shaped (Moderate Het)_k12,11,True,0.001880645751953125,,,3.5456169920994176e-07,,,Success
TwoStage_DL_Normal,U-Shaped (Moderate Het)_k12,11,True,0.002197742462158203,,,3.5456169920994176e-07,,,Success
TwoStage_DL_HKSJ,U-Shaped (Moderate Het)_k12,12,True,0.0018241405487060547,,,2.9470821255528764e-07,,,Success
TwoStage_DL_Normal,U-Shaped (Moderate Het)_k12,12,True,0.0023865699768066406,,,2.9470821255528764e-07,,,Success
TwoStage_DL_HKSJ,U-Shaped (Moderate Het)_k12,13,True,0.002039194107055664,,,2.9528615121722817e-07,,,Success
TwoStage_DL_Normal,U-Shaped (Moderate Het)_k12,13,True,0.002368927001953125,,,2.9528615121722817e-07,,,Success
TwoStage_DL_HKSJ,U-Shaped (Moderate Het)_k12,14,True,0.0018458366394042969,,,3.861781055089997e-07,,,Success
TwoStage_DL_Normal,U-Shaped (Moderate Het)_k12,14,True,0.0022928714752197266,,,3.861781055089997e-07,,,Success
TwoStage_DL_HKSJ,U-Shaped (Moderate Het)_k12,15,True,0.0018055438995361328,,,1.9239177604452418e-07,,,Success
TwoStage_DL_Normal,U-Shaped (Moderate Het)_k12,15,True,0.001980304718017578,,,1.9239177604452418e-07,,,Success
TwoStage_DL_HKSJ,U-Shaped (Moderate Het)_k12,16,True,0.0018436908721923828,,,5.795835629442269e-07,,,Success
TwoStage_DL_Normal,U-Shaped (Moderate Het)_k12,16,True,0.0022699832916259766,,,5.795835629442269e-07,,,Success
TwoStage_DL_HKSJ,U-Shaped (Moderate Het)_k12,17,True,0.0018258094787597656,,,2.4805293258133147e-07,,,Success
TwoStage_DL_Normal,U-Shaped (Moderate Het)_k12,17,True,0.001955747604370117,,,2.4805293258133147e-07,,,Success
TwoStage_DL_HKSJ,U-Shaped (Moderate Het)_k12,18,True,0.0018815994262695312,,,3.983475835158517e-07,,,Success
TwoStage_DL_Normal,U-Shaped (Moderate Het)_k12,18,True,0.002532482147216797,,,3.983475835158517e-07,,,Success
TwoStage_DL_HKSJ,U-Shaped (Moderate Het)_k12,19,True,0.001859426498413086,,,1.7612329998699952e-07,,,Success
TwoStage_DL_Normal,U-Shaped (Moderate Het)_k12,19,True,0.0020029544830322266,,,1.7612329998699952e-07,,,Success
TwoStage_DL_HKSJ,U-Shaped (Moderate Het)_k12,20,True,0.0019631385803222656,,,1.1249194013900656e-06,,,Success
TwoStage_DL_Normal,U-Shaped (Moderate Het)_k12,20,True,0.0019788742065429688,,,1.1249194013900656e-06,,,Success
TwoStage_DL_HKSJ,U-Shaped (Moderate Het)_k12,21,True,0.002205371856689453,,,3.0278036853352247e-07,,,Success
TwoStage_DL_Normal,U-Shaped (Moderate Het)_k12,21,True,0.001898050308227539,,,3.0278036853352247e-07,,,Success
TwoStage_DL_HKSJ,U-Shaped (Moderate Het)_k12,22,True,0.00186920166015625,,,5.689995695336512e-07,,,Success
TwoStage_DL_Normal,U-Shaped (Moderate Het)_k12,22,True,0.0023796558380126953,,,5.689995695336512e-07,,,Success
TwoStage_DL_HKSJ,U-Shaped (Moderate Het)_k12,23,True,0.00193023681640625,,,3.6406264766359945e-07,,,Success
TwoStage_DL_Normal,U-Shaped (Moderate Het)_k12,23,True,0.0020661354064941406,,,3.6406264766359945e-07,,,Success
TwoStage_DL_HKSJ,U-Shaped (Moderate Het)_k12,24,True,0.001796722412109375,,,4.618918081132498e-07,,,Success
TwoStage_DL_Normal,U-Shaped (Moderate Het)_k12,24,True,0.0022819042205810547,,,4.618918081132498e-07,,,Success
TwoStage_DL_HKSJ,U-Shaped (Moderate Het)_k12,25,True,0.0019116401672363281,,,4.112145340723855e-07,,,Success
TwoStage_DL_Normal,U-Shaped (Moderate Het)_k12,25,True,0.002012968063354492,,,4.112145340723855e-07,,,Success
TwoStage_DL_HKSJ,U-Shaped (Moderate Het)_k12,26,True,0.0018169879913330078,,,6.034252735863478e-07,,,Success
TwoStage_DL_Normal,U-Shaped (Moderate Het)_k12,26,True,0.0017707347869873047,,,6.034252735863478e-07,,,Success
TwoStage_DL_HKSJ,U-Shaped (Moderate Het)_k12,27,True,0.0020580291748046875,,,3.594627049408098e-07,,,Success
TwoStage_DL_Normal,U-Shaped (Moderate Het)_k12,27,True,0.002245187759399414,,,3.594627049408098e-07,,,Success
TwoStage_DL_HKSJ,U-Shaped (Moderate Het)_k12,28,True,0.0021944046020507812,,,3.8779266166426746e-07,,,Success
TwoStage_DL_Normal,U-Shaped (Moderate Het)_k12,28,True,0.0019872188568115234,,,3.8779266166426746e-07,,,Success
TwoStage_DL_HKSJ,U-Shaped (Moderate Het)_k12,29,True,0.002479076385498047,,,3.7997827321478985e-07,,,Success
TwoStage_DL_Normal,U-Shaped (Moderate Het)_k12,29,True,0.0023958683013916016,,,3.7997827321478985e-07,,,Success
TwoStage_DL_HKSJ,U-Shaped (Moderate Het)_k12,30,True,0.002204418182373047,,,3.553818402917136e-07,,,Success
TwoStage_DL_Normal,U-Shaped (Moderate Het)_k12,30,True,0.0018355846405029297,,,3.553818402917136e-07,,,Success
TwoStage_DL_HKSJ,U-Shaped (Moderate Het)_k12,31,True,0.0017714500427246094,,,1.7718266562879553e-07,,,Success
TwoStage_DL_Normal,U-Shaped (Moderate Het)_k12,31,True,0.0021240711212158203,,,1.7718266562879553e-07,,,Success
TwoStage_DL_HKSJ,U-Shaped (Moderate Het)_k12,32,True,0.0017619132995605469,,,2.1526517992166428e-07,,,Success
TwoStage_DL_Normal,U-Shaped (Moderate Het)_k12,32,True,0.0017652511596679688,,,2.1526517992166428e-07,,,Success
TwoStage_DL_HKSJ,U-Shaped (Moderate Het)_k12,33,True,0.0017862319946289062,,,3.20779827370344e-07,,,Success
TwoStage_DL_Normal,U-Shaped (Moderate Het)_k12,33,True,0.0019729137420654297,,,3.20779827370344e-07,,,Success
TwoStage_DL_HKSJ,U-Shaped (Moderate Het)_k12,34,True,0.0017547607421875,,,5.299910859972299e-07,,,Success
TwoStage_DL_Normal,U-Shaped (Moderate Het)_k12,34,True,0.0017819404602050781,,,5.299910859972299e-07,,,Success
TwoStage_DL_HKSJ,U-Shaped (Moderate Het)_k12,35,True,0.0020599365234375,,,1.8324023497079147e-07,,,Success
TwoStage_DL_Normal,U-Shaped (Moderate Het)_k12,35,True,0.0015263557434082031,,,1.8324023497079147e-07,,,Success
TwoStage_DL_HKSJ,U-Shaped (Moderate Het)_k12,36,True,0.0016982555389404297,,,3.8794056098793644e-07,,,Success
TwoStage_DL_Normal,U-Shaped (Moderate Het)_k12,36,True,0.0020570755004882812,,,3.8794056098793644e-07,,,Success
TwoStage_DL_HKSJ,U-Shaped (Moderate Het)_k12,37,True,0.0017199516296386719,,,3.3508817570894944e-07,,,Success
TwoStage_DL_Normal,U-Shaped (Moderate Het)_k12,37,True,0.002073049545288086,,,3.3508817570894944e-07,,,Success
TwoStage_DL_HKSJ,U-Shaped (Moderate Het)_k12,38,True,0.0017104148864746094,,,1.69326601001083e-07,,,Success
TwoStage_DL_Normal,U-Shaped (Moderate Het)_k12,38,True,0.0018527507781982422,,,1.69326601001083e-07,,,Success
TwoStage_DL_HKSJ,U-Shaped (Moderate Het)_k12,39,True,0.0019307136535644531,,,1.8905870062830122e-07,,,Success
TwoStage_DL_Normal,U-Shaped (Moderate Het)_k12,39,True,0.002918243408203125,,,1.8905870062830122e-07,,,Success
TwoStage_DL_HKSJ,U-Shaped (Moderate Het)_k12,40,True,0.00217437744140625,,,2.3013827229363774e-07,,,Success
TwoStage_DL_Normal,U-Shaped (Moderate Het)_k12,40,True,0.002557516098022461,,,2.3013827229363774e-07,,,Success
TwoStage_DL_HKSJ,U-Shaped (Moderate Het)_k12,41,True,0.0017189979553222656,,,2.3318565304173415e-07,,,Success
TwoStage_DL_Normal,U-Shaped (Moderate Het)_k12,41,True,0.0023560523986816406,,,2.3318565304173415e-07,,,Success
TwoStage_DL_HKSJ,U-Shaped (Moderate Het)_k12,42,True,0.0017940998077392578,,,3.397889239562365e-07,,,Success
TwoStage_DL_Normal,U-Shaped (Moderate Het)_k12,42,True,0.002050161361694336,,,3.397889239562365e-07,,,Success
TwoStage_DL_HKSJ,U-Shaped (Moderate Het)_k12,43,True,0.0018396377563476562,,,1.7054675916471143e-07,,,Success
TwoStage_DL_Normal,U-Shaped (Moderate Het)_k12,43,True,0.0017840862274169922,,,1.7054675916471143e-07,,,Success
TwoStage_DL_HKSJ,U-Shaped (Moderate Het)_k12,44,True,0.0019028186798095703,,,2.9922306674999215e-07,,,Success
TwoStage_DL_Normal,U-Shaped (Moderate Het)_k12,44,True,0.0016932487487792969,,,2.9922306674999215e-07,,,Success
TwoStage_DL_HKSJ,U-Shaped (Moderate Het)_k12,45,True,0.0020020008087158203,,,2.0834345811784827e-07,,,Success
TwoStage_DL_Normal,U-Shaped (Moderate Het)_k12,45,True,0.001537322998046875,,,2.0834345811784827e-07,,,Success
TwoStage_DL_HKSJ,U-Shaped (Moderate Het)_k12,46,True,0.001779794692993164,,,5.204283004952309e-07,,,Success
TwoStage_DL_Normal,U-Shaped (Moderate Het)_k12,46,True,0.0016803741455078125,,,5.204283004952309e-07,,,Success
TwoStage_DL_HKSJ,U-Shaped (Moderate Het)_k12,47,True,0.0028226375579833984,,,1.1638248966914707e-07,,,Success
TwoStage_DL_Normal,U-Shaped (Moderate Het)_k12,47,True,0.0021855831146240234,,,1.1638248966914707e-07,,,Success
TwoStage_DL_HKSJ,U-Shaped (Moderate Het)_k12,48,True,0.0024843215942382812,,,5.495183536438614e-07,,,Success
TwoStage_DL_Normal,U-Shaped (Moderate Het)_k12,48,True,0.0027256011962890625,,,5.495183536438614e-07,,,Success
TwoStage_DL_HKSJ,U-Shaped (Moderate Het)_k12,49,True,0.0017476081848144531,,,3.5802115581082116e-07,,,Success
TwoStage_DL_Normal,U-Shaped (Moderate Het)_k12,49,True,0.0018129348754882812,,,3.5802115581082116e-07,,,Success
TwoStage_DL_HKSJ,Quadratic (Moderate Het)_k15,0,True,0.0021834373474121094,,,5.089544022138263e-07,,,Success
TwoStage_DL_Normal,Quadratic (Moderate Het)_k15,0,True,0.002652406692504883,,,5.089544022138263e-07,,,Success
TwoStage_DL_HKSJ,Quadratic (Moderate Het)_k15,1,True,0.002167940139770508,,,7.023530380976951e-07,,,Success
TwoStage_DL_Normal,Quadratic (Moderate Het)_k15,1,True,0.0023033618927001953,,,7.023530380976951e-07,,,Success
TwoStage_DL_HKSJ,Quadratic (Moderate Het)_k15,2,True,0.002113819122314453,,,3.365630424692368e-07,,,Success
TwoStage_DL_Normal,Quadratic (Moderate Het)_k15,2,True,0.002419710159301758,,,3.365630424692368e-07,,,Success
TwoStage_DL_HKSJ,Quadratic (Moderate Het)_k15,3,True,0.0021080970764160156,,,2.800085601859708e-07,,,Success
TwoStage_DL_Normal,Quadratic (Moderate Het)_k15,3,True,0.0021364688873291016,,,2.800085601859708e-07,,,Success
TwoStage_DL_HKSJ,Quadratic (Moderate Het)_k15,4,True,0.002350330352783203,,,2.860388361339675e-07,,,Success
TwoStage_DL_Normal,Quadratic (Moderate Het)_k15,4,True,0.0030090808868408203,,,2.860388361339675e-07,,,Success
TwoStage_DL_HKSJ,Quadratic (Moderate Het)_k15,5,True,0.0020461082458496094,,,2.3555802985169785e-07,,,Success
TwoStage_DL_Normal,Quadratic (Moderate Het)_k15,5,True,0.00214385986328125,,,2.3555802985169785e-07,,,Success
TwoStage_DL_HKSJ,Quadratic (Moderate Het)_k15,6,True,0.0024738311767578125,,,3.1167354623034795e-07,,,Success
TwoStage_DL_Normal,Quadratic (Moderate Het)_k15,6,True,0.0021228790283203125,,,3.1167354623034795e-07,,,Success
TwoStage_DL_HKSJ,Quadratic (Moderate Het)_k15,7,True,0.0023996829986572266,,,3.147732455299405e-07,,,Success
TwoStage_DL_Normal,Quadratic (Moderate Het)_k15,7,True,0.0022230148315429688,,,3.147732455299405e-07,,,Success
TwoStage_DL_HKSJ,Quadratic (Moderate Het)_k15,8,True,0.0022399425506591797,,,2.664682779662312e-07,,,Success
TwoStage_DL_Normal,Quadratic (Moderate Het)_k15,8,True,0.002214193344116211,,,2.664682779662312e-07,,,Success
TwoStage_DL_HKSJ,Quadratic (Moderate Het)_k15,9,True,0.002167224884033203,,,2.554933323255425e-07,,,Success
TwoStage_DL_Normal,Quadratic (Moderate Het)_k15,9,True,0.002340078353881836,,,2.554933323255425e-07,,,Success
TwoStage_DL_HKSJ,Quadratic (Moderate Het)_k15,10,True,0.002299785614013672,,,2.4020207359611457e-07,,,Success
TwoStage_DL_Normal,Quadratic (Moderate Het)_k15,10,True,0.002244710922241211,,,2.4020207359611457e-07,,,Success
TwoStage_DL_HKSJ,Quadratic (Moderate Het)_k15,11,True,0.002654552459716797,,,4.823914672917051e-07,,,Success
TwoStage_DL_Normal,Quadratic (Moderate Het)_k15,11,True,0.002670764923095703,,,4.823914672917051e-07,,,Success
TwoStage_DL_HKSJ,Quadratic (Moderate Het)_k15,12,True,0.002407073974609375,,,5.495392494908455e-07,,,Success
TwoStage_DL_Normal,Quadratic (Moderate Het)_k15,12,True,0.0020956993103027344,,,5.495392494908455e-07,,,Success
TwoStage_DL_HKSJ,Quadratic (Moderate Het)_k15,13,True,0.002147197723388672,,,2.3731427750050439e-07,,,Success
TwoStage_DL_Normal,Quadratic (Moderate Het)_k15,13,True,0.0021202564239501953,,,2.3731427750050439e-07,,,Success
TwoStage_DL_HKSJ,Quadratic (Moderate Het)_k15,14,True,0.002199411392211914,,,5.892227451282879e-07,,,Success
TwoStage_DL_Normal,Quadratic (Moderate Het)_k15,14,True,0.0024318695068359375,,,5.892227451282879e-07,,,Success
TwoStage_DL_HKSJ,Quadratic (Moderate Het)_k15,15,True,0.00223541259765625,,,4.980185592604316e-07,,,Success
TwoStage_DL_Normal,Quadratic (Moderate Het)_k15,15,True,0.002857208251953125,,,4.980185592604316e-07,,,Success
TwoStage_DL_HKSJ,Quadratic (Moderate Het)_k15,16,True,0.0021643638610839844,,,5.389239099108534e-07,,,Success
TwoStage_DL_Normal,Quadratic (Moderate Het)_k15,16,True,0.0020041465759277344,,,5.389239099108534e-07,,,Success
TwoStage_DL_HKSJ,Quadratic (Moderate Het)_k15,17,True,0.002335071563720703,,,2.0517551675836173e-07,,,Success
TwoStage_DL_Normal,Quadratic (Moderate Het)_k15,17,True,0.0025000572204589844,,,2.0517551675836173e-07,,,Success
TwoStage_DL_HKSJ,Quadratic (Moderate Het)_k15,18,True,0.0029418468475341797,,,2.427193244300023e-07,,,Success
TwoStage_DL_Normal,Quadratic (Moderate Het)_k15,18,True,0.002045154571533203,,,2.427193244300023e-07,,,Success
TwoStage_DL_HKSJ,Quadratic (Moderate Het)_k15,19,True,0.002142190933227539,,,7.522924439184476e-07,,,Success
TwoStage_DL_Normal,Quadratic (Moderate Het)_k15,19,True,0.0020868778228759766,,,7.522924439184476e-07,,,Success
TwoStage_DL_HKSJ,Quadratic (Moderate Het)_k15,20,True,0.0020339488983154297,,,4.0752325670018697e-07,,,Success
TwoStage_DL_Normal,Quadratic (Moderate Het)_k15,20,True,0.002081632614135742,,,4.0752325670018697e-07,,,Success
TwoStage_DL_HKSJ,Quadratic (Moderate Het)_k15,21,True,0.0019884109497070312,,,2.9230480842588257e-07,,,Success
TwoStage_DL_Normal,Quadratic (Moderate Het)_k15,21,True,0.002022266387939453,,,2.9230480842588257e-07,,,Success
TwoStage_DL_HKSJ,Quadratic (Moderate Het)_k15,22,True,0.0021262168884277344,,,2.9406921326829646e-07,,,Success
TwoStage_DL_Normal,Quadratic (Moderate Het)_k15,22,True,0.002168893814086914,,,2.9406921326829646e-07,,,Success
TwoStage_DL_HKSJ,Quadratic (Moderate Het)_k15,23,True,0.0026454925537109375,,,2.7284358094608865e-07,,,Success
TwoStage_DL_Normal,Quadratic (Moderate Het)_k15,23,True,0.0021677017211914062,,,2.7284358094608865e-07,,,Success
TwoStage_DL_HKSJ,Quadratic (Moderate Het)_k15,24,True,0.0025720596313476562,,,8.78242677004979e-07,,,Success
TwoStage_DL_Normal,Quadratic (Moderate Het)_k15,24,True,0.0026624202728271484,,,8.78242677004979e-07,,,Success
TwoStage_DL_HKSJ,Quadratic (Moderate Het)_k15,25,True,0.0021207332611083984,,,2.526448173451488e-07,,,Success
TwoStage_DL_Normal,Quadratic (Moderate Het)_k15,25,True,0.0024318695068359375,,,2.526448173451488e-07,,,Success
TwoStage_DL_HKSJ,Quadratic (Moderate Het)_k15,26,True,0.0021080970764160156,,,4.2544847245492187e-07,,,Success
TwoStage_DL_Normal,Quadratic (Moderate Het)_k15,26,True,0.0024530887603759766,,,4.2544847245492187e-07,,,Success
TwoStage_DL_HKSJ,Quadratic (Moderate Het)_k15,27,True,0.0021123886108398438,,,6.117476556128024e-07,,,Success
TwoStage_DL_Normal,Quadratic (Moderate Het)_k15,27,True,0.002166271209716797,,,6.117476556128024e-07,,,Success
TwoStage_DL_HKSJ,Quadratic (Moderate Het)_k15,28,True,0.0022187232971191406,,,3.887697240260441e-07,,,Success
TwoStage_DL_Normal,Quadratic (Moderate Het)_k15,28,True,0.002284526824951172,,,3.887697240260441e-07,,,Success
TwoStage_DL_HKSJ,Quadratic (Moderate Het)_k15,29,True,0.0033957958221435547,,,4.24593337338021e-07,,,Success
TwoStage_DL_Normal,Quadratic (Moderate Het)_k15,29,True,0.0029144287109375,,,4.24593337338021e-07,,,Success
TwoStage_DL_HKSJ,Quadratic (Moderate Het)_k15,30,True,0.002973794937133789,,,4.25829578583131e-07,,,Success
TwoStage_DL_Normal,Quadratic (Moderate Het)_k15,30,True,0.0029511451721191406,,,4.25829578583131e-07,,,Success
TwoStage_DL_HKSJ,Quadratic (Moderate Het)_k15,31,True,0.002489328384399414,,,4.6973438754954713e-07,,,Success
TwoStage_DL_Normal,Quadratic (Moderate Het)_k15,31,True,0.002521514892578125,,,4.6973438754954713e-07,,,Success
TwoStage_DL_HKSJ,Quadratic (Moderate Het)_k15,32,True,0.003106355667114258,,,2.65846140920144e-07,,,Success
TwoStage_DL_Normal,Quadratic (Moderate Het)_k15,32,True,0.002572298049926758,,,2.65846140920144e-07,,,Success
TwoStage_DL_HKSJ,Quadratic (Moderate Het)_k15,33,True,0.0029044151306152344,,,8.703760897076624e-07,,,Success
TwoStage_DL_Normal,Quadratic (Moderate Het)_k15,33,True,0.0028090476989746094,,,8.703760897076624e-07,,,Success
TwoStage_DL_HKSJ,Quadratic (Moderate Het)_k15,34,True,0.0027217864990234375,,,1.8220801416008746e-07,,,Success
TwoStage_DL_Normal,Quadratic (Moderate Het)_k15,34,True,0.0025734901428222656,,,1.8220801416008746e-07,,,Success
TwoStage_DL_HKSJ,Quadratic (Moderate Het)_k15,35,True,0.0028734207153320312,,,4.073630378359141e-07,,,Success
TwoStage_DL_Normal,Quadratic (Moderate Het)_k15,35,True,0.002657651901245117,,,4.073630378359141e-07,,,Success
TwoStage_DL_HKSJ,Quadratic (Moderate Het)_k15,36,True,0.002866506576538086,,,4.420613443237058e-07,,,Success
TwoStage_DL_Normal,Quadratic (Moderate Het)_k15,36,True,0.002513885498046875,,,4.420613443237058e-07,,,Success
TwoStage_DL_HKSJ,Quadratic (Moderate Het)_k15,37,True,0.0027468204498291016,,,5.440928384375471e-07,,,Success
TwoStage_DL_Normal,Quadratic (Moderate Het)_k15,37,True,0.0025048255920410156,,,5.440928384375471e-07,,,Success
TwoStage_DL_HKSJ,Quadratic (Moderate Het)_k15,38,True,0.002626657485961914,,,4.219973018464649e-07,,,Success
TwoStage_DL_Normal,Quadratic (Moderate Het)_k15,38,True,0.0026993751525878906,,,4.219973018464649e-07,,,Success
TwoStage_DL_HKSJ,Quadratic (Moderate Het)_k15,39,True,0.002828359603881836,,,3.037209208001584e-07,,,Success
TwoStage_DL_Normal,Quadratic (Moderate Het)_k15,39,True,0.0026731491088867188,,,3.037209208001584e-07,,,Success
TwoStage_DL_HKSJ,Quadratic (Moderate Het)_k15,40,True,0.0026235580444335938,,,4.596007222162473e-07,,,Success
TwoStage_DL_Normal,Quadratic (Moderate Het)_k15,40,True,0.003045797348022461,,,4.596007222162473e-07,,,Success
TwoStage_DL_HKSJ,Quadratic (Moderate Het)_k15,41,True,0.002467632293701172,,,3.655046145716883e-07,,,Success
TwoStage_DL_Normal,Quadratic (Moderate Het)_k15,41,True,0.0020363330841064453,,,3.655046145716883e-07,,,Success
TwoStage_DL_HKSJ,Quadratic (Moderate Het)_k15,42,True,0.0025017261505126953,,,2.1313893471401583e-07,,,Success
TwoStage_DL_Normal,Quadratic (Moderate Het)_k15,42,True,0.0026361942291259766,,,2.1313893471401583e-07,,,Success
TwoStage_DL_HKSJ,Quadratic (Moderate Het)_k15,43,True,0.0026166439056396484,,,7.044541399658847e-07,,,Success
TwoStage_DL_Normal,Quadratic (Moderate Het)_k15,43,True,0.0024154186248779297,,,7.044541399658847e-07,,,Success
TwoStage_DL_HKSJ,Quadratic (Moderate Het)_k15,44,True,0.002062082290649414,,,4.545483940273407e-07,,,Success
TwoStage_DL_Normal,Quadratic (Moderate Het)_k15,44,True,0.0025005340576171875,,,4.545483940273407e-07,,,Success
TwoStage_DL_HKSJ,Quadratic (Moderate Het)_k15,45,True,0.0026154518127441406,,,2.8943729717970785e-07,,,Success
TwoStage_DL_Normal,Quadratic (Moderate Het)_k15,45,True,0.002165555953979492,,,2.8943729717970785e-07,,,Success
TwoStage_DL_HKSJ,Quadratic (Moderate Het)_k15,46,True,0.0023810863494873047,,,4.2895756136280834e-07,,,Success
TwoStage_DL_Normal,Quadratic (Moderate Het)_k15,46,True,0.0025289058685302734,,,4.2895756136280834e-07,,,Success
TwoStage_DL_HKSJ,Quadratic (Moderate Het)_k15,47,True,0.0025696754455566406,,,5.080890208290926e-07,,,Success
TwoStage_DL_Normal,Quadratic (Moderate Het)_k15,47,True,0.0028085708618164062,,,5.080890208290926e-07,,,Success
TwoStage_DL_HKSJ,Quadratic (Moderate Het)_k15,48,True,0.0025086402893066406,,,2.4710147544020296e-07,,,Success
TwoStage_DL_Normal,Quadratic (Moderate Het)_k15,48,True,0.002361774444580078,,,2.4710147544020296e-07,,,Success
TwoStage_DL_HKSJ,Quadratic (Moderate Het)_k15,49,True,0.0022573471069335938,,,6.725843146547482e-07,,,Success
TwoStage_DL_Normal,Quadratic (Moderate Het)_k15,49,True,0.002735614776611328,,,6.725843146547482e-07,,,Success
TwoStage_DL_HKSJ,Log (High Het)_k15,0,True,0.0021266937255859375,,,1.3084725130774793e-06,,,Success
TwoStage_DL_Normal,Log (High Het)_k15,0,True,0.0026078224182128906,,,1.3084725130774793e-06,,,Success
TwoStage_DL_HKSJ,Log (High Het)_k15,1,True,0.0022029876708984375,,,1.5555691850105675e-06,,,Success
TwoStage_DL_Normal,Log (High Het)_k15,1,True,0.0020809173583984375,,,1.5555691850105675e-06,,,Success
TwoStage_DL_HKSJ,Log (High Het)_k15,2,True,0.0025284290313720703,,,7.388191688012934e-07,,,Success
TwoStage_DL_Normal,Log (High Het)_k15,2,True,0.0021867752075195312,,,7.388191688012934e-07,,,Success
TwoStage_DL_HKSJ,Log (High Het)_k15,3,True,0.002019166946411133,,,8.325416099899429e-07,,,Success
TwoStage_DL_Normal,Log (High Het)_k15,3,True,0.0021398067474365234,,,8.325416099899429e-07,,,Success
TwoStage_DL_HKSJ,Log (High Het)_k15,4,True,0.0020830631256103516,,,7.001849327916707e-07,,,Success
TwoStage_DL_Normal,Log (High Het)_k15,4,True,0.0021965503692626953,,,7.001849327916707e-07,,,Success
TwoStage_DL_HKSJ,Log (High Het)_k15,5,True,0.002534151077270508,,,7.434112669738102e-07,,,Success
TwoStage_DL_Normal,Log (High Het)_k15,5,True,0.0021245479583740234,,,7.434112669738102e-07,,,Success
TwoStage_DL_HKSJ,Log (High Het)_k15,6,True,0.0020821094512939453,,,5.832274586122864e-07,,,Success
TwoStage_DL_Normal,Log (High Het)_k15,6,True,0.0024585723876953125,,,5.832274586122864e-07,,,Success
TwoStage_DL_HKSJ,Log (High Het)_k15,7,True,0.0031490325927734375,,,7.94392814883218e-07,,,Success
TwoStage_DL_Normal,Log (High Het)_k15,7,True,0.0025086402893066406,,,7.94392814883218e-07,,,Success
TwoStage_DL_HKSJ,Log (High Het)_k15,8,True,0.0028505325317382812,,,7.312870122706202e-07,,,Success
TwoStage_DL_Normal,Log (High Het)_k15,8,True,0.002611875534057617,,,7.312870122706202e-07,,,Success
TwoStage_DL_HKSJ,Log (High Het)_k15,9,True,0.002088785171508789,,,5.49667672750109e-07,,,Success
TwoStage_DL_Normal,Log (High Het)_k15,9,True,0.002042531967163086,,,5.49667672750109e-07,,,Success
TwoStage_DL_HKSJ,Log (High Het)_k15,10,True,0.002488851547241211,,,8.38138101420408e-07,,,Success
TwoStage_DL_Normal,Log (High Het)_k15,10,True,0.002094745635986328,,,8.38138101420408e-07,,,Success
TwoStage_DL_HKSJ,Log (High Het)_k15,11,True,0.003201723098754883,,,1.1321022026216403e-06,,,Success
TwoStage_DL_Normal,Log (High Het)_k15,11,True,0.00290679931640625,,,1.1321022026216403e-06,,,Success
TwoStage_DL_HKSJ,Log (High Het)_k15,12,True,0.002349376678466797,,,1.3354135142356294e-06,,,Success
TwoStage_DL_Normal,Log (High Het)_k15,12,True,0.0021178722381591797,,,1.3354135142356294e-06,,,Success
TwoStage_DL_HKSJ,Log (High Het)_k15,13,True,0.0020220279693603516,,,6.17697897661887e-07,,,Success
TwoStage_DL_Normal,Log (High Het)_k15,13,True,0.0025360584259033203,,,6.17697897661887e-07,,,Success
TwoStage_DL_HKSJ,Log (High Het)_k15,14,True,0.0022764205932617188,,,1.2858845274867012e-06,,,Success
TwoStage_DL_Normal,Log (High Het)_k15,14,True,0.002099275588989258,,,1.2858845274867012e-06,,,Success
TwoStage_DL_HKSJ,Log (High Het)_k15,15,True,0.002048015594482422,,,9.111564139168652e-07,,,Success
TwoStage_DL_Normal,Log (High Het)_k15,15,True,0.0021238327026367188,,,9.111564139168652e-07,,,Success
TwoStage_DL_HKSJ,Log (High Het)_k15,16,True,0.002481698989868164,,,1.4768287493479548e-06,,,Success
TwoStage_DL_Normal,Log (High Het)_k15,16,True,0.0034275054931640625,,,1.4768287493479548e-06,,,Success
TwoStage_DL_HKSJ,Log (High Het)_k15,17,True,0.0034966468811035156,,,6.170084170099432e-07,,,Success
TwoStage_DL_Normal,Log (High Het)_k15,17,True,0.0030472278594970703,,,6.170084170099432e-07,,,Success
TwoStage_DL_HKSJ,Log (High Het)_k15,18,True,0.0036733150482177734,,,7.065469202969816e-07,,,Success
TwoStage_DL_Normal,Log (High Het)_k15,18,True,0.003362417221069336,,,7.065469202969816e-07,,,Success
TwoStage_DL_HKSJ,Log (High Het)_k15,19,True,0.0024080276489257812,,,1.6619324221068966e-06,,,Success
TwoStage_DL_Normal,Log (High Het)_k15,19,True,0.002758502960205078,,,1.6619324221068966e-06,,,Success
TwoStage_DL_HKSJ,Log (High Het)_k15,20,True,0.0021538734436035156,,,9.59974179457916e-07,,,Success
TwoStage_DL_Normal,Log (High Het)_k15,20,True,0.002234935760498047,,,9.59974179457916e-07,,,Success
TwoStage_DL_HKSJ,Log (High Het)_k15,21,True,0.002650022506713867,,,5.623834431648908e-07,,,Success
TwoStage_DL_Normal,Log (High Het)_k15,21,True,0.0021872520446777344,,,5.623834431648908e-07,,,Success
TwoStage_DL_HKSJ,Log (High Het)_k15,22,True,0.0022292137145996094,,,7.020027895712616e-07,,,Success
TwoStage_DL_Normal,Log (High Het)_k15,22,True,0.002300262451171875,,,7.020027895712616e-07,,,Success
TwoStage_DL_HKSJ,Log (High Het)_k15,23,True,0.0021228790283203125,,,7.222103062059176e-07,,,Success
TwoStage_DL_Normal,Log (High Het)_k15,23,True,0.002167224884033203,,,7.222103062059176e-07,,,Success
TwoStage_DL_HKSJ,Log (High Het)_k15,24,True,0.00208282470703125,,,1.713417815082784e-06,,,Success
TwoStage_DL_Normal,Log (High Het)_k15,24,True,0.0022432804107666016,,,1.713417815082784e-06,,,Success
TwoStage_DL_HKSJ,Log (High Het)_k15,25,True,0.002135753631591797,,,7.86004911515239e-07,,,Success
TwoStage_DL_Normal,Log (High Het)_k15,25,True,0.0026979446411132812,,,7.86004911515239e-07,,,Success
TwoStage_DL_HKSJ,Log (High Het)_k15,26,True,0.0020835399627685547,,,1.1813362174909405e-06,,,Success
TwoStage_DL_Normal,Log (High Het)_k15,26,True,0.002255678176879883,,,1.1813362174909405e-06,,,Success
TwoStage_DL_HKSJ,Log (High Het)_k15,27,True,0.002095937728881836,,,1.3556456557655773e-06,,,Success
TwoStage_DL_Normal,Log (High Het)_k15,27,True,0.0020644664764404297,,,1.3556456557655773e-06,,,Success
TwoStage_DL_HKSJ,Log (High Het)_k15,28,True,0.002084016799926758,,,7.841767205541299e-07,,,Success
TwoStage_DL_Normal,Log (High Het)_k15,28,True,0.0021309852600097656,,,7.841767205541299e-07,,,Success
TwoStage_DL_HKSJ,Log (High Het)_k15,29,True,0.002585887908935547,,,8.556144077771725e-07,,,Success
TwoStage_DL_Normal,Log (High Het)_k15,29,True,0.0026993751525878906,,,8.556144077771725e-07,,,Success
TwoStage_DL_HKSJ,Log (High Het)_k15,30,True,0.002695322036743164,,,1.058211662959896e-06,,,Success
TwoStage_DL_Normal,Log (High Het)_k15,30,True,0.0023512840270996094,,,1.058211662959896e-06,,,Success
TwoStage_DL_HKSJ,Log (High Het)_k15,31,True,0.0024166107177734375,,,1.1718307797595273e-06,,,Success
TwoStage_DL_Normal,Log (High Het)_k15,31,True,0.002651691436767578,,,1.1718307797595273e-06,,,Success
TwoStage_DL_HKSJ,Log (High Het)_k15,32,True,0.0024847984313964844,,,7.038505830311723e-07,,,Success
TwoStage_DL_Normal,Log (High Het)_k15,32,True,0.003189563751220703,,,7.038505830311723e-07,,,Success
TwoStage_DL_HKSJ,Log (High Het)_k15,33,True,0.0020956993103027344,,,1.5876918838649413e-06,,,Success
TwoStage_DL_Normal,Log (High Het)_k15,33,True,0.0022106170654296875,,,1.5876918838649413e-06,,,Success
TwoStage_DL_HKSJ,Log (High Het)_k15,34,True,0.002054452896118164,,,5.046371838420704e-07,,,Success
TwoStage_DL_Normal,Log (High Het)_k15,34,True,0.0025119781494140625,,,5.046371838420704e-07,,,Success
TwoStage_DL_HKSJ,Log (High Het)_k15,35,True,0.0022568702697753906,,,7.991442168706027e-07,,,Success
TwoStage_DL_Normal,Log (High Het)_k15,35,True,0.0021986961364746094,,,7.991442168706027e-07,,,Success
TwoStage_DL_HKSJ,Log (High Het)_k15,36,True,0.002775430679321289,,,9.683123003284026e-07,,,Success
TwoStage_DL_Normal,Log (High Het)_k15,36,True,0.0020689964294433594,,,9.683123003284026e-07,,,Success
TwoStage_DL_HKSJ,Log (High Het)_k15,37,True,0.002065420150756836,,,1.1715692272322598e-06,,,Success
TwoStage_DL_Normal,Log (High Het)_k15,37,True,0.002224445343017578,,,1.1715692272322598e-06,,,Success
TwoStage_DL_HKSJ,Log (High Het)_k15,38,True,0.002465486526489258,,,9.455167896001803e-07,,,Success
TwoStage_DL_Normal,Log (High Het)_k15,38,True,0.0021550655364990234,,,9.455167896001803e-07,,,Success
TwoStage_DL_HKSJ,Log (High Het)_k15,39,True,0.003302335739135742,,,6.770798623683624e-07,,,Success
TwoStage_DL_Normal,Log (High Het)_k15,39,True,0.0033299922943115234,,,6.770798623683624e-07,,,Success
TwoStage_DL_HKSJ,Log (High Het)_k15,40,True,0.0030045509338378906,,,8.736729834544457e-07,,,Success
TwoStage_DL_Normal,Log (High Het)_k15,40,True,0.0030717849731445312,,,8.736729834544457e-07,,,Success
TwoStage_DL_HKSJ,Log (High Het)_k15,41,True,0.002503633499145508,,,8.254378510598855e-07,,,Success
TwoStage_DL_Normal,Log (High Het)_k15,41,True,0.0024576187133789062,,,8.254378510598855e-07,,,Success
TwoStage_DL_HKSJ,Log (High Het)_k15,42,True,0.0029058456420898438,,,6.088600539928806e-07,,,Success
TwoStage_DL_Normal,Log (High Het)_k15,42,True,0.0029256343841552734,,,6.088600539928806e-07,,,Success
TwoStage_DL_HKSJ,Log (High Het)_k15,43,True,0.0032384395599365234,,,1.5000535893161654e-06,,,Success
TwoStage_DL_Normal,Log (High Het)_k15,43,True,0.002954721450805664,,,1.5000535893161654e-06,,,Success
TwoStage_DL_HKSJ,Log (High Het)_k15,44,True,0.0033910274505615234,,,9.899811866786993e-07,,,Success
TwoStage_DL_Normal,Log (High Het)_k15,44,True,0.003239870071411133,,,9.899811866786993e-07,,,Success
TwoStage_DL_HKSJ,Log (High Het)_k15,45,True,0.0027382373809814453,,,7.363448536221364e-07,,,Success
TwoStage_DL_Normal,Log (High Het)_k15,45,True,0.003593921661376953,,,7.363448536221364e-07,,,Success
TwoStage_DL_HKSJ,Log (High Het)_k15,46,True,0.00362396240234375,,,1.1960583811161437e-06,,,Success
TwoStage_DL_Normal,Log (High Het)_k15,46,True,0.003548860549926758,,,1.1960583811161437e-06,,,Success
TwoStage_DL_HKSJ,Log (High Het)_k15,47,True,0.0032575130462646484,,,9.865777248807776e-07,,,Success
TwoStage_DL_Normal,Log (High Het)_k15,47,True,0.002923727035522461,,,9.865777248807776e-07,,,Success
TwoStage_DL_HKSJ,Log (High Het)_k15,48,True,0.0035724639892578125,,,7.603189970084339e-07,,,Success
TwoStage_DL_Normal,Log (High Het)_k15,48,True,0.0032248497009277344,,,7.603189970084339e-07,,,Success
TwoStage_DL_HKSJ,Log (High Het)_k15,49,True,0.0037047863006591797,,,1.3767065507090504e-06,,,Success
TwoStage_DL_Normal,Log (High Het)_k15,49,True,0.003089427947998047,,,1.3767065507090504e-06,,,Success
TwoStage_DL_HKSJ,U-Shaped (Moderate Het)_k15,0,True,0.0027632713317871094,,,4.86742964178699e-07,,,Success
TwoStage_DL_Normal,U-Shaped (Moderate Het)_k15,0,True,0.0021071434020996094,,,4.86742964178699e-07,,,Success
TwoStage_DL_HKSJ,U-Shaped (Moderate Het)_k15,1,True,0.002104520797729492,,,7.100008144678746e-07,,,Success
TwoStage_DL_Normal,U-Shaped (Moderate Het)_k15,1,True,0.002149820327758789,,,7.100008144678746e-07,,,Success
TwoStage_DL_HKSJ,U-Shaped (Moderate Het)_k15,2,True,0.002073526382446289,,,3.394882194442764e-07,,,Success
TwoStage_DL_Normal,U-Shaped (Moderate Het)_k15,2,True,0.0020940303802490234,,,3.394882194442764e-07,,,Success
TwoStage_DL_HKSJ,U-Shaped (Moderate Het)_k15,3,True,0.0020341873168945312,,,2.768605212071455e-07,,,Success
TwoStage_DL_Normal,U-Shaped (Moderate Het)_k15,3,True,0.0020644664764404297,,,2.768605212071455e-07,,,Success
TwoStage_DL_HKSJ,U-Shaped (Moderate Het)_k15,4,True,0.0026841163635253906,,,2.9486243604863216e-07,,,Success
TwoStage_DL_Normal,U-Shaped (Moderate Het)_k15,4,True,0.002374887466430664,,,2.9486243604863216e-07,,,Success
TwoStage_DL_HKSJ,U-Shaped (Moderate Het)_k15,5,True,0.0029854774475097656,,,2.3162953118161168e-07,,,Success
TwoStage_DL_Normal,U-Shaped (Moderate Het)_k15,5,True,0.002508401870727539,,,2.3162953118161168e-07,,,Success
TwoStage_DL_HKSJ,U-Shaped (Moderate Het)_k15,6,True,0.0029747486114501953,,,3.322498780165016e-07,,,Success
TwoStage_DL_Normal,U-Shaped (Moderate Het)_k15,6,True,0.0028564929962158203,,,3.322498780165016e-07,,,Success
TwoStage_DL_HKSJ,U-Shaped (Moderate Het)_k15,7,True,0.003653287887573242,,,3.2047275057035994e-07,,,Success
TwoStage_DL_Normal,U-Shaped (Moderate Het)_k15,7,True,0.0023317337036132812,,,3.2047275057035994e-07,,,Success
TwoStage_DL_HKSJ,U-Shaped (Moderate Het)_k15,8,True,0.0021097660064697266,,,2.589881022102854e-07,,,Success
TwoStage_DL_Normal,U-Shaped (Moderate Het)_k15,8,True,0.0029478073120117188,,,2.589881022102854e-07,,,Success
TwoStage_DL_HKSJ,U-Shaped (Moderate Het)_k15,9,True,0.003128528594970703,,,2.768291363200434e-07,,,Success
TwoStage_DL_Normal,U-Shaped (Moderate Het)_k15,9,True,0.002763509750366211,,,2.768291363200434e-07,,,Success
TwoStage_DL_HKSJ,U-Shaped (Moderate Het)_k15,10,True,0.00247955322265625,,,2.3778939159663715e-07,,,Success
TwoStage_DL_Normal,U-Shaped (Moderate Het)_k15,10,True,0.002784252166748047,,,2.3778939159663715e-07,,,Success
TwoStage_DL_HKSJ,U-Shaped (Moderate Het)_k15,11,True,0.002878427505493164,,,4.825322015853847e-07,,,Success
TwoStage_DL_Normal,U-Shaped (Moderate Het)_k15,11,True,0.002205371856689453,,,4.825322015853847e-07,,,Success
TwoStage_DL_HKSJ,U-Shaped (Moderate Het)_k15,12,True,0.002063751220703125,,,5.457674947214733e-07,,,Success
TwoStage_DL_Normal,U-Shaped (Moderate Het)_k15,12,True,0.0034112930297851562,,,5.457674947214733e-07,,,Success
TwoStage_DL_HKSJ,U-Shaped (Moderate Het)_k15,13,True,0.0023763179779052734,,,2.396457740359826e-07,,,Success
TwoStage_DL_Normal,U-Shaped (Moderate Het)_k15,13,True,0.0022690296173095703,,,2.396457740359826e-07,,,Success
TwoStage_DL_HKSJ,U-Shaped (Moderate Het)_k15,14,True,0.002816438674926758,,,5.915363210674689e-07,,,Success
TwoStage_DL_Normal,U-Shaped (Moderate Het)_k15,14,True,0.0027191638946533203,,,5.915363210674689e-07,,,Success
TwoStage_DL_HKSJ,U-Shaped (Moderate Het)_k15,15,True,0.0025162696838378906,,,5.396199919741181e-07,,,Success
TwoStage_DL_Normal,U-Shaped (Moderate Het)_k15,15,True,0.003346681594848633,,,5.396199919741181e-07,,,Success
TwoStage_DL_HKSJ,U-Shaped (Moderate Het)_k15,16,True,0.0036482810974121094,,,5.093671355189487e-07,,,Success
TwoStage_DL_Normal,U-Shaped (Moderate Het)_k15,16,True,0.0037050247192382812,,,5.093671355189487e-07,,,Success
TwoStage_DL_HKSJ,U-Shaped (Moderate Het)_k15,17,True,0.002091646194458008,,,1.9838256704831368e-07,,,Success
TwoStage_DL_Normal,U-Shaped (Moderate Het)_k15,17,True,0.0029764175415039062,,,1.9838256704831368e-07,,,Success
TwoStage_DL_HKSJ,U-Shaped (Moderate Het)_k15,18,True,0.002683877944946289,,,2.446686149678799e-07,,,Success
TwoStage_DL_Normal,U-Shaped (Moderate Het)_k15,18,True,0.002898693084716797,,,2.446686149678799e-07,,,Success
TwoStage_DL_HKSJ,U-Shaped (Moderate Het)_k15,19,True,0.002537965774536133,,,7.641111764906891e-07,,,Success
TwoStage_DL_Normal,U-Shaped (Moderate Het)_k15,19,True,0.0019664764404296875,,,7.641111764906891e-07,,,Success
TwoStage_DL_HKSJ,U-Shaped (Moderate Het)_k15,20,True,0.002129077911376953,,,4.0880091278991374e-07,,,Success
TwoStage_DL_Normal,U-Shaped (Moderate Het)_k15,20,True,0.002347707748413086,,,4.0880091278991374e-07,,,Success
TwoStage_DL_HKSJ,U-Shaped (Moderate Het)_k15,21,True,0.0021123886108398438,,,3.070972825976254e-07,,,Success
TwoStage_DL_Normal,U-Shaped (Moderate Het)_k15,21,True,0.002141237258911133,,,3.070972825976254e-07,,,Success
TwoStage_DL_HKSJ,U-Shaped (Moderate Het)_k15,22,True,0.002078533172607422,,,2.98626411961972e-07,,,Success
TwoStage_DL_Normal,U-Shaped (Moderate Het)_k15,22,True,0.002299785614013672,,,2.98626411961972e-07,,,Success
TwoStage_DL_HKSJ,U-Shaped (Moderate Het)_k15,23,True,0.002274036407470703,,,2.6461329728950605e-07,,,Success
TwoStage_DL_Normal,U-Shaped (Moderate Het)_k15,23,True,0.002226591110229492,,,2.6461329728950605e-07,,,Success
TwoStage_DL_HKSJ,U-Shaped (Moderate Het)_k15,24,True,0.0022096633911132812,,,9.087872190540029e-07,,,Success
TwoStage_DL_Normal,U-Shaped (Moderate Het)_k15,24,True,0.0026171207427978516,,,9.087872190540029e-07,,,Success
TwoStage_DL_HKSJ,U-Shaped (Moderate Het)_k15,25,True,0.002105712890625,,,2.477759123931514e-07,,,Success
TwoStage_DL_Normal,U-Shaped (Moderate Het)_k15,25,True,0.0022575855255126953,,,2.477759123931514e-07,,,Success
TwoStage_DL_HKSJ,U-Shaped (Moderate Het)_k15,26,True,0.002683401107788086,,,4.095902868218381e-07,,,Success
TwoStage_DL_Normal,U-Shaped (Moderate Het)_k15,26,True,0.0022351741790771484,,,4.095902868218381e-07,,,Success
TwoStage_DL_HKSJ,U-Shaped (Moderate Het)_k15,27,True,0.002330303192138672,,,6.201087774672831e-07,,,Success
TwoStage_DL_Normal,U-Shaped (Moderate Het)_k15,27,True,0.0022287368774414062,,,6.201087774672831e-07,,,Success
TwoStage_DL_HKSJ,U-Shaped (Moderate Het)_k15,28,True,0.002541065216064453,,,4.033666008598374e-07,,,Success
TwoStage_DL_Normal,U-Shaped (Moderate Het)_k15,28,True,0.0021669864654541016,,,4.033666008598374e-07,,,Success
TwoStage_DL_HKSJ,U-Shaped (Moderate Het)_k15,29,True,0.0030891895294189453,,,4.395473808069964e-07,,,Success
TwoStage_DL_Normal,U-Shaped (Moderate Het)_k15,29,True,0.003034353256225586,,,4.395473808069964e-07,,,Success
TwoStage_DL_HKSJ,U-Shaped (Moderate Het)_k15,30,True,0.002761363983154297,,,4.330066732168328e-07,,,Success
TwoStage_DL_Normal,U-Shaped (Moderate Het)_k15,30,True,0.003570556640625,,,4.330066732168328e-07,,,Success
TwoStage_DL_HKSJ,U-Shaped (Moderate Het)_k15,31,True,0.0025768280029296875,,,4.65920625576475e-07,,,Success
TwoStage_DL_Normal,U-Shaped (Moderate Het)_k15,31,True,0.0024433135986328125,,,4.65920625576475e-07,,,Success
TwoStage_DL_HKSJ,U-Shaped (Moderate Het)_k15,32,True,0.002855062484741211,,,2.6133792258672184e-07,,,Success
TwoStage_DL_Normal,U-Shaped (Moderate Het)_k15,32,True,0.002743959426879883,,,2.6133792258672184e-07,,,Success
TwoStage_DL_HKSJ,U-Shaped (Moderate Het)_k15,33,True,0.0026769638061523438,,,9.065031384921312e-07,,,Success
TwoStage_DL_Normal,U-Shaped (Moderate Het)_k15,33,True,0.003238677978515625,,,9.065031384921312e-07,,,Success
TwoStage_DL_HKSJ,U-Shaped (Moderate Het)_k15,34,True,0.002534151077270508,,,1.767567892370142e-07,,,Success
TwoStage_DL_Normal,U-Shaped (Moderate Het)_k15,34,True,0.0026149749755859375,,,1.767567892370142e-07,,,Success
TwoStage_DL_HKSJ,U-Shaped (Moderate Het)_k15,35,True,0.003008127212524414,,,4.4238696959887553e-07,,,Success
TwoStage_DL_Normal,U-Shaped (Moderate Het)_k15,35,True,0.002132415771484375,,,4.4238696959887553e-07,,,Success
TwoStage_DL_HKSJ,U-Shaped (Moderate Het)_k15,36,True,0.002118349075317383,,,4.363001562808203e-07,,,Success
TwoStage_DL_Normal,U-Shaped (Moderate Het)_k15,36,True,0.002124309539794922,,,4.363001562808203e-07,,,Success
TwoStage_DL_HKSJ,U-Shaped (Moderate Het)_k15,37,True,0.0023450851440429688,,,5.56178878405217e-07,,,Success
TwoStage_DL_Normal,U-Shaped (Moderate Het)_k15,37,True,0.002872943878173828,,,5.56178878405217e-07,,,Success
TwoStage_DL_HKSJ,U-Shaped (Moderate Het)_k15,38,True,0.002119302749633789,,,4.178773235064847e-07,,,Success
TwoStage_DL_Normal,U-Shaped (Moderate Het)_k15,38,True,0.0021996498107910156,,,4.178773235064847e-07,,,Success
TwoStage_DL_HKSJ,U-Shaped (Moderate Het)_k15,39,True,0.0021970272064208984,,,3.014961014784631e-07,,,Success
TwoStage_DL_Normal,U-Shaped (Moderate Het)_k15,39,True,0.002233743667602539,,,3.014961014784631e-07,,,Success
TwoStage_DL_HKSJ,U-Shaped (Moderate Het)_k15,40,True,0.0025069713592529297,,,4.915080616495546e-07,,,Success
TwoStage_DL_Normal,U-Shaped (Moderate Het)_k15,40,True,0.002251148223876953,,,4.915080616495546e-07,,,Success
TwoStage_DL_HKSJ,U-Shaped (Moderate Het)_k15,41,True,0.002138853073120117,,,3.707247145531709e-07,,,Success
TwoStage_DL_Normal,U-Shaped (Moderate Het)_k15,41,True,0.0026502609252929688,,,3.707247145531709e-07,,,Success
TwoStage_DL_HKSJ,U-Shaped (Moderate Het)_k15,42,True,0.002198457717895508,,,2.0188476804058113e-07,,,Success
TwoStage_DL_Normal,U-Shaped (Moderate Het)_k15,42,True,0.0020568370819091797,,,2.0188476804058113e-07,,,Success
TwoStage_DL_HKSJ,U-Shaped (Moderate Het)_k15,43,True,0.0024051666259765625,,,7.204054142671005e-07,,,Success
TwoStage_DL_Normal,U-Shaped (Moderate Het)_k15,43,True,0.0022020339965820312,,,7.204054142671005e-07,,,Success
TwoStage_DL_HKSJ,U-Shaped (Moderate Het)_k15,44,True,0.002245187759399414,,,4.782095795323822e-07,,,Success
TwoStage_DL_Normal,U-Shaped (Moderate Het)_k15,44,True,0.002131223678588867,,,4.782095795323822e-07,,,Success
TwoStage_DL_HKSJ,U-Shaped (Moderate Het)_k15,45,True,0.0020952224731445312,,,2.973419293558465e-07,,,Success
TwoStage_DL_Normal,U-Shaped (Moderate Het)_k15,45,True,0.0021331310272216797,,,2.973419293558465e-07,,,Success
TwoStage_DL_HKSJ,U-Shaped (Moderate Het)_k15,46,True,0.0021104812622070312,,,4.112693939796818e-07,,,Success
TwoStage_DL_Normal,U-Shaped (Moderate Het)_k15,46,True,0.0029189586639404297,,,4.112693939796818e-07,,,Success
TwoStage_DL_HKSJ,U-Shaped (Moderate Het)_k15,47,True,0.0020494461059570312,,,5.152527265325858e-07,,,Success
TwoStage_DL_Normal,U-Shaped (Moderate Het)_k15,47,True,0.002495288848876953,,,5.152527265325858e-07,,,Success
TwoStage_DL_HKSJ,U-Shaped (Moderate Het)_k15,48,True,0.002156972885131836,,,2.2928984567440195e-07,,,Success
TwoStage_DL_Normal,U-Shaped (Moderate Het)_k15,48,True,0.0027387142181396484,,,2.2928984567440195e-07,,,Success
TwoStage_DL_HKSJ,U-Shaped (Moderate Het)_k15,49,True,0.0020983219146728516,,,6.881626547854313e-07,,,Success
TwoStage_DL_Normal,U-Shaped (Moderate Het)_k15,49,True,0.002272367477416992,,,6.881626547854313e-07,,,Success
TwoStage_DL_HKSJ,Quadratic (Moderate Het)_k20,0,True,0.0029680728912353516,,,3.841113054666319e-07,,,Success
TwoStage_DL_Normal,Quadratic (Moderate Het)_k20,0,True,0.002768278121948242,,,3.841113054666319e-07,,,Success
TwoStage_DL_HKSJ,Quadratic (Moderate Het)_k20,1,True,0.0025835037231445312,,,2.8018040963530993e-07,,,Success
TwoStage_DL_Normal,Quadratic (Moderate Het)_k20,1,True,0.0026924610137939453,,,2.8018040963530993e-07,,,Success
TwoStage_DL_HKSJ,Quadratic (Moderate Het)_k20,2,True,0.0028738975524902344,,,2.0580376171744484e-07,,,Success
TwoStage_DL_Normal,Quadratic (Moderate Het)_k20,2,True,0.0027163028717041016,,,2.0580376171744484e-07,,,Success
TwoStage_DL_HKSJ,Quadratic (Moderate Het)_k20,3,True,0.002854585647583008,,,4.940870324444347e-07,,,Success
TwoStage_DL_Normal,Quadratic (Moderate Het)_k20,3,True,0.002704143524169922,,,4.940870324444347e-07,,,Success
TwoStage_DL_HKSJ,Quadratic (Moderate Het)_k20,4,True,0.0029630661010742188,,,4.4317483832351607e-07,,,Success
TwoStage_DL_Normal,Quadratic (Moderate Het)_k20,4,True,0.002766847610473633,,,4.4317483832351607e-07,,,Success
TwoStage_DL_HKSJ,Quadratic (Moderate Het)_k20,5,True,0.002672910690307617,,,4.5682116443811606e-07,,,Success
TwoStage_DL_Normal,Quadratic (Moderate Het)_k20,5,True,0.0027413368225097656,,,4.5682116443811606e-07,,,Success
TwoStage_DL_HKSJ,Quadratic (Moderate Het)_k20,6,True,0.0026922225952148438,,,3.4617616061140674e-07,,,Success
TwoStage_DL_Normal,Quadratic (Moderate Het)_k20,6,True,0.003278493881225586,,,3.4617616061140674e-07,,,Success
TwoStage_DL_HKSJ,Quadratic (Moderate Het)_k20,7,True,0.002626657485961914,,,5.734107191041502e-07,,,Success
TwoStage_DL_Normal,Quadratic (Moderate Het)_k20,7,True,0.002618074417114258,,,5.734107191041502e-07,,,Success
TwoStage_DL_HKSJ,Quadratic (Moderate Het)_k20,8,True,0.002557992935180664,,,6.302991361983741e-07,,,Success
TwoStage_DL_Normal,Quadratic (Moderate Het)_k20,8,True,0.0025849342346191406,,,6.302991361983741e-07,,,Success
TwoStage_DL_HKSJ,Quadratic (Moderate Het)_k20,9,True,0.0026335716247558594,,,2.9259542541940533e-07,,,Success
TwoStage_DL_Normal,Quadratic (Moderate Het)_k20,9,True,0.0026352405548095703,,,2.9259542541940533e-07,,,Success
TwoStage_DL_HKSJ,Quadratic (Moderate Het)_k20,10,True,0.0026292800903320312,,,6.775631414156899e-07,,,Success
TwoStage_DL_Normal,Quadratic (Moderate Het)_k20,10,True,0.002552032470703125,,,6.775631414156899e-07,,,Success
TwoStage_DL_HKSJ,Quadratic (Moderate Het)_k20,11,True,0.0025637149810791016,,,1.918962381370218e-07,,,Success
TwoStage_DL_Normal,Quadratic (Moderate Het)_k20,11,True,0.0028085708618164062,,,1.918962381370218e-07,,,Success
TwoStage_DL_HKSJ,Quadratic (Moderate Het)_k20,12,True,0.0026900768280029297,,,4.0253788947879625e-07,,,Success
TwoStage_DL_Normal,Quadratic (Moderate Het)_k20,12,True,0.0031964778900146484,,,4.0253788947879625e-07,,,Success
TwoStage_DL_HKSJ,Quadratic (Moderate Het)_k20,13,True,0.0029773712158203125,,,4.2936427357327906e-07,,,Success
TwoStage_DL_Normal,Quadratic (Moderate Het)_k20,13,True,0.002894878387451172,,,4.2936427357327906e-07,,,Success
TwoStage_DL_HKSJ,Quadratic (Moderate Het)_k20,14,True,0.002559185028076172,,,2.899949083742748e-07,,,Success
TwoStage_DL_Normal,Quadratic (Moderate Het)_k20,14,True,0.00301361083984375,,,2.899949083742748e-07,,,Success
TwoStage_DL_HKSJ,Quadratic (Moderate Het)_k20,15,True,0.0026307106018066406,,,4.2845470456062746e-07,,,Success
TwoStage_DL_Normal,Quadratic (Moderate Het)_k20,15,True,0.002724170684814453,,,4.2845470456062746e-07,,,Success
TwoStage_DL_HKSJ,Quadratic (Moderate Het)_k20,16,True,0.003018617630004883,,,4.0229561232477124e-07,,,Success
TwoStage_DL_Normal,Quadratic (Moderate Het)_k20,16,True,0.002756357192993164,,,4.0229561232477124e-07,,,Success
TwoStage_DL_HKSJ,Quadratic (Moderate Het)_k20,17,True,0.003009319305419922,,,3.046501831254056e-07,,,Success
TwoStage_DL_Normal,Quadratic (Moderate Het)_k20,17,True,0.0028955936431884766,,,3.046501831254056e-07,,,Success
TwoStage_DL_HKSJ,Quadratic (Moderate Het)_k20,18,True,0.0027849674224853516,,,2.967970524452912e-07,,,Success
TwoStage_DL_Normal,Quadratic (Moderate Het)_k20,18,True,0.002638578414916992,,,2.967970524452912e-07,,,Success
TwoStage_DL_HKSJ,Quadratic (Moderate Het)_k20,19,True,0.0030584335327148438,,,3.106967070859039e-07,,,Success
TwoStage_DL_Normal,Quadratic (Moderate Het)_k20,19,True,0.003110170364379883,,,3.106967070859039e-07,,,Success
TwoStage_DL_HKSJ,Quadratic (Moderate Het)_k20,20,True,0.003406047821044922,,,4.1088725635898214e-07,,,Success
TwoStage_DL_Normal,Quadratic (Moderate Het)_k20,20,True,0.002996206283569336,,,4.1088725635898214e-07,,,Success
TwoStage_DL_HKSJ,Quadratic (Moderate Het)_k20,21,True,0.0027086734771728516,,,1.7489234235517126e-07,,,Success
TwoStage_DL_Normal,Quadratic (Moderate Het)_k20,21,True,0.0030663013458251953,,,1.7489234235517126e-07,,,Success
TwoStage_DL_HKSJ,Quadratic (Moderate Het)_k20,22,True,0.0031609535217285156,,,3.2087574039801925e-07,,,Success
TwoStage_DL_Normal,Quadratic (Moderate Het)_k20,22,True,0.003467559814453125,,,3.2087574039801925e-07,,,Success
TwoStage_DL_HKSJ,Quadratic (Moderate Het)_k20,23,True,0.0031180381774902344,,,2.0369708336308862e-07,,,Success
TwoStage_DL_Normal,Quadratic (Moderate Het)_k20,23,True,0.003347635269165039,,,2.0369708336308862e-07,,,Success
TwoStage_DL_HKSJ,Quadratic (Moderate Het)_k20,24,True,0.003581523895263672,,,3.4463949276352143e-07,,,Success
TwoStage_DL_Normal,Quadratic (Moderate Het)_k20,24,True,0.004490375518798828,,,3.4463949276352143e-07,,,Success
TwoStage_DL_HKSJ,Quadratic (Moderate Het)_k20,25,True,0.002679109573364258,,,3.452971921701172e-07,,,Success
TwoStage_DL_Normal,Quadratic (Moderate Het)_k20,25,True,0.0028085708618164062,,,3.452971921701172e-07,,,Success
TwoStage_DL_HKSJ,Quadratic (Moderate Het)_k20,26,True,0.003648042678833008,,,3.6875029930656657e-07,,,Success
TwoStage_DL_Normal,Quadratic (Moderate Het)_k20,26,True,0.0026803016662597656,,,3.6875029930656657e-07,,,Success
TwoStage_DL_HKSJ,Quadratic (Moderate Het)_k20,27,True,0.002740621566772461,,,5.862150600545148e-07,,,Success
TwoStage_DL_Normal,Quadratic (Moderate Het)_k20,27,True,0.0026831626892089844,,,5.862150600545148e-07,,,Success
TwoStage_DL_HKSJ,Quadratic (Moderate Het)_k20,28,True,0.002651691436767578,,,3.0400747385065404e-07,,,Success
TwoStage_DL_Normal,Quadratic (Moderate Het)_k20,28,True,0.0030145645141601562,,,3.0400747385065404e-07,,,Success
TwoStage_DL_HKSJ,Quadratic (Moderate Het)_k20,29,True,0.0029523372650146484,,,2.59793741098616e-07,,,Success
TwoStage_DL_Normal,Quadratic (Moderate Het)_k20,29,True,0.003385305404663086,,,2.59793741098616e-07,,,Success
TwoStage_DL_HKSJ,Quadratic (Moderate Het)_k20,30,True,0.002640247344970703,,,3.4745102018010435e-07,,,Success
TwoStage_DL_Normal,Quadratic (Moderate Het)_k20,30,True,0.002667665481567383,,,3.4745102018010435e-07,,,Success
TwoStage_DL_HKSJ,Quadratic (Moderate Het)_k20,31,True,0.0026383399963378906,,,4.680331219467588e-07,,,Success
TwoStage_DL_Normal,Quadratic (Moderate Het)_k20,31,True,0.0032160282135009766,,,4.680331219467588e-07,,,Success
TwoStage_DL_HKSJ,Quadratic (Moderate Het)_k20,32,True,0.002752065658569336,,,5.384277371682207e-07,,,Success
TwoStage_DL_Normal,Quadratic (Moderate Het)_k20,32,True,0.00478053092956543,,,5.384277371682207e-07,,,Success
TwoStage_DL_HKSJ,Quadratic (Moderate Het)_k20,33,True,0.005174398422241211,,,4.4621849735983726e-07,,,Success
TwoStage_DL_Normal,Quadratic (Moderate Het)_k20,33,True,0.004734039306640625,,,4.4621849735983726e-07,,,Success
TwoStage_DL_HKSJ,Quadratic (Moderate Het)_k20,34,True,0.002858877182006836,,,4.6459028114896193e-07,,,Success
TwoStage_DL_Normal,Quadratic (Moderate Het)_k20,34,True,0.002801656723022461,,,4.6459028114896193e-07,,,Success
TwoStage_DL_HKSJ,Quadratic (Moderate Het)_k20,35,True,0.0031697750091552734,,,2.9691443755560584e-07,,,Success
TwoStage_DL_Normal,Quadratic (Moderate Het)_k20,35,True,0.003293752670288086,,,2.9691443755560584e-07,,,Success
TwoStage_DL_HKSJ,Quadratic (Moderate Het)_k20,36,True,0.0026099681854248047,,,4.5797759825364957e-07,,,Success
TwoStage_DL_Normal,Quadratic (Moderate Het)_k20,36,True,0.0031065940856933594,,,4.5797759825364957e-07,,,Success
TwoStage_DL_HKSJ,Quadratic (Moderate Het)_k20,37,True,0.0026259422302246094,,,3.648157611638999e-07,,,Success
TwoStage_DL_Normal,Quadratic (Moderate Het)_k20,37,True,0.0027441978454589844,,,3.648157611638999e-07,,,Success
TwoStage_DL_HKSJ,Quadratic (Moderate Het)_k20,38,True,0.0037751197814941406,,,4.061804054880125e-07,,,Success
TwoStage_DL_Normal,Quadratic (Moderate Het)_k20,38,True,0.003319263458251953,,,4.061804054880125e-07,,,Success
TwoStage_DL_HKSJ,Quadratic (Moderate Het)_k20,39,True,0.002820253372192383,,,6.748643181453298e-07,,,Success
TwoStage_DL_Normal,Quadratic (Moderate Het)_k20,39,True,0.0028307437896728516,,,6.748643181453298e-07,,,Success
TwoStage_DL_HKSJ,Quadratic (Moderate Het)_k20,40,True,0.002770662307739258,,,2.400483444770747e-07,,,Success
TwoStage_DL_Normal,Quadratic (Moderate Het)_k20,40,True,0.002811431884765625,,,2.400483444770747e-07,,,Success
TwoStage_DL_HKSJ,Quadratic (Moderate Het)_k20,41,True,0.0027565956115722656,,,3.312724442687724e-07,,,Success
TwoStage_DL_Normal,Quadratic (Moderate Het)_k20,41,True,0.002851724624633789,,,3.312724442687724e-07,,,Success
TwoStage_DL_HKSJ,Quadratic (Moderate Het)_k20,42,True,0.002724885940551758,,,4.692505432396287e-07,,,Success
TwoStage_DL_Normal,Quadratic (Moderate Het)_k20,42,True,0.0028073787689208984,,,4.692505432396287e-07,,,Success
TwoStage_DL_HKSJ,Quadratic (Moderate Het)_k20,43,True,0.0027213096618652344,,,3.312291280477595e-07,,,Success
TwoStage_DL_Normal,Quadratic (Moderate Het)_k20,43,True,0.002727508544921875,,,3.312291280477595e-07,,,Success
TwoStage_DL_HKSJ,Quadratic (Moderate Het)_k20,44,True,0.0026917457580566406,,,3.3515185050491615e-07,,,Success
TwoStage_DL_Normal,Quadratic (Moderate Het)_k20,44,True,0.003008604049682617,,,3.3515185050491615e-07,,,Success
TwoStage_DL_HKSJ,Quadratic (Moderate Het)_k20,45,True,0.0026504993438720703,,,5.811180869694771e-07,,,Success
TwoStage_DL_Normal,Quadratic (Moderate Het)_k20,45,True,0.0027441978454589844,,,5.811180869694771e-07,,,Success
TwoStage_DL_HKSJ,Quadratic (Moderate Het)_k20,46,True,0.002665996551513672,,,2.8755666956642184e-07,,,Success
TwoStage_DL_Normal,Quadratic (Moderate Het)_k20,46,True,0.002847433090209961,,,2.8755666956642184e-07,,,Success
TwoStage_DL_HKSJ,Quadratic (Moderate Het)_k20,47,True,0.002562999725341797,,,3.199481254080257e-07,,,Success
TwoStage_DL_Normal,Quadratic (Moderate Het)_k20,47,True,0.0027618408203125,,,3.199481254080257e-07,,,Success
TwoStage_DL_HKSJ,Quadratic (Moderate Het)_k20,48,True,0.002590179443359375,,,3.616008266505422e-07,,,Success
TwoStage_DL_Normal,Quadratic (Moderate Het)_k20,48,True,0.0027518272399902344,,,3.616008266505422e-07,,,Success
TwoStage_DL_HKSJ,Quadratic (Moderate Het)_k20,49,True,0.0030586719512939453,,,4.94767018613045e-07,,,Success
TwoStage_DL_Normal,Quadratic (Moderate Het)_k20,49,True,0.003533601760864258,,,4.94767018613045e-07,,,Success
TwoStage_DL_HKSJ,Log (High Het)_k20,0,True,0.0030944347381591797,,,8.004169585487905e-07,,,Success
TwoStage_DL_Normal,Log (High Het)_k20,0,True,0.0031096935272216797,,,8.004169585487905e-07,,,Success
TwoStage_DL_HKSJ,Log (High Het)_k20,1,True,0.0035867691040039062,,,6.461371210219912e-07,,,Success
TwoStage_DL_Normal,Log (High Het)_k20,1,True,0.0029435157775878906,,,6.461371210219912e-07,,,Success
TwoStage_DL_HKSJ,Log (High Het)_k20,2,True,0.0025238990783691406,,,6.530088509389198e-07,,,Success
TwoStage_DL_Normal,Log (High Het)_k20,2,True,0.0029277801513671875,,,6.530088509389198e-07,,,Success
TwoStage_DL_HKSJ,Log (High Het)_k20,3,True,0.0026025772094726562,,,1.1231679232957082e-06,,,Success
TwoStage_DL_Normal,Log (High Het)_k20,3,True,0.002726316452026367,,,1.1231679232957082e-06,,,Success
TwoStage_DL_HKSJ,Log (High Het)_k20,4,True,0.0029942989349365234,,,1.1383197167253966e-06,,,Success
TwoStage_DL_Normal,Log (High Het)_k20,4,True,0.002778768539428711,,,1.1383197167253966e-06,,,Success
TwoStage_DL_HKSJ,Log (High Het)_k20,5,True,0.0025382041931152344,,,1.1113722776944736e-06,,,Success
TwoStage_DL_Normal,Log (High Het)_k20,5,True,0.002580404281616211,,,1.1113722776944736e-06,,,Success
TwoStage_DL_HKSJ,Log (High Het)_k20,6,True,0.002571582794189453,,,9.416513636904143e-07,,,Success
TwoStage_DL_Normal,Log (High Het)_k20,6,True,0.0025663375854492188,,,9.416513636904143e-07,,,Success
TwoStage_DL_HKSJ,Log (High Het)_k20,7,True,0.0029020309448242188,,,1.280693906492544e-06,,,Success
TwoStage_DL_Normal,Log (High Het)_k20,7,True,0.002843141555786133,,,1.280693906492544e-06,,,Success
TwoStage_DL_HKSJ,Log (High Het)_k20,8,True,0.002569913864135742,,,1.3871568262061586e-06,,,Success
TwoStage_DL_Normal,Log (High Het)_k20,8,True,0.002788543701171875,,,1.3871568262061586e-06,,,Success
TwoStage_DL_HKSJ,Log (High Het)_k20,9,True,0.004460334777832031,,,7.227411605134304e-07,,,Success
TwoStage_DL_Normal,Log (High Het)_k20,9,True,0.0034139156341552734,,,7.227411605134304e-07,,,Success
TwoStage_DL_HKSJ,Log (High Het)_k20,10,True,0.0036590099334716797,,,1.6125807483460497e-06,,,Success
TwoStage_DL_Normal,Log (High Het)_k20,10,True,0.002526521682739258,,,1.6125807483460497e-06,,,Success
TwoStage_DL_HKSJ,Log (High Het)_k20,11,True,0.0035393238067626953,,,4.4038175357258727e-07,,,Success
TwoStage_DL_Normal,Log (High Het)_k20,11,True,0.0038034915924072266,,,4.4038175357258727e-07,,,Success
TwoStage_DL_HKSJ,Log (High Het)_k20,12,True,0.00266265869140625,,,8.632146803472712e-07,,,Success
TwoStage_DL_Normal,Log (High Het)_k20,12,True,0.0027551651000976562,,,8.632146803472712e-07,,,Success
TwoStage_DL_HKSJ,Log (High Het)_k20,13,True,0.0027489662170410156,,,1.094350100859264e-06,,,Success
TwoStage_DL_Normal,Log (High Het)_k20,13,True,0.0035698413848876953,,,1.094350100859264e-06,,,Success
TwoStage_DL_HKSJ,Log (High Het)_k20,14,True,0.0028142929077148438,,,7.371978598778404e-07,,,Success
TwoStage_DL_Normal,Log (High Het)_k20,14,True,0.0032303333282470703,,,7.371978598778404e-07,,,Success
TwoStage_DL_HKSJ,Log (High Het)_k20,15,True,0.0027511119842529297,,,9.871442057785522e-07,,,Success
TwoStage_DL_Normal,Log (High Het)_k20,15,True,0.0028581619262695312,,,9.871442057785522e-07,,,Success
TwoStage_DL_HKSJ,Log (High Het)_k20,16,True,0.002960681915283203,,,1.1213179587967485e-06,,,Success
TwoStage_DL_Normal,Log (High Het)_k20,16,True,0.0028533935546875,,,1.1213179587967485e-06,,,Success
TwoStage_DL_HKSJ,Log (High Het)_k20,17,True,0.0028257369995117188,,,5.824554466173406e-07,,,Success
TwoStage_DL_Normal,Log (High Het)_k20,17,True,0.0029222965240478516,,,5.824554466173406e-07,,,Success
TwoStage_DL_HKSJ,Log (High Het)_k20,18,True,0.0027506351470947266,,,6.777910498925394e-07,,,Success
TwoStage_DL_Normal,Log (High Het)_k20,18,True,0.0028009414672851562,,,6.777910498925394e-07,,,Success
TwoStage_DL_HKSJ,Log (High Het)_k20,19,True,0.002701997756958008,,,8.012842530682482e-07,,,Success
TwoStage_DL_Normal,Log (High Het)_k20,19,True,0.0027234554290771484,,,8.012842530682482e-07,,,Success
TwoStage_DL_HKSJ,Log (High Het)_k20,20,True,0.0027234554290771484,,,9.97808900311354e-07,,,Success
TwoStage_DL_Normal,Log (High Het)_k20,20,True,0.0028727054595947266,,,9.97808900311354e-07,,,Success
TwoStage_DL_HKSJ,Log (High Het)_k20,21,True,0.0031173229217529297,,,6.300707215828532e-07,,,Success
TwoStage_DL_Normal,Log (High Het)_k20,21,True,0.0030171871185302734,,,6.300707215828532e-07,,,Success
TwoStage_DL_HKSJ,Log (High Het)_k20,22,True,0.0029850006103515625,,,8.178165890079186e-07,,,Success
TwoStage_DL_Normal,Log (High Het)_k20,22,True,0.002920866012573242,,,8.178165890079186e-07,,,Success
TwoStage_DL_HKSJ,Log (High Het)_k20,23,True,0.002870321273803711,,,5.746923910739481e-07,,,Success
TwoStage_DL_Normal,Log (High Het)_k20,23,True,0.0032927989959716797,,,5.746923910739481e-07,,,Success
TwoStage_DL_HKSJ,Log (High Het)_k20,24,True,0.0030167102813720703,,,8.504425108815754e-07,,,Success
TwoStage_DL_Normal,Log (High Het)_k20,24,True,0.002971649169921875,,,8.504425108815754e-07,,,Success
TwoStage_DL_HKSJ,Log (High Het)_k20,25,True,0.0029218196868896484,,,7.443963158943874e-07,,,Success
TwoStage_DL_Normal,Log (High Het)_k20,25,True,0.003266572952270508,,,7.443963158943874e-07,,,Success
TwoStage_DL_HKSJ,Log (High Het)_k20,26,True,0.002766847610473633,,,7.25518693387031e-07,,,Success
TwoStage_DL_Normal,Log (High Het)_k20,26,True,0.002825021743774414,,,7.25518693387031e-07,,,Success
TwoStage_DL_HKSJ,Log (High Het)_k20,27,True,0.002799510955810547,,,1.3200462217276753e-06,,,Success
TwoStage_DL_Normal,Log (High Het)_k20,27,True,0.003177165985107422,,,1.3200462217276753e-06,,,Success
TwoStage_DL_HKSJ,Log (High Het)_k20,28,True,0.003075122833251953,,,6.333590440589564e-07,,,Success
TwoStage_DL_Normal,Log (High Het)_k20,28,True,0.0027544498443603516,,,6.333590440589564e-07,,,Success
TwoStage_DL_HKSJ,Log (High Het)_k20,29,True,0.002965211868286133,,,8.588243386152311e-07,,,Success
TwoStage_DL_Normal,Log (High Het)_k20,29,True,0.0028340816497802734,,,8.588243386152311e-07,,,Success
TwoStage_DL_HKSJ,Log (High Het)_k20,30,True,0.004296541213989258,,,8.123570653098382e-07,,,Success
TwoStage_DL_Normal,Log (High Het)_k20,30,True,0.004822731018066406,,,8.123570653098382e-07,,,Success
TwoStage_DL_HKSJ,Log (High Het)_k20,31,True,0.005213737487792969,,,1.0162955299560708e-06,,,Success
TwoStage_DL_Normal,Log (High Het)_k20,31,True,0.004167795181274414,,,1.0162955299560708e-06,,,Success
TwoStage_DL_HKSJ,Log (High Het)_k20,32,True,0.0026082992553710938,,,1.2262222359856837e-06,,,Success
TwoStage_DL_Normal,Log (High Het)_k20,32,True,0.002707242965698242,,,1.2262222359856837e-06,,,Success
TwoStage_DL_HKSJ,Log (High Het)_k20,33,True,0.0029230117797851562,,,1.1530404854322882e-06,,,Success
TwoStage_DL_Normal,Log (High Het)_k20,33,True,0.0027513504028320312,,,1.1530404854322882e-06,,,Success
TwoStage_DL_HKSJ,Log (High Het)_k20,34,True,0.0027239322662353516,,,1.0009752357243592e-06,,,Success
TwoStage_DL_Normal,Log (High Het)_k20,34,True,0.0026979446411132812,,,1.0009752357243592e-06,,,Success
TwoStage_DL_HKSJ,Log (High Het)_k20,35,True,0.003125905990600586,,,8.697633836946562e-07,,,Success
TwoStage_DL_Normal,Log (High Het)_k20,35,True,0.002857208251953125,,,8.697633836946562e-07,,,Success
TwoStage_DL_HKSJ,Log (High Het)_k20,36,True,0.0027816295623779297,,,1.166665032761278e-06,,,Success
TwoStage_DL_Normal,Log (High Het)_k20,36,True,0.0030202865600585938,,,1.166665032761278e-06,,,Success
TwoStage_DL_HKSJ,Log (High Het)_k20,37,True,0.0026290416717529297,,,8.019366369421081e-07,,,Success
TwoStage_DL_Normal,Log (High Het)_k20,37,True,0.0030164718627929688,,,8.019366369421081e-07,,,Success
TwoStage_DL_HKSJ,Log (High Het)_k20,38,True,0.002796649932861328,,,8.856949396481037e-07,,,Success
TwoStage_DL_Normal,Log (High Het)_k20,38,True,0.0030846595764160156,,,8.856949396481037e-07,,,Success
TwoStage_DL_HKSJ,Log (High Het)_k20,39,True,0.0032007694244384766,,,1.378445769019134e-06,,,Success
TwoStage_DL_Normal,Log (High Het)_k20,39,True,0.003539562225341797,,,1.378445769019134e-06,,,Success
TwoStage_DL_HKSJ,Log (High Het)_k20,40,True,0.0033617019653320312,,,6.12955265433136e-07,,,Success
TwoStage_DL_Normal,Log (High Het)_k20,40,True,0.002922534942626953,,,6.12955265433136e-07,,,Success
TwoStage_DL_HKSJ,Log (High Het)_k20,41,True,0.0028405189514160156,,,7.688207711823373e-07,,,Success
TwoStage_DL_Normal,Log (High Het)_k20,41,True,0.002875804901123047,,,7.688207711823373e-07,,,Success
TwoStage_DL_HKSJ,Log (High Het)_k20,42,True,0.002794504165649414,,,1.0814401568469359e-06,,,Success
TwoStage_DL_Normal,Log (High Het)_k20,42,True,0.002862691879272461,,,1.0814401568469359e-06,,,Success
TwoStage_DL_HKSJ,Log (High Het)_k20,43,True,0.0030701160430908203,,,7.085601657462052e-07,,,Success
TwoStage_DL_Normal,Log (High Het)_k20,43,True,0.003230571746826172,,,7.085601657462052e-07,,,Success
TwoStage_DL_HKSJ,Log (High Het)_k20,44,True,0.0034973621368408203,,,7.050605599652738e-07,,,Success
TwoStage_DL_Normal,Log (High Het)_k20,44,True,0.002820730209350586,,,7.050605599652738e-07,,,Success
TwoStage_DL_HKSJ,Log (High Het)_k20,45,True,0.0027925968170166016,,,1.2958940114420918e-06,,,Success
TwoStage_DL_Normal,Log (High Het)_k20,45,True,0.002735137939453125,,,1.2958940114420918e-06,,,Success
TwoStage_DL_HKSJ,Log (High Het)_k20,46,True,0.0026400089263916016,,,5.735708723557455e-07,,,Success
TwoStage_DL_Normal,Log (High Het)_k20,46,True,0.002745389938354492,,,5.735708723557455e-07,,,Success
TwoStage_DL_HKSJ,Log (High Het)_k20,47,True,0.002665996551513672,,,8.406184268548705e-07,,,Success
TwoStage_DL_Normal,Log (High Het)_k20,47,True,0.0031769275665283203,,,8.406184268548705e-07,,,Success
TwoStage_DL_HKSJ,Log (High Het)_k20,48,True,0.002852916717529297,,,1.0720262828590971e-06,,,Success
TwoStage_DL_Normal,Log (High Het)_k20,48,True,0.002818584442138672,,,1.0720262828590971e-06,,,Success
TwoStage_DL_HKSJ,Log (High Het)_k20,49,True,0.0034072399139404297,,,1.18432615811846e-06,,,Success
TwoStage_DL_Normal,Log (High Het)_k20,49,True,0.0028066635131835938,,,1.18432615811846e-06,,,Success
TwoStage_DL_HKSJ,U-Shaped (Moderate Het)_k20,0,True,0.002755403518676758,,,4.20248687982217e-07,,,Success
TwoStage_DL_Normal,U-Shaped (Moderate Het)_k20,0,True,0.0026705265045166016,,,4.20248687982217e-07,,,Success
TwoStage_DL_HKSJ,U-Shaped (Moderate Het)_k20,1,True,0.002623319625854492,,,2.9374296811640266e-07,,,Success
TwoStage_DL_Normal,U-Shaped (Moderate Het)_k20,1,True,0.0031888484954833984,,,2.9374296811640266e-07,,,Success
TwoStage_DL_HKSJ,U-Shaped (Moderate Het)_k20,2,True,0.0028083324432373047,,,1.910445414078739e-07,,,Success
TwoStage_DL_Normal,U-Shaped (Moderate Het)_k20,2,True,0.002618551254272461,,,1.910445414078739e-07,,,Success
TwoStage_DL_HKSJ,U-Shaped (Moderate Het)_k20,3,True,0.0026612281799316406,,,5.038013486536257e-07,,,Success
TwoStage_DL_Normal,U-Shaped (Moderate Het)_k20,3,True,0.0027158260345458984,,,5.038013486536257e-07,,,Success
TwoStage_DL_HKSJ,U-Shaped (Moderate Het)_k20,4,True,0.0027441978454589844,,,4.414422554516349e-07,,,Success
TwoStage_DL_Normal,U-Shaped (Moderate Het)_k20,4,True,0.0030868053436279297,,,4.414422554516349e-07,,,Success
TwoStage_DL_HKSJ,U-Shaped (Moderate Het)_k20,5,True,0.002674102783203125,,,4.4936018439662003e-07,,,Success
TwoStage_DL_Normal,U-Shaped (Moderate Het)_k20,5,True,0.003083467483520508,,,4.4936018439662003e-07,,,Success
TwoStage_DL_HKSJ,U-Shaped (Moderate Het)_k20,6,True,0.0026597976684570312,,,3.3667337324975663e-07,,,Success
TwoStage_DL_Normal,U-Shaped (Moderate Het)_k20,6,True,0.002723217010498047,,,3.3667337324975663e-07,,,Success
TwoStage_DL_HKSJ,U-Shaped (Moderate Het)_k20,7,True,0.0027234554290771484,,,5.778820653031274e-07,,,Success
TwoStage_DL_Normal,U-Shaped (Moderate Het)_k20,7,True,0.0025506019592285156,,,5.778820653031274e-07,,,Success
TwoStage_DL_HKSJ,U-Shaped (Moderate Het)_k20,8,True,0.003165006637573242,,,6.340758878320931e-07,,,Success
TwoStage_DL_Normal,U-Shaped (Moderate Het)_k20,8,True,0.0036118030548095703,,,6.340758878320931e-07,,,Success
TwoStage_DL_HKSJ,U-Shaped (Moderate Het)_k20,9,True,0.003454446792602539,,,2.9506568854948587e-07,,,Success
TwoStage_DL_Normal,U-Shaped (Moderate Het)_k20,9,True,0.0027837753295898438,,,2.9506568854948587e-07,,,Success
TwoStage_DL_HKSJ,U-Shaped (Moderate Het)_k20,10,True,0.003720998764038086,,,6.610831599027352e-07,,,Success
TwoStage_DL_Normal,U-Shaped (Moderate Het)_k20,10,True,0.003307342529296875,,,6.610831599027352e-07,,,Success
TwoStage_DL_HKSJ,U-Shaped (Moderate Het)_k20,11,True,0.0032491683959960938,,,2.0649350363426433e-07,,,Success
TwoStage_DL_Normal,U-Shaped (Moderate Het)_k20,11,True,0.003618955612182617,,,2.0649350363426433e-07,,,Success
TwoStage_DL_HKSJ,U-Shaped (Moderate Het)_k20,12,True,0.0026280879974365234,,,4.1039189837364345e-07,,,Success
TwoStage_DL_Normal,U-Shaped (Moderate Het)_k20,12,True,0.0032918453216552734,,,4.1039189837364345e-07,,,Success
TwoStage_DL_HKSJ,U-Shaped (Moderate Het)_k20,13,True,0.003174304962158203,,,4.1763873362116275e-07,,,Success
TwoStage_DL_Normal,U-Shaped (Moderate Het)_k20,13,True,0.0027799606323242188,,,4.1763873362116275e-07,,,Success
TwoStage_DL_HKSJ,U-Shaped (Moderate Het)_k20,14,True,0.0028841495513916016,,,2.8906452404724773e-07,,,Success
TwoStage_DL_Normal,U-Shaped (Moderate Het)_k20,14,True,0.003169536590576172,,,2.8906452404724773e-07,,,Success
TwoStage_DL_HKSJ,U-Shaped (Moderate Het)_k20,15,True,0.0027627944946289062,,,4.366451990483412e-07,,,Success
TwoStage_DL_Normal,U-Shaped (Moderate Het)_k20,15,True,0.002871274948120117,,,4.366451990483412e-07,,,Success
TwoStage_DL_HKSJ,U-Shaped (Moderate Het)_k20,16,True,0.003114461898803711,,,3.9600495419864e-07,,,Success
TwoStage_DL_Normal,U-Shaped (Moderate Het)_k20,16,True,0.002779245376586914,,,3.9600495419864e-07,,,Success
TwoStage_DL_HKSJ,U-Shaped (Moderate Het)_k20,17,True,0.003072023391723633,,,3.522501489319755e-07,,,Success
TwoStage_DL_Normal,U-Shaped (Moderate Het)_k20,17,True,0.002875089645385742,,,3.522501489319755e-07,,,Success
TwoStage_DL_HKSJ,U-Shaped (Moderate Het)_k20,18,True,0.0027618408203125,,,3.0596543005244703e-07,,,Success
TwoStage_DL_Normal,U-Shaped (Moderate Het)_k20,18,True,0.0028421878814697266,,,3.0596543005244703e-07,,,Success
TwoStage_DL_HKSJ,U-Shaped (Moderate Het)_k20,19,True,0.00289154052734375,,,3.2176659427652903e-07,,,Success
TwoStage_DL_Normal,U-Shaped (Moderate Het)_k20,19,True,0.003143787384033203,,,3.2176659427652903e-07,,,Success
TwoStage_DL_HKSJ,U-Shaped (Moderate Het)_k20,20,True,0.002632617950439453,,,4.1442670942510356e-07,,,Success
TwoStage_DL_Normal,U-Shaped (Moderate Het)_k20,20,True,0.0026009082794189453,,,4.1442670942510356e-07,,,Success
TwoStage_DL_HKSJ,U-Shaped (Moderate Het)_k20,21,True,0.002672910690307617,,,1.6695877831094915e-07,,,Success
TwoStage_DL_Normal,U-Shaped (Moderate Het)_k20,21,True,0.003012418746948242,,,1.6695877831094915e-07,,,Success
TwoStage_DL_HKSJ,U-Shaped (Moderate Het)_k20,22,True,0.0026481151580810547,,,3.1977134337909887e-07,,,Success
TwoStage_DL_Normal,U-Shaped (Moderate Het)_k20,22,True,0.0026934146881103516,,,3.1977134337909887e-07,,,Success
TwoStage_DL_HKSJ,U-Shaped (Moderate Het)_k20,23,True,0.003008604049682617,,,2.108419162541004e-07,,,Success
TwoStage_DL_Normal,U-Shaped (Moderate Het)_k20,23,True,0.0027408599853515625,,,2.108419162541004e-07,,,Success
TwoStage_DL_HKSJ,U-Shaped (Moderate Het)_k20,24,True,0.002569437026977539,,,3.401269213801651e-07,,,Success
TwoStage_DL_Normal,U-Shaped (Moderate Het)_k20,24,True,0.002804279327392578,,,3.401269213801651e-07,,,Success
TwoStage_DL_HKSJ,U-Shaped (Moderate Het)_k20,25,True,0.002623319625854492,,,3.7073565283397387e-07,,,Success
TwoStage_DL_Normal,U-Shaped (Moderate Het)_k20,25,True,0.0029489994049072266,,,3.7073565283397387e-07,,,Success
TwoStage_DL_HKSJ,U-Shaped (Moderate Het)_k20,26,True,0.002855062484741211,,,4.0042946106687595e-07,,,Success
TwoStage_DL_Normal,U-Shaped (Moderate Het)_k20,26,True,0.003152132034301758,,,4.0042946106687595e-07,,,Success
TwoStage_DL_HKSJ,U-Shaped (Moderate Het)_k20,27,True,0.003936290740966797,,,5.868901850621312e-07,,,Success
TwoStage_DL_Normal,U-Shaped (Moderate Het)_k20,27,True,0.0028638839721679688,,,5.868901850621312e-07,,,Success
TwoStage_DL_HKSJ,U-Shaped (Moderate Het)_k20,28,True,0.0028243064880371094,,,3.2492104889251583e-07,,,Success
TwoStage_DL_Normal,U-Shaped (Moderate Het)_k20,28,True,0.0027348995208740234,,,3.2492104889251583e-07,,,Success
TwoStage_DL_HKSJ,U-Shaped (Moderate Het)_k20,29,True,0.005059003829956055,,,2.4647688262895805e-07,,,Success
TwoStage_DL_Normal,U-Shaped (Moderate Het)_k20,29,True,0.0050623416900634766,,,2.4647688262895805e-07,,,Success
TwoStage_DL_HKSJ,U-Shaped (Moderate Het)_k20,30,True,0.004892826080322266,,,3.5251706932643463e-07,,,Success
TwoStage_DL_Normal,U-Shaped (Moderate Het)_k20,30,True,0.004647731781005859,,,3.5251706932643463e-07,,,Success
TwoStage_DL_HKSJ,U-Shaped (Moderate Het)_k20,31,True,0.004623889923095703,,,4.66029091038099e-07,,,Success
TwoStage_DL_Normal,U-Shaped (Moderate Het)_k20,31,True,0.005088090896606445,,,4.66029091038099e-07,,,Success
TwoStage_DL_HKSJ,U-Shaped (Moderate Het)_k20,32,True,0.004704713821411133,,,5.385437528793458e-07,,,Success
TwoStage_DL_Normal,U-Shaped (Moderate Het)_k20,32,True,0.004559993743896484,,,5.385437528793458e-07,,,Success
TwoStage_DL_HKSJ,U-Shaped (Moderate Het)_k20,33,True,0.004958391189575195,,,4.355348939761052e-07,,,Success
TwoStage_DL_Normal,U-Shaped (Moderate Het)_k20,33,True,0.004804849624633789,,,4.355348939761052e-07,,,Success
TwoStage_DL_HKSJ,U-Shaped (Moderate Het)_k20,34,True,0.004884481430053711,,,4.690305315891558e-07,,,Success
TwoStage_DL_Normal,U-Shaped (Moderate Het)_k20,34,True,0.005229949951171875,,,4.690305315891558e-07,,,Success
TwoStage_DL_HKSJ,U-Shaped (Moderate Het)_k20,35,True,0.004732370376586914,,,2.8996822014697975e-07,,,Success
TwoStage_DL_Normal,U-Shaped (Moderate Het)_k20,35,True,0.005083322525024414,,,2.8996822014697975e-07,,,Success
TwoStage_DL_HKSJ,U-Shaped (Moderate Het)_k20,36,True,0.004864931106567383,,,4.4638952461580543e-07,,,Success
TwoStage_DL_Normal,U-Shaped (Moderate Het)_k20,36,True,0.004761695861816406,,,4.4638952461580543e-07,,,Success
TwoStage_DL_HKSJ,U-Shaped (Moderate Het)_k20,37,True,0.004541873931884766,,,3.713100142686988e-07,,,Success
TwoStage_DL_Normal,U-Shaped (Moderate Het)_k20,37,True,0.0047321319580078125,,,3.713100142686988e-07,,,Success
TwoStage_DL_HKSJ,U-Shaped (Moderate Het)_k20,38,True,0.00499725341796875,,,4.2075942002774195e-07,,,Success
TwoStage_DL_Normal,U-Shaped (Moderate Het)_k20,38,True,0.004972696304321289,,,4.2075942002774195e-07,,,Success
TwoStage_DL_HKSJ,U-Shaped (Moderate Het)_k20,39,True,0.002749919891357422,,,6.753890030433457e-07,,,Success
TwoStage_DL_Normal,U-Shaped (Moderate Het)_k20,39,True,0.002811431884765625,,,6.753890030433457e-07,,,Success
TwoStage_DL_HKSJ,U-Shaped (Moderate Het)_k20,40,True,0.0027506351470947266,,,2.34101103039761e-07,,,Success
TwoStage_DL_Normal,U-Shaped (Moderate Het)_k20,40,True,0.0037469863891601562,,,2.34101103039761e-07,,,Success
TwoStage_DL_HKSJ,U-Shaped (Moderate Het)_k20,41,True,0.0027015209197998047,,,3.2723401058888143e-07,,,Success
TwoStage_DL_Normal,U-Shaped (Moderate Het)_k20,41,True,0.002641916275024414,,,3.2723401058888143e-07,,,Success
TwoStage_DL_HKSJ,U-Shaped (Moderate Het)_k20,42,True,0.002760648727416992,,,4.616011739723001e-07,,,Success
TwoStage_DL_Normal,U-Shaped (Moderate Het)_k20,42,True,0.0032854080200195312,,,4.616011739723001e-07,,,Success
TwoStage_DL_HKSJ,U-Shaped (Moderate Het)_k20,43,True,0.002718687057495117,,,3.396582920086517e-07,,,Success
TwoStage_DL_Normal,U-Shaped (Moderate Het)_k20,43,True,0.003407716751098633,,,3.396582920086517e-07,,,Success
TwoStage_DL_HKSJ,U-Shaped (Moderate Het)_k20,44,True,0.0027341842651367188,,,3.468555306199356e-07,,,Success
TwoStage_DL_Normal,U-Shaped (Moderate Het)_k20,44,True,0.004076719284057617,,,3.468555306199356e-07,,,Success
TwoStage_DL_HKSJ,U-Shaped (Moderate Het)_k20,45,True,0.0026793479919433594,,,5.932007781007931e-07,,,Success
TwoStage_DL_Normal,U-Shaped (Moderate Het)_k20,45,True,0.00356292724609375,,,5.932007781007931e-07,,,Success
TwoStage_DL_HKSJ,U-Shaped (Moderate Het)_k20,46,True,0.0032663345336914062,,,3.025266411383635e-07,,,Success
TwoStage_DL_Normal,U-Shaped (Moderate Het)_k20,46,True,0.0028209686279296875,,,3.025266411383635e-07,,,Success
TwoStage_DL_HKSJ,U-Shaped (Moderate Het)_k20,47,True,0.002623319625854492,,,3.3126723562505023e-07,,,Success
TwoStage_DL_Normal,U-Shaped (Moderate Het)_k20,47,True,0.0027534961700439453,,,3.3126723562505023e-07,,,Success
TwoStage_DL_HKSJ,U-Shaped (Moderate Het)_k20,48,True,0.002571582794189453,,,3.495590107139568e-07,,,Success
TwoStage_DL_Normal,U-Shaped (Moderate Het)_k20,48,True,0.0027294158935546875,,,3.495590107139568e-07,,,Success
TwoStage_DL_HKSJ,U-Shaped (Moderate Het)_k20,49,True,0.002567291259765625,,,4.789489596988974e-07,,,Success
TwoStage_DL_Normal,U-Shaped (Moderate Het)_k20,49,True,0.002565622329711914,,,4.789489596988974e-07,,,Success
TwoStage_DL_HKSJ,Quadratic (Moderate Het)_k25,0,True,0.0034236907958984375,,,3.762863908381655e-07,,,Success
TwoStage_DL_Normal,Quadratic (Moderate Het)_k25,0,True,0.003964424133300781,,,3.762863908381655e-07,,,Success
TwoStage_DL_HKSJ,Quadratic (Moderate Het)_k25,1,True,0.003974437713623047,,,3.518503773178167e-07,,,Success
TwoStage_DL_Normal,Quadratic (Moderate Het)_k25,1,True,0.004268646240234375,,,3.518503773178167e-07,,,Success
TwoStage_DL_HKSJ,Quadratic (Moderate Het)_k25,2,True,0.0036513805389404297,,,3.423939008974031e-07,,,Success
TwoStage_DL_Normal,Quadratic (Moderate Het)_k25,2,True,0.00362396240234375,,,3.423939008974031e-07,,,Success
TwoStage_DL_HKSJ,Quadratic (Moderate Het)_k25,3,True,0.0031735897064208984,,,4.051475353211336e-07,,,Success
TwoStage_DL_Normal,Quadratic (Moderate Het)_k25,3,True,0.0032567977905273438,,,4.051475353211336e-07,,,Success
TwoStage_DL_HKSJ,Quadratic (Moderate Het)_k25,4,True,0.0032122135162353516,,,6.047622565062975e-07,,,Success
TwoStage_DL_Normal,Quadratic (Moderate Het)_k25,4,True,0.0037703514099121094,,,6.047622565062975e-07,,,Success
TwoStage_DL_HKSJ,Quadratic (Moderate Het)_k25,5,True,0.003273487091064453,,,4.2934819308295843e-07,,,Success
TwoStage_DL_Normal,Quadratic (Moderate Het)_k25,5,True,0.003200531005859375,,,4.2934819308295843e-07,,,Success
TwoStage_DL_HKSJ,Quadratic (Moderate Het)_k25,6,True,0.003442525863647461,,,3.073824656065364e-07,,,Success
TwoStage_DL_Normal,Quadratic (Moderate Het)_k25,6,True,0.0038251876831054688,,,3.073824656065364e-07,,,Success
TwoStage_DL_HKSJ,Quadratic (Moderate Het)_k25,7,True,0.0031599998474121094,,,4.4488355759751227e-07,,,Success
TwoStage_DL_Normal,Quadratic (Moderate Het)_k25,7,True,0.0034084320068359375,,,4.4488355759751227e-07,,,Success
TwoStage_DL_HKSJ,Quadratic (Moderate Het)_k25,8,True,0.0033190250396728516,,,3.018129788314876e-07,,,Success
TwoStage_DL_Normal,Quadratic (Moderate Het)_k25,8,True,0.003316640853881836,,,3.018129788314876e-07,,,Success
TwoStage_DL_HKSJ,Quadratic (Moderate Het)_k25,9,True,0.003281116485595703,,,3.342691001408383e-07,,,Success
TwoStage_DL_Normal,Quadratic (Moderate Het)_k25,9,True,0.003351449966430664,,,3.342691001408383e-07,,,Success
TwoStage_DL_HKSJ,Quadratic (Moderate Het)_k25,10,True,0.003286123275756836,,,3.348734936498364e-07,,,Success
TwoStage_DL_Normal,Quadratic (Moderate Het)_k25,10,True,0.0035576820373535156,,,3.348734936498364e-07,,,Success
TwoStage_DL_HKSJ,Quadratic (Moderate Het)_k25,11,True,0.0033631324768066406,,,2.3368321429354586e-07,,,Success
TwoStage_DL_Normal,Quadratic (Moderate Het)_k25,11,True,0.003641366958618164,,,2.3368321429354586e-07,,,Success
TwoStage_DL_HKSJ,Quadratic (Moderate Het)_k25,12,True,0.0031540393829345703,,,6.295786081661217e-07,,,Success
TwoStage_DL_Normal,Quadratic (Moderate Het)_k25,12,True,0.0030908584594726562,,,6.295786081661217e-07,,,Success
TwoStage_DL_HKSJ,Quadratic (Moderate Het)_k25,13,True,0.0031337738037109375,,,2.5970622787839467e-07,,,Success
TwoStage_DL_Normal,Quadratic (Moderate Het)_k25,13,True,0.0031349658966064453,,,2.5970622787839467e-07,,,Success
TwoStage_DL_HKSJ,Quadratic (Moderate Het)_k25,14,True,0.0033025741577148438,,,3.384437383675424e-07,,,Success
TwoStage_DL_Normal,Quadratic (Moderate Het)_k25,14,True,0.0033867359161376953,,,3.384437383675424e-07,,,Success
TwoStage_DL_HKSJ,Quadratic (Moderate Het)_k25,15,True,0.004496335983276367,,,3.7640632879198553e-07,,,Success
TwoStage_DL_Normal,Quadratic (Moderate Het)_k25,15,True,0.0033636093139648438,,,3.7640632879198553e-07,,,Success
TwoStage_DL_HKSJ,Quadratic (Moderate Het)_k25,16,True,0.00336456298828125,,,2.768519140774222e-07,,,Success
TwoStage_DL_Normal,Quadratic (Moderate Het)_k25,16,True,0.003355741500854492,,,2.768519140774222e-07,,,Success
TwoStage_DL_HKSJ,Quadratic (Moderate Het)_k25,17,True,0.003108978271484375,,,3.490675787169214e-07,,,Success
TwoStage_DL_Normal,Quadratic (Moderate Het)_k25,17,True,0.0030984878540039062,,,3.490675787169214e-07,,,Success
TwoStage_DL_HKSJ,Quadratic (Moderate Het)_k25,18,True,0.003175973892211914,,,3.40529772172536e-07,,,Success
TwoStage_DL_Normal,Quadratic (Moderate Het)_k25,18,True,0.0031800270080566406,,,3.40529772172536e-07,,,Success
TwoStage_DL_HKSJ,Quadratic (Moderate Het)_k25,19,True,0.003333568572998047,,,2.9539077137266654e-07,,,Success
TwoStage_DL_Normal,Quadratic (Moderate Het)_k25,19,True,0.0033249855041503906,,,2.9539077137266654e-07,,,Success
TwoStage_DL_HKSJ,Quadratic (Moderate Het)_k25,20,True,0.003359079360961914,,,4.989221870024851e-07,,,Success
TwoStage_DL_Normal,Quadratic (Moderate Het)_k25,20,True,0.003388643264770508,,,4.989221870024851e-07,,,Success
TwoStage_DL_HKSJ,Quadratic (Moderate Het)_k25,21,True,0.0033419132232666016,,,2.3814979244948059e-07,,,Success
TwoStage_DL_Normal,Quadratic (Moderate Het)_k25,21,True,0.003312349319458008,,,2.3814979244948059e-07,,,Success
TwoStage_DL_HKSJ,Quadratic (Moderate Het)_k25,22,True,0.003604412078857422,,,3.8561640424536666e-07,,,Success
TwoStage_DL_Normal,Quadratic (Moderate Het)_k25,22,True,0.0032396316528320312,,,3.8561640424536666e-07,,,Success
TwoStage_DL_HKSJ,Quadratic (Moderate Het)_k25,23,True,0.0032758712768554688,,,4.254471397538735e-07,,,Success
TwoStage_DL_Normal,Quadratic (Moderate Het)_k25,23,True,0.003933906555175781,,,4.254471397538735e-07,,,Success
TwoStage_DL_HKSJ,Quadratic (Moderate Het)_k25,24,True,0.003944873809814453,,,2.201415397754127e-07,,,Success
TwoStage_DL_Normal,Quadratic (Moderate Het)_k25,24,True,0.005071401596069336,,,2.201415397754127e-07,,,Success
TwoStage_DL_HKSJ,Quadratic (Moderate Het)_k25,25,True,0.003111600875854492,,,3.5497869031067843e-07,,,Success
TwoStage_DL_Normal,Quadratic (Moderate Het)_k25,25,True,0.003292560577392578,,,3.5497869031067843e-07,,,Success
TwoStage_DL_HKSJ,Quadratic (Moderate Het)_k25,26,True,0.0031774044036865234,,,7.652849139680909e-07,,,Success
TwoStage_DL_Normal,Quadratic (Moderate Het)_k25,26,True,0.003394603729248047,,,7.652849139680909e-07,,,Success
TwoStage_DL_HKSJ,Quadratic (Moderate Het)_k25,27,True,0.0032727718353271484,,,5.800897297963279e-07,,,Success
TwoStage_DL_Normal,Quadratic (Moderate Het)_k25,27,True,0.0031545162200927734,,,5.800897297963279e-07,,,Success
TwoStage_DL_HKSJ,Quadratic (Moderate Het)_k25,28,True,0.003392457962036133,,,3.820099918706948e-07,,,Success
TwoStage_DL_Normal,Quadratic (Moderate Het)_k25,28,True,0.003409862518310547,,,3.820099918706948e-07,,,Success
TwoStage_DL_HKSJ,Quadratic (Moderate Het)_k25,29,True,0.0034606456756591797,,,3.3656104380875925e-07,,,Success
TwoStage_DL_Normal,Quadratic (Moderate Het)_k25,29,True,0.003180265426635742,,,3.3656104380875925e-07,,,Success
TwoStage_DL_HKSJ,Quadratic (Moderate Het)_k25,30,True,0.003239154815673828,,,6.407349081301232e-07,,,Success
TwoStage_DL_Normal,Quadratic (Moderate Het)_k25,30,True,0.0037572383880615234,,,6.407349081301232e-07,,,Success
TwoStage_DL_HKSJ,Quadratic (Moderate Het)_k25,31,True,0.003160238265991211,,,3.8809395654666255e-07,,,Success
TwoStage_DL_Normal,Quadratic (Moderate Het)_k25,31,True,0.003292560577392578,,,3.8809395654666255e-07,,,Success
TwoStage_DL_HKSJ,Quadratic (Moderate Het)_k25,32,True,0.0031075477600097656,,,5.430487545825601e-07,,,Success
TwoStage_DL_Normal,Quadratic (Moderate Het)_k25,32,True,0.0031728744506835938,,,5.430487545825601e-07,,,Success
TwoStage_DL_HKSJ,Quadratic (Moderate Het)_k25,33,True,0.003079652786254883,,,3.234656345461303e-07,,,Success
TwoStage_DL_Normal,Quadratic (Moderate Het)_k25,33,True,0.0031251907348632812,,,3.234656345461303e-07,,,Success
TwoStage_DL_HKSJ,Quadratic (Moderate Het)_k25,34,True,0.0031578540802001953,,,2.910412347753543e-07,,,Success
TwoStage_DL_Normal,Quadratic (Moderate Het)_k25,34,True,0.003153562545776367,,,2.910412347753543e-07,,,Success
TwoStage_DL_HKSJ,Quadratic (Moderate Het)_k25,35,True,0.003065824508666992,,,7.311810857263702e-07,,,Success
TwoStage_DL_Normal,Quadratic (Moderate Het)_k25,35,True,0.0037457942962646484,,,7.311810857263702e-07,,,Success
TwoStage_DL_HKSJ,Quadratic (Moderate Het)_k25,36,True,0.0031137466430664062,,,3.170499956403587e-07,,,Success
TwoStage_DL_Normal,Quadratic (Moderate Het)_k25,36,True,0.0030755996704101562,,,3.170499956403587e-07,,,Success
TwoStage_DL_HKSJ,Quadratic (Moderate Het)_k25,37,True,0.0030562877655029297,,,5.339546983194974e-07,,,Success
TwoStage_DL_Normal,Quadratic (Moderate Het)_k25,37,True,0.0032682418823242188,,,5.339546983194974e-07,,,Success
TwoStage_DL_HKSJ,Quadratic (Moderate Het)_k25,38,True,0.0033943653106689453,,,3.9004771263254815e-07,,,Success
TwoStage_DL_Normal,Quadratic (Moderate Het)_k25,38,True,0.0040988922119140625,,,3.9004771263254815e-07,,,Success
TwoStage_DL_HKSJ,Quadratic (Moderate Het)_k25,39,True,0.0035965442657470703,,,4.3340925282986327e-07,,,Success
TwoStage_DL_Normal,Quadratic (Moderate Het)_k25,39,True,0.004060983657836914,,,4.3340925282986327e-07,,,Success
TwoStage_DL_HKSJ,Quadratic (Moderate Het)_k25,40,True,0.003669261932373047,,,3.8597523889844515e-07,,,Success
TwoStage_DL_Normal,Quadratic (Moderate Het)_k25,40,True,0.003674030303955078,,,3.8597523889844515e-07,,,Success
TwoStage_DL_HKSJ,Quadratic (Moderate Het)_k25,41,True,0.0034775733947753906,,,6.367407358825303e-07,,,Success
TwoStage_DL_Normal,Quadratic (Moderate Het)_k25,41,True,0.0040721893310546875,,,6.367407358825303e-07,,,Success
TwoStage_DL_HKSJ,Quadratic (Moderate Het)_k25,42,True,0.003907442092895508,,,2.878256802998759e-07,,,Success
TwoStage_DL_Normal,Quadratic (Moderate Het)_k25,42,True,0.0037682056427001953,,,2.878256802998759e-07,,,Success
TwoStage_DL_HKSJ,Quadratic (Moderate Het)_k25,43,True,0.0034132003784179688,,,4.1217563251588474e-07,,,Success
TwoStage_DL_Normal,Quadratic (Moderate Het)_k25,43,True,0.003509044647216797,,,4.1217563251588474e-07,,,Success
TwoStage_DL_HKSJ,Quadratic (Moderate Het)_k25,44,True,0.0038836002349853516,,,4.418984039185865e-07,,,Success
TwoStage_DL_Normal,Quadratic (Moderate Het)_k25,44,True,0.003874540328979492,,,4.418984039185865e-07,,,Success
TwoStage_DL_HKSJ,Quadratic (Moderate Het)_k25,45,True,0.0037300586700439453,,,4.3517054889518706e-07,,,Success
TwoStage_DL_Normal,Quadratic (Moderate Het)_k25,45,True,0.0035407543182373047,,,4.3517054889518706e-07,,,Success
TwoStage_DL_HKSJ,Quadratic (Moderate Het)_k25,46,True,0.003672361373901367,,,3.7445764602934145e-07,,,Success
TwoStage_DL_Normal,Quadratic (Moderate Het)_k25,46,True,0.0032379627227783203,,,3.7445764602934145e-07,,,Success
TwoStage_DL_HKSJ,Quadratic (Moderate Het)_k25,47,True,0.003476381301879883,,,4.400592997480294e-07,,,Success
TwoStage_DL_Normal,Quadratic (Moderate Het)_k25,47,True,0.003860950469970703,,,4.400592997480294e-07,,,Success
TwoStage_DL_HKSJ,Quadratic (Moderate Het)_k25,48,True,0.003162384033203125,,,2.5381484231866053e-07,,,Success
TwoStage_DL_Normal,Quadratic (Moderate Het)_k25,48,True,0.003412485122680664,,,2.5381484231866053e-07,,,Success
TwoStage_DL_HKSJ,Quadratic (Moderate Het)_k25,49,True,0.004179716110229492,,,4.4910737247074e-07,,,Success
TwoStage_DL_Normal,Quadratic (Moderate Het)_k25,49,True,0.0035822391510009766,,,4.4910737247074e-07,,,Success
TwoStage_DL_HKSJ,Log (High Het)_k25,0,True,0.0033867359161376953,,,7.883742165162528e-07,,,Success
TwoStage_DL_Normal,Log (High Het)_k25,0,True,0.003561735153198242,,,7.883742165162528e-07,,,Success
TwoStage_DL_HKSJ,Log (High Het)_k25,1,True,0.0032470226287841797,,,8.342934717591067e-07,,,Success
TwoStage_DL_Normal,Log (High Het)_k25,1,True,0.0037174224853515625,,,8.342934717591067e-07,,,Success
TwoStage_DL_HKSJ,Log (High Het)_k25,2,True,0.0031032562255859375,,,8.463213936139386e-07,,,Success
TwoStage_DL_Normal,Log (High Het)_k25,2,True,0.0036993026733398438,,,8.463213936139386e-07,,,Success
TwoStage_DL_HKSJ,Log (High Het)_k25,3,True,0.003938436508178711,,,1.0524528129295454e-06,,,Success
TwoStage_DL_Normal,Log (High Het)_k25,3,True,0.003125905990600586,,,1.0524528129295454e-06,,,Success
TwoStage_DL_HKSJ,Log (High Het)_k25,4,True,0.0031795501708984375,,,1.228476074360883e-06,,,Success
TwoStage_DL_Normal,Log (High Het)_k25,4,True,0.0036864280700683594,,,1.228476074360883e-06,,,Success
TwoStage_DL_HKSJ,Log (High Het)_k25,5,True,0.0033445358276367188,,,1.0606599167176386e-06,,,Success
TwoStage_DL_Normal,Log (High Het)_k25,5,True,0.003423452377319336,,,1.0606599167176386e-06,,,Success
TwoStage_DL_HKSJ,Log (High Het)_k25,6,True,0.0033538341522216797,,,7.741800260976528e-07,,,Success
TwoStage_DL_Normal,Log (High Het)_k25,6,True,0.0038352012634277344,,,7.741800260976528e-07,,,Success
TwoStage_DL_HKSJ,Log (High Het)_k25,7,True,0.003276824951171875,,,1.029244703093387e-06,,,Success
TwoStage_DL_Normal,Log (High Het)_k25,7,True,0.0032982826232910156,,,1.029244703093387e-06,,,Success
TwoStage_DL_HKSJ,Log (High Het)_k25,8,True,0.003448486328125,,,6.775248918875575e-07,,,Success
TwoStage_DL_Normal,Log (High Het)_k25,8,True,0.0034401416778564453,,,6.775248918875575e-07,,,Success
TwoStage_DL_HKSJ,Log (High Het)_k25,9,True,0.003875255584716797,,,8.767317814575147e-07,,,Success
TwoStage_DL_Normal,Log (High Het)_k25,9,True,0.0034456253051757812,,,8.767317814575147e-07,,,Success
TwoStage_DL_HKSJ,Log (High Het)_k25,10,True,0.0037271976470947266,,,8.107002373011713e-07,,,Success
TwoStage_DL_Normal,Log (High Het)_k25,10,True,0.003941774368286133,,,8.107002373011713e-07,,,Success
TwoStage_DL_HKSJ,Log (High Het)_k25,11,True,0.003845691680908203,,,7.183386938969967e-07,,,Success
TwoStage_DL_Normal,Log (High Het)_k25,11,True,0.003412961959838867,,,7.183386938969967e-07,,,Success
TwoStage_DL_HKSJ,Log (High Het)_k25,12,True,0.0034112930297851562,,,1.7760432717651217e-06,,,Success
TwoStage_DL_Normal,Log (High Het)_k25,12,True,0.004008054733276367,,,1.7760432717651217e-06,,,Success
TwoStage_DL_HKSJ,Log (High Het)_k25,13,True,0.003361225128173828,,,6.82246803583669e-07,,,Success
TwoStage_DL_Normal,Log (High Het)_k25,13,True,0.003983259201049805,,,6.82246803583669e-07,,,Success
TwoStage_DL_HKSJ,Log (High Het)_k25,14,True,0.003389596939086914,,,1.0015700565590223e-06,,,Success
TwoStage_DL_Normal,Log (High Het)_k25,14,True,0.0033016204833984375,,,1.0015700565590223e-06,,,Success
TwoStage_DL_HKSJ,Log (High Het)_k25,15,True,0.0036690235137939453,,,7.55904219044953e-07,,,Success
TwoStage_DL_Normal,Log (High Het)_k25,15,True,0.0038979053497314453,,,7.55904219044953e-07,,,Success
TwoStage_DL_HKSJ,Log (High Het)_k25,16,True,0.0039060115814208984,,,5.467278488670516e-07,,,Success
TwoStage_DL_Normal,Log (High Het)_k25,16,True,0.0037717819213867188,,,5.467278488670516e-07,,,Success
TwoStage_DL_HKSJ,Log (High Het)_k25,17,True,0.003341197967529297,,,7.023605072595394e-07,,,Success
TwoStage_DL_Normal,Log (High Het)_k25,17,True,0.0036537647247314453,,,7.023605072595394e-07,,,Success
TwoStage_DL_HKSJ,Log (High Het)_k25,18,True,0.0038831233978271484,,,8.968949276216146e-07,,,Success
TwoStage_DL_Normal,Log (High Het)_k25,18,True,0.004065990447998047,,,8.968949276216146e-07,,,Success
TwoStage_DL_HKSJ,Log (High Het)_k25,19,True,0.003954172134399414,,,6.799545437799338e-07,,,Success
TwoStage_DL_Normal,Log (High Het)_k25,19,True,0.00348663330078125,,,6.799545437799338e-07,,,Success
TwoStage_DL_HKSJ,Log (High Het)_k25,20,True,0.004311800003051758,,,1.0499283347440231e-06,,,Success
TwoStage_DL_Normal,Log (High Het)_k25,20,True,0.00422978401184082,,,1.0499283347440231e-06,,,Success
TwoStage_DL_HKSJ,Log (High Het)_k25,21,True,0.003763437271118164,,,6.188239474486287e-07,,,Success
TwoStage_DL_Normal,Log (High Het)_k25,21,True,0.00399017333984375,,,6.188239474486287e-07,,,Success
TwoStage_DL_HKSJ,Log (High Het)_k25,22,True,0.003961324691772461,,,7.538295402350608e-07,,,Success
TwoStage_DL_Normal,Log (High Het)_k25,22,True,0.0042841434478759766,,,7.538295402350608e-07,,,Success
TwoStage_DL_HKSJ,Log (High Het)_k25,23,True,0.003235340118408203,,,8.453073835491982e-07,,,Success
TwoStage_DL_Normal,Log (High Het)_k25,23,True,0.004167795181274414,,,8.453073835491982e-07,,,Success
TwoStage_DL_HKSJ,Log (High Het)_k25,24,True,0.004419565200805664,,,7.194581847146597e-07,,,Success
TwoStage_DL_Normal,Log (High Het)_k25,24,True,0.0035278797149658203,,,7.194581847146597e-07,,,Success
TwoStage_DL_HKSJ,Log (High Het)_k25,25,True,0.004122734069824219,,,9.597537395125027e-07,,,Success
TwoStage_DL_Normal,Log (High Het)_k25,25,True,0.004801034927368164,,,9.597537395125027e-07,,,Success
TwoStage_DL_HKSJ,Log (High Het)_k25,26,True,0.004445791244506836,,,1.7186779296257954e-06,,,Success
TwoStage_DL_Normal,Log (High Het)_k25,26,True,0.003999471664428711,,,1.7186779296257954e-06,,,Success
TwoStage_DL_HKSJ,Log (High Het)_k25,27,True,0.004244089126586914,,,1.181350248709466e-06,,,Success
TwoStage_DL_Normal,Log (High Het)_k25,27,True,0.0038623809814453125,,,1.181350248709466e-06,,,Success
TwoStage_DL_HKSJ,Log (High Het)_k25,28,True,0.004028797149658203,,,8.926806507846683e-07,,,Success
TwoStage_DL_Normal,Log (High Het)_k25,28,True,0.0043811798095703125,,,8.926806507846683e-07,,,Success
TwoStage_DL_HKSJ,Log (High Het)_k25,29,True,0.0036640167236328125,,,8.954168422647714e-07,,,Success
TwoStage_DL_Normal,Log (High Het)_k25,29,True,0.003698110580444336,,,8.954168422647714e-07,,,Success
TwoStage_DL_HKSJ,Log (High Het)_k25,30,True,0.0034780502319335938,,,1.586881301700679e-06,,,Success
TwoStage_DL_Normal,Log (High Het)_k25,30,True,0.0037689208984375,,,1.586881301700679e-06,,,Success
TwoStage_DL_HKSJ,Log (High Het)_k25,31,True,0.004040241241455078,,,9.975788514003783e-07,,,Success
TwoStage_DL_Normal,Log (High Het)_k25,31,True,0.0037462711334228516,,,9.975788514003783e-07,,,Success
TwoStage_DL_HKSJ,Log (High Het)_k25,32,True,0.003155946731567383,,,1.2181997143733017e-06,,,Success
TwoStage_DL_Normal,Log (High Het)_k25,32,True,0.0035681724548339844,,,1.2181997143733017e-06,,,Success
TwoStage_DL_HKSJ,Log (High Het)_k25,33,True,0.0031135082244873047,,,6.87808829537563e-07,,,Success
TwoStage_DL_Normal,Log (High Het)_k25,33,True,0.0032792091369628906,,,6.87808829537563e-07,,,Success
TwoStage_DL_HKSJ,Log (High Het)_k25,34,True,0.003322601318359375,,,7.233850620437806e-07,,,Success
TwoStage_DL_Normal,Log (High Het)_k25,34,True,0.003516674041748047,,,7.233850620437806e-07,,,Success
TwoStage_DL_HKSJ,Log (High Het)_k25,35,True,0.0033464431762695312,,,1.3634112028820782e-06,,,Success
TwoStage_DL_Normal,Log (High Het)_k25,35,True,0.0032765865325927734,,,1.3634112028820782e-06,,,Success
TwoStage_DL_HKSJ,Log (High Het)_k25,36,True,0.0045201778411865234,,,7.324345412375144e-07,,,Success
TwoStage_DL_Normal,Log (High Het)_k25,36,True,0.0031995773315429688,,,7.324345412375144e-07,,,Success
TwoStage_DL_HKSJ,Log (High Het)_k25,37,True,0.0032188892364501953,,,1.2113957765577037e-06,,,Success
TwoStage_DL_Normal,Log (High Het)_k25,37,True,0.004184722900390625,,,1.2113957765577037e-06,,,Success
TwoStage_DL_HKSJ,Log (High Het)_k25,38,True,0.0035305023193359375,,,8.982395942928491e-07,,,Success
TwoStage_DL_Normal,Log (High Het)_k25,38,True,0.003187417984008789,,,8.982395942928491e-07,,,Success
TwoStage_DL_HKSJ,Log (High Het)_k25,39,True,0.004016399383544922,,,1.0800230418641441e-06,,,Success
TwoStage_DL_Normal,Log (High Het)_k25,39,True,0.004168987274169922,,,1.0800230418641441e-06,,,Success
TwoStage_DL_HKSJ,Log (High Het)_k25,40,True,0.0033376216888427734,,,9.336739463373957e-07,,,Success
TwoStage_DL_Normal,Log (High Het)_k25,40,True,0.003968238830566406,,,9.336739463373957e-07,,,Success
TwoStage_DL_HKSJ,Log (High Het)_k25,41,True,0.0031774044036865234,,,1.5092602636625507e-06,,,Success
TwoStage_DL_Normal,Log (High Het)_k25,41,True,0.0032253265380859375,,,1.5092602636625507e-06,,,Success
TwoStage_DL_HKSJ,Log (High Het)_k25,42,True,0.0032105445861816406,,,6.687574063638616e-07,,,Success
TwoStage_DL_Normal,Log (High Het)_k25,42,True,0.003586292266845703,,,6.687574063638616e-07,,,Success
TwoStage_DL_HKSJ,Log (High Het)_k25,43,True,0.003202199935913086,,,9.367256814612525e-07,,,Success
TwoStage_DL_Normal,Log (High Het)_k25,43,True,0.0031774044036865234,,,9.367256814612525e-07,,,Success
TwoStage_DL_HKSJ,Log (High Het)_k25,44,True,0.0035004615783691406,,,1.0820145243356446e-06,,,Success
TwoStage_DL_Normal,Log (High Het)_k25,44,True,0.003137350082397461,,,1.0820145243356446e-06,,,Success
TwoStage_DL_HKSJ,Log (High Het)_k25,45,True,0.005501747131347656,,,1.0043987382346054e-06,,,Success
TwoStage_DL_Normal,Log (High Het)_k25,45,True,0.00546717643737793,,,1.0043987382346054e-06,,,Success
TwoStage_DL_HKSJ,Log (High Het)_k25,46,True,0.005664825439453125,,,8.288464268990815e-07,,,Success
TwoStage_DL_Normal,Log (High Het)_k25,46,True,0.005454540252685547,,,8.288464268990815e-07,,,Success
TwoStage_DL_HKSJ,Log (High Het)_k25,47,True,0.005545616149902344,,,1.0634919920723595e-06,,,Success
TwoStage_DL_Normal,Log (High Het)_k25,47,True,0.005537748336791992,,,1.0634919920723595e-06,,,Success
TwoStage_DL_HKSJ,Log (High Het)_k25,48,True,0.005560636520385742,,,5.167003267837512e-07,,,Success
TwoStage_DL_Normal,Log (High Het)_k25,48,True,0.005374908447265625,,,5.167003267837512e-07,,,Success
TwoStage_DL_HKSJ,Log (High Het)_k25,49,True,0.005628347396850586,,,8.995332871721499e-07,,,Success
TwoStage_DL_Normal,Log (High Het)_k25,49,True,0.0055310726165771484,,,8.995332871721499e-07,,,Success
TwoStage_DL_HKSJ,U-Shaped (Moderate Het)_k25,0,True,0.005738973617553711,,,3.889494711426705e-07,,,Success
TwoStage_DL_Normal,U-Shaped (Moderate Het)_k25,0,True,0.0054569244384765625,,,3.889494711426705e-07,,,Success
TwoStage_DL_HKSJ,U-Shaped (Moderate Het)_k25,1,True,0.005398988723754883,,,3.486769533783195e-07,,,Success
TwoStage_DL_Normal,U-Shaped (Moderate Het)_k25,1,True,0.0053751468658447266,,,3.486769533783195e-07,,,Success
TwoStage_DL_HKSJ,U-Shaped (Moderate Het)_k25,2,True,0.00548863410949707,,,3.328292051827022e-07,,,Success
TwoStage_DL_Normal,U-Shaped (Moderate Het)_k25,2,True,0.005413055419921875,,,3.328292051827022e-07,,,Success
TwoStage_DL_HKSJ,U-Shaped (Moderate Het)_k25,3,True,0.0056018829345703125,,,4.011241276613699e-07,,,Success
TwoStage_DL_Normal,U-Shaped (Moderate Het)_k25,3,True,0.00535273551940918,,,4.011241276613699e-07,,,Success
TwoStage_DL_HKSJ,U-Shaped (Moderate Het)_k25,4,True,0.005549907684326172,,,6.172186224606468e-07,,,Success
TwoStage_DL_Normal,U-Shaped (Moderate Het)_k25,4,True,0.005616426467895508,,,6.172186224606468e-07,,,Success
TwoStage_DL_HKSJ,U-Shaped (Moderate Het)_k25,5,True,0.005634784698486328,,,4.243799754553399e-07,,,Success
TwoStage_DL_Normal,U-Shaped (Moderate Het)_k25,5,True,0.0058629512786865234,,,4.243799754553399e-07,,,Success
TwoStage_DL_HKSJ,U-Shaped (Moderate Het)_k25,6,True,0.005460977554321289,,,3.085458517125991e-07,,,Success
TwoStage_DL_Normal,U-Shaped (Moderate Het)_k25,6,True,0.0053746700286865234,,,3.085458517125991e-07,,,Success
TwoStage_DL_HKSJ,U-Shaped (Moderate Het)_k25,7,True,0.005572795867919922,,,4.403916587482082e-07,,,Success
TwoStage_DL_Normal,U-Shaped (Moderate Het)_k25,7,True,0.005428791046142578,,,4.403916587482082e-07,,,Success
TwoStage_DL_HKSJ,U-Shaped (Moderate Het)_k25,8,True,0.005767822265625,,,3.1114810136151416e-07,,,Success
TwoStage_DL_Normal,U-Shaped (Moderate Het)_k25,8,True,0.006011009216308594,,,3.1114810136151416e-07,,,Success
TwoStage_DL_HKSJ,U-Shaped (Moderate Het)_k25,9,True,0.004178762435913086,,,3.239615814725472e-07,,,Success
TwoStage_DL_Normal,U-Shaped (Moderate Het)_k25,9,True,0.003842592239379883,,,3.239615814725472e-07,,,Success
TwoStage_DL_HKSJ,U-Shaped (Moderate Het)_k25,10,True,0.0031223297119140625,,,3.4169374327428225e-07,,,Success
TwoStage_DL_Normal,U-Shaped (Moderate Het)_k25,10,True,0.0033071041107177734,,,3.4169374327428225e-07,,,Success
TwoStage_DL_HKSJ,U-Shaped (Moderate Het)_k25,11,True,0.0031273365020751953,,,2.241764143769774e-07,,,Success
TwoStage_DL_Normal,U-Shaped (Moderate Het)_k25,11,True,0.0034334659576416016,,,2.241764143769774e-07,,,Success
TwoStage_DL_HKSJ,U-Shaped (Moderate Het)_k25,12,True,0.0038301944732666016,,,5.923773314542113e-07,,,Success
TwoStage_DL_Normal,U-Shaped (Moderate Het)_k25,12,True,0.003972768783569336,,,5.923773314542113e-07,,,Success
TwoStage_DL_HKSJ,U-Shaped (Moderate Het)_k25,13,True,0.003292083740234375,,,2.6975829657922624e-07,,,Success
TwoStage_DL_Normal,U-Shaped (Moderate Het)_k25,13,True,0.0034508705139160156,,,2.6975829657922624e-07,,,Success
TwoStage_DL_HKSJ,U-Shaped (Moderate Het)_k25,14,True,0.0036911964416503906,,,3.2851040236644604e-07,,,Success
TwoStage_DL_Normal,U-Shaped (Moderate Het)_k25,14,True,0.0035064220428466797,,,3.2851040236644604e-07,,,Success
TwoStage_DL_HKSJ,U-Shaped (Moderate Het)_k25,15,True,0.003255605697631836,,,3.9373662468630523e-07,,,Success
TwoStage_DL_Normal,U-Shaped (Moderate Het)_k25,15,True,0.0034787654876708984,,,3.9373662468630523e-07,,,Success
TwoStage_DL_HKSJ,U-Shaped (Moderate Het)_k25,16,True,0.0031867027282714844,,,2.8951700405576923e-07,,,Success
TwoStage_DL_Normal,U-Shaped (Moderate Het)_k25,16,True,0.0034074783325195312,,,2.8951700405576923e-07,,,Success
TwoStage_DL_HKSJ,U-Shaped (Moderate Het)_k25,17,True,0.0034668445587158203,,,3.5583200584066945e-07,,,Success
TwoStage_DL_Normal,U-Shaped (Moderate Het)_k25,17,True,0.0032384395599365234,,,3.5583200584066945e-07,,,Success
TwoStage_DL_HKSJ,U-Shaped (Moderate Het)_k25,18,True,0.003199338912963867,,,3.284027128929085e-07,,,Success
TwoStage_DL_Normal,U-Shaped (Moderate Het)_k25,18,True,0.003199338912963867,,,3.284027128929085e-07,,,Success
TwoStage_DL_HKSJ,U-Shaped (Moderate Het)_k25,19,True,0.0036957263946533203,,,3.0011730261208827e-07,,,Success
TwoStage_DL_Normal,U-Shaped (Moderate Het)_k25,19,True,0.004335165023803711,,,3.0011730261208827e-07,,,Success
TwoStage_DL_HKSJ,U-Shaped (Moderate Het)_k25,20,True,0.004001140594482422,,,5.088503257992848e-07,,,Success
TwoStage_DL_Normal,U-Shaped (Moderate Het)_k25,20,True,0.004197597503662109,,,5.088503257992848e-07,,,Success
TwoStage_DL_HKSJ,U-Shaped (Moderate Het)_k25,21,True,0.003173351287841797,,,2.366749203834612e-07,,,Success
TwoStage_DL_Normal,U-Shaped (Moderate Het)_k25,21,True,0.003407001495361328,,,2.366749203834612e-07,,,Success
TwoStage_DL_HKSJ,U-Shaped (Moderate Het)_k25,22,True,0.0031800270080566406,,,4.047095974523575e-07,,,Success
TwoStage_DL_Normal,U-Shaped (Moderate Het)_k25,22,True,0.003283262252807617,,,4.047095974523575e-07,,,Success
TwoStage_DL_HKSJ,U-Shaped (Moderate Het)_k25,23,True,0.004398822784423828,,,4.3698878594363354e-07,,,Success
TwoStage_DL_Normal,U-Shaped (Moderate Het)_k25,23,True,0.0037169456481933594,,,4.3698878594363354e-07,,,Success
TwoStage_DL_HKSJ,U-Shaped (Moderate Het)_k25,24,True,0.0033028125762939453,,,2.0558447470363942e-07,,,Success
TwoStage_DL_Normal,U-Shaped (Moderate Het)_k25,24,True,0.0031766891479492188,,,2.0558447470363942e-07,,,Success
TwoStage_DL_HKSJ,U-Shaped (Moderate Het)_k25,25,True,0.0030527114868164062,,,3.5253551857123415e-07,,,Success
TwoStage_DL_Normal,U-Shaped (Moderate Het)_k25,25,True,0.003164529800415039,,,3.5253551857123415e-07,,,Success
TwoStage_DL_HKSJ,U-Shaped (Moderate Het)_k25,26,True,0.004219532012939453,,,7.469090751401891e-07,,,Success
TwoStage_DL_Normal,U-Shaped (Moderate Het)_k25,26,True,0.003450632095336914,,,7.469090751401891e-07,,,Success
TwoStage_DL_HKSJ,U-Shaped (Moderate Het)_k25,27,True,0.003122568130493164,,,6.036811795225889e-07,,,Success
TwoStage_DL_Normal,U-Shaped (Moderate Het)_k25,27,True,0.003154754638671875,,,6.036811795225889e-07,,,Success
TwoStage_DL_HKSJ,U-Shaped (Moderate Het)_k25,28,True,0.003076314926147461,,,3.943689104768993e-07,,,Success
TwoStage_DL_Normal,U-Shaped (Moderate Het)_k25,28,True,0.0032699108123779297,,,3.943689104768993e-07,,,Success
TwoStage_DL_HKSJ,U-Shaped (Moderate Het)_k25,29,True,0.003093719482421875,,,3.3079138566855173e-07,,,Success
TwoStage_DL_Normal,U-Shaped (Moderate Het)_k25,29,True,0.003131866455078125,,,3.3079138566855173e-07,,,Success
TwoStage_DL_HKSJ,U-Shaped (Moderate Het)_k25,30,True,0.003227710723876953,,,6.289774648530304e-07,,,Success
TwoStage_DL_Normal,U-Shaped (Moderate Het)_k25,30,True,0.0033006668090820312,,,6.289774648530304e-07,,,Success
TwoStage_DL_HKSJ,U-Shaped (Moderate Het)_k25,31,True,0.003060579299926758,,,3.791405413554785e-07,,,Success
TwoStage_DL_Normal,U-Shaped (Moderate Het)_k25,31,True,0.0030775070190429688,,,3.791405413554785e-07,,,Success
TwoStage_DL_HKSJ,U-Shaped (Moderate Het)_k25,32,True,0.0030493736267089844,,,5.403801123142647e-07,,,Success
TwoStage_DL_Normal,U-Shaped (Moderate Het)_k25,32,True,0.003098011016845703,,,5.403801123142647e-07,,,Success
TwoStage_DL_HKSJ,U-Shaped (Moderate Het)_k25,33,True,0.0031430721282958984,,,3.3682795119959676e-07,,,Success
TwoStage_DL_Normal,U-Shaped (Moderate Het)_k25,33,True,0.0032978057861328125,,,3.3682795119959676e-07,,,Success
TwoStage_DL_HKSJ,U-Shaped (Moderate Het)_k25,34,True,0.0030975341796875,,,2.9125749452531474e-07,,,Success
TwoStage_DL_Normal,U-Shaped (Moderate Het)_k25,34,True,0.0031054019927978516,,,2.9125749452531474e-07,,,Success
TwoStage_DL_HKSJ,U-Shaped (Moderate Het)_k25,35,True,0.0031037330627441406,,,7.517185694308019e-07,,,Success
TwoStage_DL_Normal,U-Shaped (Moderate Het)_k25,35,True,0.0033817291259765625,,,7.517185694308019e-07,,,Success
TwoStage_DL_HKSJ,U-Shaped (Moderate Het)_k25,36,True,0.003040313720703125,,,3.244806683612708e-07,,,Success
TwoStage_DL_Normal,U-Shaped (Moderate Het)_k25,36,True,0.0030508041381835938,,,3.244806683612708e-07,,,Success
TwoStage_DL_HKSJ,U-Shaped (Moderate Het)_k25,37,True,0.0032367706298828125,,,5.33611999683863e-07,,,Success
TwoStage_DL_Normal,U-Shaped (Moderate Het)_k25,37,True,0.004176139831542969,,,5.33611999683863e-07,,,Success
TwoStage_DL_HKSJ,U-Shaped (Moderate Het)_k25,38,True,0.003065347671508789,,,3.9996549532831e-07,,,Success
TwoStage_DL_Normal,U-Shaped (Moderate Het)_k25,38,True,0.0031554698944091797,,,3.9996549532831e-07,,,Success
TwoStage_DL_HKSJ,U-Shaped (Moderate Het)_k25,39,True,0.0035736560821533203,,,4.303429911723209e-07,,,Success
TwoStage_DL_Normal,U-Shaped (Moderate Het)_k25,39,True,0.003332853317260742,,,4.303429911723209e-07,,,Success
TwoStage_DL_HKSJ,U-Shaped (Moderate Het)_k25,40,True,0.003336191177368164,,,3.8335552273213533e-07,,,Success
TwoStage_DL_Normal,U-Shaped (Moderate Het)_k25,40,True,0.0033609867095947266,,,3.8335552273213533e-07,,,Success
TwoStage_DL_HKSJ,U-Shaped (Moderate Het)_k25,41,True,0.0032198429107666016,,,6.266783327501962e-07,,,Success
TwoStage_DL_Normal,U-Shaped (Moderate Het)_k25,41,True,0.0034093856811523438,,,6.266783327501962e-07,,,Success
TwoStage_DL_HKSJ,U-Shaped (Moderate Het)_k25,42,True,0.0034351348876953125,,,2.951231613287687e-07,,,Success
TwoStage_DL_Normal,U-Shaped (Moderate Het)_k25,42,True,0.003615856170654297,,,2.951231613287687e-07,,,Success
TwoStage_DL_HKSJ,U-Shaped (Moderate Het)_k25,43,True,0.003226041793823242,,,4.132370080901239e-07,,,Success
TwoStage_DL_Normal,U-Shaped (Moderate Het)_k25,43,True,0.0032007694244384766,,,4.132370080901239e-07,,,Success
TwoStage_DL_HKSJ,U-Shaped (Moderate Het)_k25,44,True,0.003368377685546875,,,4.3358669929187246e-07,,,Success
TwoStage_DL_Normal,U-Shaped (Moderate Het)_k25,44,True,0.003389596939086914,,,4.3358669929187246e-07,,,Success
TwoStage_DL_HKSJ,U-Shaped (Moderate Het)_k25,45,True,0.0033483505249023438,,,4.262259152561592e-07,,,Success
TwoStage_DL_Normal,U-Shaped (Moderate Het)_k25,45,True,0.0038895606994628906,,,4.262259152561592e-07,,,Success
TwoStage_DL_HKSJ,U-Shaped (Moderate Het)_k25,46,True,0.003253459930419922,,,3.80885077120447e-07,,,Success
TwoStage_DL_Normal,U-Shaped (Moderate Het)_k25,46,True,0.0032165050506591797,,,3.80885077120447e-07,,,Success
TwoStage_DL_HKSJ,U-Shaped (Moderate Het)_k25,47,True,0.0031821727752685547,,,4.3567728456940545e-07,,,Success
TwoStage_DL_Normal,U-Shaped (Moderate Het)_k25,47,True,0.0038721561431884766,,,4.3567728456940545e-07,,,Success
TwoStage_DL_HKSJ,U-Shaped (Moderate Het)_k25,48,True,0.0030846595764160156,,,2.756840096325192e-07,,,Success
TwoStage_DL_Normal,U-Shaped (Moderate Het)_k25,48,True,0.0031740665435791016,,,2.756840096325192e-07,,,Success
TwoStage_DL_HKSJ,U-Shaped (Moderate Het)_k25,49,True,0.0034852027893066406,,,4.5894762230745223e-07,,,Success
TwoStage_DL_Normal,U-Shaped (Moderate Het)_k25,49,True,0.003622770309448242,,,4.5894762230745223e-07,,,Success
TwoStage_DL_HKSJ,Quadratic (Moderate Het)_k30,0,True,0.004642963409423828,,,5.286078505347828e-07,,,Success
TwoStage_DL_Normal,Quadratic (Moderate Het)_k30,0,True,0.004189968109130859,,,5.286078505347828e-07,,,Success
TwoStage_DL_HKSJ,Quadratic (Moderate Het)_k30,1,True,0.00443267822265625,,,2.5915738773438545e-07,,,Success
TwoStage_DL_Normal,Quadratic (Moderate Het)_k30,1,True,0.003741025924682617,,,2.5915738773438545e-07,,,Success
TwoStage_DL_HKSJ,Quadratic (Moderate Het)_k30,2,True,0.0036096572875976562,,,6.019890884797102e-07,,,Success
TwoStage_DL_Normal,Quadratic (Moderate Het)_k30,2,True,0.0035915374755859375,,,6.019890884797102e-07,,,Success
TwoStage_DL_HKSJ,Quadratic (Moderate Het)_k30,3,True,0.005119800567626953,,,2.3345577598581061e-07,,,Success
TwoStage_DL_Normal,Quadratic (Moderate Het)_k30,3,True,0.004204511642456055,,,2.3345577598581061e-07,,,Success
TwoStage_DL_HKSJ,Quadratic (Moderate Het)_k30,4,True,0.004326343536376953,,,3.377199342298008e-07,,,Success
TwoStage_DL_Normal,Quadratic (Moderate Het)_k30,4,True,0.005095243453979492,,,3.377199342298008e-07,,,Success
TwoStage_DL_HKSJ,Quadratic (Moderate Het)_k30,5,True,0.003695964813232422,,,3.7539329418346804e-07,,,Success
TwoStage_DL_Normal,Quadratic (Moderate Het)_k30,5,True,0.004374265670776367,,,3.7539329418346804e-07,,,Success
TwoStage_DL_HKSJ,Quadratic (Moderate Het)_k30,6,True,0.0037109851837158203,,,4.619897389454964e-07,,,Success
TwoStage_DL_Normal,Quadratic (Moderate Het)_k30,6,True,0.0038156509399414062,,,4.619897389454964e-07,,,Success
TwoStage_DL_HKSJ,Quadratic (Moderate Het)_k30,7,True,0.004263639450073242,,,4.6072049846870427e-07,,,Success
TwoStage_DL_Normal,Quadratic (Moderate Het)_k30,7,True,0.004046916961669922,,,4.6072049846870427e-07,,,Success
TwoStage_DL_HKSJ,Quadratic (Moderate Het)_k30,8,True,0.0039730072021484375,,,1.9477179355180407e-07,,,Success
TwoStage_DL_Normal,Quadratic (Moderate Het)_k30,8,True,0.004008054733276367,,,1.9477179355180407e-07,,,Success
TwoStage_DL_HKSJ,Quadratic (Moderate Het)_k30,9,True,0.003920078277587891,,,4.777617403418908e-07,,,Success
TwoStage_DL_Normal,Quadratic (Moderate Het)_k30,9,True,0.0040400028228759766,,,4.777617403418908e-07,,,Success
TwoStage_DL_HKSJ,Quadratic (Moderate Het)_k30,10,True,0.004122257232666016,,,3.6259081015803575e-07,,,Success
TwoStage_DL_Normal,Quadratic (Moderate Het)_k30,10,True,0.004302024841308594,,,3.6259081015803575e-07,,,Success
TwoStage_DL_HKSJ,Quadratic (Moderate Het)_k30,11,True,0.003953695297241211,,,4.22946549786014e-07,,,Success
TwoStage_DL_Normal,Quadratic (Moderate Het)_k30,11,True,0.004125833511352539,,,4.22946549786014e-07,,,Success
TwoStage_DL_HKSJ,Quadratic (Moderate Het)_k30,12,True,0.003969907760620117,,,2.503735589334015e-07,,,Success
TwoStage_DL_Normal,Quadratic (Moderate Het)_k30,12,True,0.0038709640502929688,,,2.503735589334015e-07,,,Success
TwoStage_DL_HKSJ,Quadratic (Moderate Het)_k30,13,True,0.003799915313720703,,,4.635289229249699e-07,,,Success
TwoStage_DL_Normal,Quadratic (Moderate Het)_k30,13,True,0.0041103363037109375,,,4.635289229249699e-07,,,Success
TwoStage_DL_HKSJ,Quadratic (Moderate Het)_k30,14,True,0.0038373470306396484,,,3.2307519756843073e-07,,,Success
TwoStage_DL_Normal,Quadratic (Moderate Het)_k30,14,True,0.003922700881958008,,,3.2307519756843073e-07,,,Success
TwoStage_DL_HKSJ,Quadratic (Moderate Het)_k30,15,True,0.0038526058197021484,,,4.6341236193559753e-07,,,Success
TwoStage_DL_Normal,Quadratic (Moderate Het)_k30,15,True,0.0038459300994873047,,,4.6341236193559753e-07,,,Success
TwoStage_DL_HKSJ,Quadratic (Moderate Het)_k30,16,True,0.0038924217224121094,,,4.4801181276920164e-07,,,Success
TwoStage_DL_Normal,Quadratic (Moderate Het)_k30,16,True,0.0037915706634521484,,,4.4801181276920164e-07,,,Success
TwoStage_DL_HKSJ,Quadratic (Moderate Het)_k30,17,True,0.003833770751953125,,,7.684109378035185e-07,,,Success
TwoStage_DL_Normal,Quadratic (Moderate Het)_k30,17,True,0.003910541534423828,,,7.684109378035185e-07,,,Success
TwoStage_DL_HKSJ,Quadratic (Moderate Het)_k30,18,True,0.003779888153076172,,,3.1541473480837247e-07,,,Success
TwoStage_DL_Normal,Quadratic (Moderate Het)_k30,18,True,0.004631519317626953,,,3.1541473480837247e-07,,,Success
TwoStage_DL_HKSJ,Quadratic (Moderate Het)_k30,19,True,0.004473209381103516,,,5.759321045800736e-07,,,Success
TwoStage_DL_Normal,Quadratic (Moderate Het)_k30,19,True,0.004087924957275391,,,5.759321045800736e-07,,,Success
TwoStage_DL_HKSJ,Quadratic (Moderate Het)_k30,20,True,0.004227399826049805,,,4.933093901041328e-07,,,Success
TwoStage_DL_Normal,Quadratic (Moderate Het)_k30,20,True,0.003962039947509766,,,4.933093901041328e-07,,,Success
TwoStage_DL_HKSJ,Quadratic (Moderate Het)_k30,21,True,0.00394439697265625,,,4.1929632037586144e-07,,,Success
TwoStage_DL_Normal,Quadratic (Moderate Het)_k30,21,True,0.004191398620605469,,,4.1929632037586144e-07,,,Success
TwoStage_DL_HKSJ,Quadratic (Moderate Het)_k30,22,True,0.005777120590209961,,,3.3970863785329924e-07,,,Success
TwoStage_DL_Normal,Quadratic (Moderate Het)_k30,22,True,0.00404667854309082,,,3.3970863785329924e-07,,,Success
TwoStage_DL_HKSJ,Quadratic (Moderate Het)_k30,23,True,0.003973960876464844,,,2.413657839558931e-07,,,Success
TwoStage_DL_Normal,Quadratic (Moderate Het)_k30,23,True,0.004648447036743164,,,2.413657839558931e-07,,,Success
TwoStage_DL_HKSJ,Quadratic (Moderate Het)_k30,24,True,0.0038576126098632812,,,5.326027824969841e-07,,,Success
TwoStage_DL_Normal,Quadratic (Moderate Het)_k30,24,True,0.004185199737548828,,,5.326027824969841e-07,,,Success
TwoStage_DL_HKSJ,Quadratic (Moderate Het)_k30,25,True,0.0038695335388183594,,,2.453694032569428e-07,,,Success
TwoStage_DL_Normal,Quadratic (Moderate Het)_k30,25,True,0.0038895606994628906,,,2.453694032569428e-07,,,Success
TwoStage_DL_HKSJ,Quadratic (Moderate Het)_k30,26,True,0.0042684078216552734,,,3.1746557371240874e-07,,,Success
TwoStage_DL_Normal,Quadratic (Moderate Het)_k30,26,True,0.004815340042114258,,,3.1746557371240874e-07,,,Success
TwoStage_DL_HKSJ,Quadratic (Moderate Het)_k30,27,True,0.0037047863006591797,,,5.918004449514092e-07,,,Success
TwoStage_DL_Normal,Quadratic (Moderate Het)_k30,27,True,0.0037314891815185547,,,5.918004449514092e-07,,,Success
TwoStage_DL_HKSJ,Quadratic (Moderate Het)_k30,28,True,0.0036246776580810547,,,4.015951324669461e-07,,,Success
TwoStage_DL_Normal,Quadratic (Moderate Het)_k30,28,True,0.0036535263061523438,,,4.015951324669461e-07,,,Success
TwoStage_DL_HKSJ,Quadratic (Moderate Het)_k30,29,True,0.004143238067626953,,,3.2255934074228217e-07,,,Success
TwoStage_DL_Normal,Quadratic (Moderate Het)_k30,29,True,0.004290103912353516,,,3.2255934074228217e-07,,,Success
TwoStage_DL_HKSJ,Quadratic (Moderate Het)_k30,30,True,0.0037610530853271484,,,3.1526929383761295e-07,,,Success
TwoStage_DL_Normal,Quadratic (Moderate Het)_k30,30,True,0.0037424564361572266,,,3.1526929383761295e-07,,,Success
TwoStage_DL_HKSJ,Quadratic (Moderate Het)_k30,31,True,0.0049974918365478516,,,3.73637659622221e-07,,,Success
TwoStage_DL_Normal,Quadratic (Moderate Het)_k30,31,True,0.004415035247802734,,,3.73637659622221e-07,,,Success
TwoStage_DL_HKSJ,Quadratic (Moderate Het)_k30,32,True,0.003768444061279297,,,3.507067689232085e-07,,,Success
TwoStage_DL_Normal,Quadratic (Moderate Het)_k30,32,True,0.0036792755126953125,,,3.507067689232085e-07,,,Success
TwoStage_DL_HKSJ,Quadratic (Moderate Het)_k30,33,True,0.0039958953857421875,,,4.033943447817122e-07,,,Success
TwoStage_DL_Normal,Quadratic (Moderate Het)_k30,33,True,0.006188869476318359,,,4.033943447817122e-07,,,Success
TwoStage_DL_HKSJ,Quadratic (Moderate Het)_k30,34,True,0.006453990936279297,,,3.290052106584214e-07,,,Success
TwoStage_DL_Normal,Quadratic (Moderate Het)_k30,34,True,0.006046295166015625,,,3.290052106584214e-07,,,Success
TwoStage_DL_HKSJ,Quadratic (Moderate Het)_k30,35,True,0.0067386627197265625,,,2.3760230797229786e-07,,,Success
TwoStage_DL_Normal,Quadratic (Moderate Het)_k30,35,True,0.006960868835449219,,,2.3760230797229786e-07,,,Success
TwoStage_DL_HKSJ,Quadratic (Moderate Het)_k30,36,True,0.006726741790771484,,,2.76384596675455e-07,,,Success
TwoStage_DL_Normal,Quadratic (Moderate Het)_k30,36,True,0.006136894226074219,,,2.76384596675455e-07,,,Success
TwoStage_DL_HKSJ,Quadratic (Moderate Het)_k30,37,True,0.006325483322143555,,,3.3311534812807966e-07,,,Success
TwoStage_DL_Normal,Quadratic (Moderate Het)_k30,37,True,0.0065152645111083984,,,3.3311534812807966e-07,,,Success
TwoStage_DL_HKSJ,Quadratic (Moderate Het)_k30,38,True,0.00654292106628418,,,3.4627028668153337e-07,,,Success
TwoStage_DL_Normal,Quadratic (Moderate Het)_k30,38,True,0.006441831588745117,,,3.4627028668153337e-07,,,Success
TwoStage_DL_HKSJ,Quadratic (Moderate Het)_k30,39,True,0.005049705505371094,,,5.263516518710105e-07,,,Success
TwoStage_DL_Normal,Quadratic (Moderate Het)_k30,39,True,0.00374603271484375,,,5.263516518710105e-07,,,Success
TwoStage_DL_HKSJ,Quadratic (Moderate Het)_k30,40,True,0.003711223602294922,,,6.109754436724226e-07,,,Success
TwoStage_DL_Normal,Quadratic (Moderate Het)_k30,40,True,0.004170656204223633,,,6.109754436724226e-07,,,Success
TwoStage_DL_HKSJ,Quadratic (Moderate Het)_k30,41,True,0.0036563873291015625,,,4.3471944701831113e-07,,,Success
TwoStage_DL_Normal,Quadratic (Moderate Het)_k30,41,True,0.0037000179290771484,,,4.3471944701831113e-07,,,Success
TwoStage_DL_HKSJ,Quadratic (Moderate Het)_k30,42,True,0.0036106109619140625,,,6.056881908907971e-07,,,Success
TwoStage_DL_Normal,Quadratic (Moderate Het)_k30,42,True,0.003922939300537109,,,6.056881908907971e-07,,,Success
TwoStage_DL_HKSJ,Quadratic (Moderate Het)_k30,43,True,0.0037729740142822266,,,3.537750416663796e-07,,,Success
TwoStage_DL_Normal,Quadratic (Moderate Het)_k30,43,True,0.004244804382324219,,,3.537750416663796e-07,,,Success
TwoStage_DL_HKSJ,Quadratic (Moderate Het)_k30,44,True,0.0035886764526367188,,,5.062570018287745e-07,,,Success
TwoStage_DL_Normal,Quadratic (Moderate Het)_k30,44,True,0.0036613941192626953,,,5.062570018287745e-07,,,Success
TwoStage_DL_HKSJ,Quadratic (Moderate Het)_k30,45,True,0.003599882125854492,,,6.422540897530555e-07,,,Success
TwoStage_DL_Normal,Quadratic (Moderate Het)_k30,45,True,0.003996133804321289,,,6.422540897530555e-07,,,Success
TwoStage_DL_HKSJ,Quadratic (Moderate Het)_k30,46,True,0.003616809844970703,,,2.964177152956604e-07,,,Success
TwoStage_DL_Normal,Quadratic (Moderate Het)_k30,46,True,0.0036132335662841797,,,2.964177152956604e-07,,,Success
TwoStage_DL_HKSJ,Quadratic (Moderate Het)_k30,47,True,0.003695964813232422,,,5.369442364131016e-07,,,Success
TwoStage_DL_Normal,Quadratic (Moderate Het)_k30,47,True,0.0037665367126464844,,,5.369442364131016e-07,,,Success
TwoStage_DL_HKSJ,Quadratic (Moderate Het)_k30,48,True,0.003593921661376953,,,5.179091432404537e-07,,,Success
TwoStage_DL_Normal,Quadratic (Moderate Het)_k30,48,True,0.004362821578979492,,,5.179091432404537e-07,,,Success
TwoStage_DL_HKSJ,Quadratic (Moderate Het)_k30,49,True,0.004279136657714844,,,2.7160117408573535e-07,,,Success
TwoStage_DL_Normal,Quadratic (Moderate Het)_k30,49,True,0.003981351852416992,,,2.7160117408573535e-07,,,Success
TwoStage_DL_HKSJ,Log (High Het)_k30,0,True,0.004122734069824219,,,1.0118041801285291e-06,,,Success
TwoStage_DL_Normal,Log (High Het)_k30,0,True,0.0037331581115722656,,,1.0118041801285291e-06,,,Success
TwoStage_DL_HKSJ,Log (High Het)_k30,1,True,0.004475593566894531,,,7.127388532739427e-07,,,Success
TwoStage_DL_Normal,Log (High Het)_k30,1,True,0.0043065547943115234,,,7.127388532739427e-07,,,Success
TwoStage_DL_HKSJ,Log (High Het)_k30,2,True,0.003841400146484375,,,1.4070622803079907e-06,,,Success
TwoStage_DL_Normal,Log (High Het)_k30,2,True,0.004021644592285156,,,1.4070622803079907e-06,,,Success
TwoStage_DL_HKSJ,Log (High Het)_k30,3,True,0.004575967788696289,,,6.337415409529737e-07,,,Success
TwoStage_DL_Normal,Log (High Het)_k30,3,True,0.0042989253997802734,,,6.337415409529737e-07,,,Success
TwoStage_DL_HKSJ,Log (High Het)_k30,4,True,0.0040130615234375,,,7.189387090550864e-07,,,Success
TwoStage_DL_Normal,Log (High Het)_k30,4,True,0.0036530494689941406,,,7.189387090550864e-07,,,Success
TwoStage_DL_HKSJ,Log (High Het)_k30,5,True,0.0038657188415527344,,,9.012723246084991e-07,,,Success
TwoStage_DL_Normal,Log (High Het)_k30,5,True,0.0038421154022216797,,,9.012723246084991e-07,,,Success
TwoStage_DL_HKSJ,Log (High Het)_k30,6,True,0.004304170608520508,,,1.1465263825224185e-06,,,Success
TwoStage_DL_Normal,Log (High Het)_k30,6,True,0.0035889148712158203,,,1.1465263825224185e-06,,,Success
TwoStage_DL_HKSJ,Log (High Het)_k30,7,True,0.003593921661376953,,,1.1845979746320165e-06,,,Success
TwoStage_DL_Normal,Log (High Het)_k30,7,True,0.0038313865661621094,,,1.1845979746320165e-06,,,Success
TwoStage_DL_HKSJ,Log (High Het)_k30,8,True,0.003908634185791016,,,6.056880613535716e-07,,,Success
TwoStage_DL_Normal,Log (High Het)_k30,8,True,0.003972291946411133,,,6.056880613535716e-07,,,Success
TwoStage_DL_HKSJ,Log (High Het)_k30,9,True,0.004089832305908203,,,1.067532757281088e-06,,,Success
TwoStage_DL_Normal,Log (High Het)_k30,9,True,0.00422215461730957,,,1.067532757281088e-06,,,Success
TwoStage_DL_HKSJ,Log (High Het)_k30,10,True,0.003936767578125,,,9.122334095739012e-07,,,Success
TwoStage_DL_Normal,Log (High Het)_k30,10,True,0.0038366317749023438,,,9.122334095739012e-07,,,Success
TwoStage_DL_HKSJ,Log (High Het)_k30,11,True,0.004289150238037109,,,8.979518947562127e-07,,,Success
TwoStage_DL_Normal,Log (High Het)_k30,11,True,0.0037517547607421875,,,8.979518947562127e-07,,,Success
TwoStage_DL_HKSJ,Log (High Het)_k30,12,True,0.003706693649291992,,,6.102492567935106e-07,,,Success
TwoStage_DL_Normal,Log (High Het)_k30,12,True,0.0037946701049804688,,,6.102492567935106e-07,,,Success
TwoStage_DL_HKSJ,Log (High Het)_k30,13,True,0.003712177276611328,,,9.369265030397561e-07,,,Success
TwoStage_DL_Normal,Log (High Het)_k30,13,True,0.0037436485290527344,,,9.369265030397561e-07,,,Success
TwoStage_DL_HKSJ,Log (High Het)_k30,14,True,0.0038115978240966797,,,6.969604067240248e-07,,,Success
TwoStage_DL_Normal,Log (High Het)_k30,14,True,0.004169464111328125,,,6.969604067240248e-07,,,Success
TwoStage_DL_HKSJ,Log (High Het)_k30,15,True,0.0044405460357666016,,,1.0898723528931465e-06,,,Success
TwoStage_DL_Normal,Log (High Het)_k30,15,True,0.0039675235748291016,,,1.0898723528931465e-06,,,Success
TwoStage_DL_HKSJ,Log (High Het)_k30,16,True,0.004193782806396484,,,1.1702566425115106e-06,,,Success
TwoStage_DL_Normal,Log (High Het)_k30,16,True,0.004063606262207031,,,1.1702566425115106e-06,,,Success
TwoStage_DL_HKSJ,Log (High Het)_k30,17,True,0.004029273986816406,,,1.5953184669563371e-06,,,Success
TwoStage_DL_Normal,Log (High Het)_k30,17,True,0.0036046504974365234,,,1.5953184669563371e-06,,,Success
TwoStage_DL_HKSJ,Log (High Het)_k30,18,True,0.004015684127807617,,,7.69878607269998e-07,,,Success
TwoStage_DL_Normal,Log (High Het)_k30,18,True,0.0039825439453125,,,7.69878607269998e-07,,,Success
TwoStage_DL_HKSJ,Log (High Het)_k30,19,True,0.0038421154022216797,,,1.524739217267926e-06,,,Success
TwoStage_DL_Normal,Log (High Het)_k30,19,True,0.0037512779235839844,,,1.524739217267926e-06,,,Success
TwoStage_DL_HKSJ,Log (High Het)_k30,20,True,0.0038673877716064453,,,1.3220039288021424e-06,,,Success
TwoStage_DL_Normal,Log (High Het)_k30,20,True,0.0037631988525390625,,,1.3220039288021424e-06,,,Success
TwoStage_DL_HKSJ,Log (High Het)_k30,21,True,0.0038347244262695312,,,8.718472225012843e-07,,,Success
TwoStage_DL_Normal,Log (High Het)_k30,21,True,0.00406336784362793,,,8.718472225012843e-07,,,Success
TwoStage_DL_HKSJ,Log (High Het)_k30,22,True,0.0037679672241210938,,,9.554740020967768e-07,,,Success
TwoStage_DL_Normal,Log (High Het)_k30,22,True,0.0038194656372070312,,,9.554740020967768e-07,,,Success
TwoStage_DL_HKSJ,Log (High Het)_k30,23,True,0.004153251647949219,,,5.502202343501082e-07,,,Success
TwoStage_DL_Normal,Log (High Het)_k30,23,True,0.004013538360595703,,,5.502202343501082e-07,,,Success
TwoStage_DL_HKSJ,Log (High Het)_k30,24,True,0.003851652145385742,,,1.1176539886078997e-06,,,Success
TwoStage_DL_Normal,Log (High Het)_k30,24,True,0.0038406848907470703,,,1.1176539886078997e-06,,,Success
TwoStage_DL_HKSJ,Log (High Het)_k30,25,True,0.004467964172363281,,,5.162676752183638e-07,,,Success
TwoStage_DL_Normal,Log (High Het)_k30,25,True,0.0038063526153564453,,,5.162676752183638e-07,,,Success
TwoStage_DL_HKSJ,Log (High Het)_k30,26,True,0.003900289535522461,,,7.148772175265439e-07,,,Success
TwoStage_DL_Normal,Log (High Het)_k30,26,True,0.003816843032836914,,,7.148772175265439e-07,,,Success
TwoStage_DL_HKSJ,Log (High Het)_k30,27,True,0.0036132335662841797,,,1.2493231402827285e-06,,,Success
TwoStage_DL_Normal,Log (High Het)_k30,27,True,0.004354953765869141,,,1.2493231402827285e-06,,,Success
TwoStage_DL_HKSJ,Log (High Het)_k30,28,True,0.003766298294067383,,,9.208558432393078e-07,,,Success
TwoStage_DL_Normal,Log (High Het)_k30,28,True,0.003861665725708008,,,9.208558432393078e-07,,,Success
TwoStage_DL_HKSJ,Log (High Het)_k30,29,True,0.0040895938873291016,,,6.684288434718517e-07,,,Success
TwoStage_DL_Normal,Log (High Het)_k30,29,True,0.004111528396606445,,,6.684288434718517e-07,,,Success
TwoStage_DL_HKSJ,Log (High Het)_k30,30,True,0.0039288997650146484,,,8.292633571712051e-07,,,Success
TwoStage_DL_Normal,Log (High Het)_k30,30,True,0.004114866256713867,,,8.292633571712051e-07,,,Success
TwoStage_DL_HKSJ,Log (High Het)_k30,31,True,0.003954172134399414,,,7.418704535885354e-07,,,Success
TwoStage_DL_Normal,Log (High Het)_k30,31,True,0.004166603088378906,,,7.418704535885354e-07,,,Success
TwoStage_DL_HKSJ,Log (High Het)_k30,32,True,0.004338979721069336,,,9.78682589499461e-07,,,Success
TwoStage_DL_Normal,Log (High Het)_k30,32,True,0.004810333251953125,,,9.78682589499461e-07,,,Success
TwoStage_DL_HKSJ,Log (High Het)_k30,33,True,0.0043909549713134766,,,1.0651708906433927e-06,,,Success
TwoStage_DL_Normal,Log (High Het)_k30,33,True,0.004131317138671875,,,1.0651708906433927e-06,,,Success
TwoStage_DL_HKSJ,Log (High Het)_k30,34,True,0.003846883773803711,,,8.21822693208909e-07,,,Success
TwoStage_DL_Normal,Log (High Het)_k30,34,True,0.004008293151855469,,,8.21822693208909e-07,,,Success
TwoStage_DL_HKSJ,Log (High Het)_k30,35,True,0.004227399826049805,,,6.769392458023036e-07,,,Success
TwoStage_DL_Normal,Log (High Het)_k30,35,True,0.003915548324584961,,,6.769392458023036e-07,,,Success
TwoStage_DL_HKSJ,Log (High Het)_k30,36,True,0.0054166316986083984,,,7.117860131246784e-07,,,Success
TwoStage_DL_Normal,Log (High Het)_k30,36,True,0.003908634185791016,,,7.117860131246784e-07,,,Success
TwoStage_DL_HKSJ,Log (High Het)_k30,37,True,0.003961324691772461,,,7.544345947077305e-07,,,Success
TwoStage_DL_Normal,Log (High Het)_k30,37,True,0.0043659210205078125,,,7.544345947077305e-07,,,Success
TwoStage_DL_HKSJ,Log (High Het)_k30,38,True,0.004132986068725586,,,6.913012073741726e-07,,,Success
TwoStage_DL_Normal,Log (High Het)_k30,38,True,0.0053920745849609375,,,6.913012073741726e-07,,,Success
TwoStage_DL_HKSJ,Log (High Het)_k30,39,True,0.004079341888427734,,,1.1029550500280184e-06,,,Success
TwoStage_DL_Normal,Log (High Het)_k30,39,True,0.004387855529785156,,,1.1029550500280184e-06,,,Success
TwoStage_DL_HKSJ,Log (High Het)_k30,40,True,0.004011869430541992,,,1.3027343961520916e-06,,,Success
TwoStage_DL_Normal,Log (High Het)_k30,40,True,0.004126787185668945,,,1.3027343961520916e-06,,,Success
TwoStage_DL_HKSJ,Log (High Het)_k30,41,True,0.005414247512817383,,,1.0102331594522326e-06,,,Success
TwoStage_DL_Normal,Log (High Het)_k30,41,True,0.003756284713745117,,,1.0102331594522326e-06,,,Success
TwoStage_DL_HKSJ,Log (High Het)_k30,42,True,0.0037126541137695312,,,1.4030024766367192e-06,,,Success
TwoStage_DL_Normal,Log (High Het)_k30,42,True,0.0037102699279785156,,,1.4030024766367192e-06,,,Success
TwoStage_DL_HKSJ,Log (High Het)_k30,43,True,0.0040264129638671875,,,9.100818579508434e-07,,,Success
TwoStage_DL_Normal,Log (High Het)_k30,43,True,0.0036513805389404297,,,9.100818579508434e-07,,,Success
TwoStage_DL_HKSJ,Log (High Het)_k30,44,True,0.003879070281982422,,,1.0701527952109715e-06,,,Success
TwoStage_DL_Normal,Log (High Het)_k30,44,True,0.004288673400878906,,,1.0701527952109715e-06,,,Success
TwoStage_DL_HKSJ,Log (High Het)_k30,45,True,0.003783702850341797,,,1.2668651894114655e-06,,,Success
TwoStage_DL_Normal,Log (High Het)_k30,45,True,0.004442930221557617,,,1.2668651894114655e-06,,,Success
TwoStage_DL_HKSJ,Log (High Het)_k30,46,True,0.004107236862182617,,,8.249047611982699e-07,,,Success
TwoStage_DL_Normal,Log (High Het)_k30,46,True,0.0038423538208007812,,,8.249047611982699e-07,,,Success
TwoStage_DL_HKSJ,Log (High Het)_k30,47,True,0.004271745681762695,,,1.130346459318491e-06,,,Success
TwoStage_DL_Normal,Log (High Het)_k30,47,True,0.004714012145996094,,,1.130346459318491e-06,,,Success
TwoStage_DL_HKSJ,Log (High Het)_k30,48,True,0.004985332489013672,,,1.2247900331775619e-06,,,Success
TwoStage_DL_Normal,Log (High Het)_k30,48,True,0.0038726329803466797,,,1.2247900331775619e-06,,,Success
TwoStage_DL_HKSJ,Log (High Het)_k30,49,True,0.003787517547607422,,,5.966168690858556e-07,,,Success
TwoStage_DL_Normal,Log (High Het)_k30,49,True,0.003592967987060547,,,5.966168690858556e-07,,,Success
TwoStage_DL_HKSJ,U-Shaped (Moderate Het)_k30,0,True,0.004037141799926758,,,5.465957426871564e-07,,,Success
TwoStage_DL_Normal,U-Shaped (Moderate Het)_k30,0,True,0.003675699234008789,,,5.465957426871564e-07,,,Success
TwoStage_DL_HKSJ,U-Shaped (Moderate Het)_k30,1,True,0.0036253929138183594,,,2.518701838566185e-07,,,Success
TwoStage_DL_Normal,U-Shaped (Moderate Het)_k30,1,True,0.003670215606689453,,,2.518701838566185e-07,,,Success
TwoStage_DL_HKSJ,U-Shaped (Moderate Het)_k30,2,True,0.003624439239501953,,,5.904059855916759e-07,,,Success
TwoStage_DL_Normal,U-Shaped (Moderate Het)_k30,2,True,0.003841400146484375,,,5.904059855916759e-07,,,Success
TwoStage_DL_HKSJ,U-Shaped (Moderate Het)_k30,3,True,0.003664731979370117,,,2.3347303093325602e-07,,,Success
TwoStage_DL_Normal,U-Shaped (Moderate Het)_k30,3,True,0.0035970211029052734,,,2.3347303093325602e-07,,,Success
TwoStage_DL_HKSJ,U-Shaped (Moderate Het)_k30,4,True,0.003976583480834961,,,3.597538952599133e-07,,,Success
TwoStage_DL_Normal,U-Shaped (Moderate Het)_k30,4,True,0.004334926605224609,,,3.597538952599133e-07,,,Success
TwoStage_DL_HKSJ,U-Shaped (Moderate Het)_k30,5,True,0.0037758350372314453,,,3.7449019495025347e-07,,,Success
TwoStage_DL_Normal,U-Shaped (Moderate Het)_k30,5,True,0.004213571548461914,,,3.7449019495025347e-07,,,Success
TwoStage_DL_HKSJ,U-Shaped (Moderate Het)_k30,6,True,0.0037064552307128906,,,4.6376428190287093e-07,,,Success
TwoStage_DL_Normal,U-Shaped (Moderate Het)_k30,6,True,0.00450587272644043,,,4.6376428190287093e-07,,,Success
TwoStage_DL_HKSJ,U-Shaped (Moderate Het)_k30,7,True,0.00393366813659668,,,4.4979843950609786e-07,,,Success
TwoStage_DL_Normal,U-Shaped (Moderate Het)_k30,7,True,0.0037572383880615234,,,4.4979843950609786e-07,,,Success
TwoStage_DL_HKSJ,U-Shaped (Moderate Het)_k30,8,True,0.003785848617553711,,,1.9242709878936892e-07,,,Success
TwoStage_DL_Normal,U-Shaped (Moderate Het)_k30,8,True,0.004643917083740234,,,1.9242709878936892e-07,,,Success
TwoStage_DL_HKSJ,U-Shaped (Moderate Het)_k30,9,True,0.003922462463378906,,,4.88132238231372e-07,,,Success
TwoStage_DL_Normal,U-Shaped (Moderate Het)_k30,9,True,0.003881692886352539,,,4.88132238231372e-07,,,Success
TwoStage_DL_HKSJ,U-Shaped (Moderate Het)_k30,10,True,0.0037686824798583984,,,3.5796277847094574e-07,,,Success
TwoStage_DL_Normal,U-Shaped (Moderate Het)_k30,10,True,0.004241466522216797,,,3.5796277847094574e-07,,,Success
TwoStage_DL_HKSJ,U-Shaped (Moderate Het)_k30,11,True,0.004014730453491211,,,4.364431529095055e-07,,,Success
TwoStage_DL_Normal,U-Shaped (Moderate Het)_k30,11,True,0.004232645034790039,,,4.364431529095055e-07,,,Success
TwoStage_DL_HKSJ,U-Shaped (Moderate Het)_k30,12,True,0.00464177131652832,,,2.4650600777022963e-07,,,Success
TwoStage_DL_Normal,U-Shaped (Moderate Het)_k30,12,True,0.003935337066650391,,,2.4650600777022963e-07,,,Success
TwoStage_DL_HKSJ,U-Shaped (Moderate Het)_k30,13,True,0.003650665283203125,,,4.828530039400124e-07,,,Success
TwoStage_DL_Normal,U-Shaped (Moderate Het)_k30,13,True,0.0042912960052490234,,,4.828530039400124e-07,,,Success
TwoStage_DL_HKSJ,U-Shaped (Moderate Het)_k30,14,True,0.003672361373901367,,,3.251084713440033e-07,,,Success
TwoStage_DL_Normal,U-Shaped (Moderate Het)_k30,14,True,0.0036330223083496094,,,3.251084713440033e-07,,,Success
TwoStage_DL_HKSJ,U-Shaped (Moderate Het)_k30,15,True,0.0037064552307128906,,,4.556493770058948e-07,,,Success
TwoStage_DL_Normal,U-Shaped (Moderate Het)_k30,15,True,0.0036635398864746094,,,4.556493770058948e-07,,,Success
TwoStage_DL_HKSJ,U-Shaped (Moderate Het)_k30,16,True,0.003808259963989258,,,4.2065131375582883e-07,,,Success
TwoStage_DL_Normal,U-Shaped (Moderate Het)_k30,16,True,0.0039098262786865234,,,4.2065131375582883e-07,,,Success
TwoStage_DL_HKSJ,U-Shaped (Moderate Het)_k30,17,True,0.0037446022033691406,,,7.715203422977245e-07,,,Success
TwoStage_DL_Normal,U-Shaped (Moderate Het)_k30,17,True,0.0038535594940185547,,,7.715203422977245e-07,,,Success
TwoStage_DL_HKSJ,U-Shaped (Moderate Het)_k30,18,True,0.0038781166076660156,,,3.21891297859307e-07,,,Success
TwoStage_DL_Normal,U-Shaped (Moderate Het)_k30,18,True,0.0037660598754882812,,,3.21891297859307e-07,,,Success
TwoStage_DL_HKSJ,U-Shaped (Moderate Het)_k30,19,True,0.003847837448120117,,,5.557611227664028e-07,,,Success
TwoStage_DL_Normal,U-Shaped (Moderate Het)_k30,19,True,0.0038712024688720703,,,5.557611227664028e-07,,,Success
TwoStage_DL_HKSJ,U-Shaped (Moderate Het)_k30,20,True,0.004487037658691406,,,4.834653784439689e-07,,,Success
TwoStage_DL_Normal,U-Shaped (Moderate Het)_k30,20,True,0.003849029541015625,,,4.834653784439689e-07,,,Success
TwoStage_DL_HKSJ,U-Shaped (Moderate Het)_k30,21,True,0.0038144588470458984,,,4.2965268749630757e-07,,,Success
TwoStage_DL_Normal,U-Shaped (Moderate Het)_k30,21,True,0.0038976669311523438,,,4.2965268749630757e-07,,,Success
TwoStage_DL_HKSJ,U-Shaped (Moderate Het)_k30,22,True,0.004085540771484375,,,3.2628215699963045e-07,,,Success
TwoStage_DL_Normal,U-Shaped (Moderate Het)_k30,22,True,0.003636598587036133,,,3.2628215699963045e-07,,,Success
TwoStage_DL_HKSJ,U-Shaped (Moderate Het)_k30,23,True,0.0037419795989990234,,,2.5189642613816937e-07,,,Success
TwoStage_DL_Normal,U-Shaped (Moderate Het)_k30,23,True,0.003627777099609375,,,2.5189642613816937e-07,,,Success
TwoStage_DL_HKSJ,U-Shaped (Moderate Het)_k30,24,True,0.0037450790405273438,,,5.354652308403043e-07,,,Success
TwoStage_DL_Normal,U-Shaped (Moderate Het)_k30,24,True,0.003793001174926758,,,5.354652308403043e-07,,,Success
TwoStage_DL_HKSJ,U-Shaped (Moderate Het)_k30,25,True,0.003759145736694336,,,2.688375637912321e-07,,,Success
TwoStage_DL_Normal,U-Shaped (Moderate Het)_k30,25,True,0.003899097442626953,,,2.688375637912321e-07,,,Success
TwoStage_DL_HKSJ,U-Shaped (Moderate Het)_k30,26,True,0.003640890121459961,,,3.314856167859494e-07,,,Success
TwoStage_DL_Normal,U-Shaped (Moderate Het)_k30,26,True,0.0037915706634521484,,,3.314856167859494e-07,,,Success
TwoStage_DL_HKSJ,U-Shaped (Moderate Het)_k30,27,True,0.003947019577026367,,,6.081237373309421e-07,,,Success
TwoStage_DL_Normal,U-Shaped (Moderate Het)_k30,27,True,0.003776073455810547,,,6.081237373309421e-07,,,Success
TwoStage_DL_HKSJ,U-Shaped (Moderate Het)_k30,28,True,0.0037593841552734375,,,4.071704926886063e-07,,,Success
TwoStage_DL_Normal,U-Shaped (Moderate Het)_k30,28,True,0.004002809524536133,,,4.071704926886063e-07,,,Success
TwoStage_DL_HKSJ,U-Shaped (Moderate Het)_k30,29,True,0.004439592361450195,,,3.42657884838476e-07,,,Success
TwoStage_DL_Normal,U-Shaped (Moderate Het)_k30,29,True,0.0050852298736572266,,,3.42657884838476e-07,,,Success
TwoStage_DL_HKSJ,U-Shaped (Moderate Het)_k30,30,True,0.004296541213989258,,,3.0814966423918147e-07,,,Success
TwoStage_DL_Normal,U-Shaped (Moderate Het)_k30,30,True,0.004774808883666992,,,3.0814966423918147e-07,,,Success
TwoStage_DL_HKSJ,U-Shaped (Moderate Het)_k30,31,True,0.003741025924682617,,,3.982795525735279e-07,,,Success
TwoStage_DL_Normal,U-Shaped (Moderate Het)_k30,31,True,0.0037620067596435547,,,3.982795525735279e-07,,,Success
TwoStage_DL_HKSJ,U-Shaped (Moderate Het)_k30,32,True,0.0037004947662353516,,,3.3708932685683614e-07,,,Success
TwoStage_DL_Normal,U-Shaped (Moderate Het)_k30,32,True,0.003731250762939453,,,3.3708932685683614e-07,,,Success
TwoStage_DL_HKSJ,U-Shaped (Moderate Het)_k30,33,True,0.0036966800689697266,,,3.9764322722776844e-07,,,Success
TwoStage_DL_Normal,U-Shaped (Moderate Het)_k30,33,True,0.00376129150390625,,,3.9764322722776844e-07,,,Success
TwoStage_DL_HKSJ,U-Shaped (Moderate Het)_k30,34,True,0.003718137741088867,,,3.330959455361959e-07,,,Success
TwoStage_DL_Normal,U-Shaped (Moderate Het)_k30,34,True,0.003690004348754883,,,3.330959455361959e-07,,,Success
TwoStage_DL_HKSJ,U-Shaped (Moderate Het)_k30,35,True,0.003894805908203125,,,2.3601805045575977e-07,,,Success
TwoStage_DL_Normal,U-Shaped (Moderate Het)_k30,35,True,0.003751516342163086,,,2.3601805045575977e-07,,,Success
TwoStage_DL_HKSJ,U-Shaped (Moderate Het)_k30,36,True,0.0047149658203125,,,2.82076801434614e-07,,,Success
TwoStage_DL_Normal,U-Shaped (Moderate Het)_k30,36,True,0.0041828155517578125,,,2.82076801434614e-07,,,Success
TwoStage_DL_HKSJ,U-Shaped (Moderate Het)_k30,37,True,0.003640890121459961,,,3.4353468941459983e-07,,,Success
TwoStage_DL_Normal,U-Shaped (Moderate Het)_k30,37,True,0.003556489944458008,,,3.4353468941459983e-07,,,Success
TwoStage_DL_HKSJ,U-Shaped (Moderate Het)_k30,38,True,0.003662586212158203,,,3.556943805492813e-07,,,Success
TwoStage_DL_Normal,U-Shaped (Moderate Het)_k30,38,True,0.003682374954223633,,,3.556943805492813e-07,,,Success
TwoStage_DL_HKSJ,U-Shaped (Moderate Het)_k30,39,True,0.003977537155151367,,,5.582950587084616e-07,,,Success
TwoStage_DL_Normal,U-Shaped (Moderate Het)_k30,39,True,0.003900766372680664,,,5.582950587084616e-07,,,Success
TwoStage_DL_HKSJ,U-Shaped (Moderate Het)_k30,40,True,0.004102230072021484,,,6.134482606457186e-07,,,Success
TwoStage_DL_Normal,U-Shaped (Moderate Het)_k30,40,True,0.0038309097290039062,,,6.134482606457186e-07,,,Success
TwoStage_DL_HKSJ,U-Shaped (Moderate Het)_k30,41,True,0.0038144588470458984,,,4.330965738671435e-07,,,Success
TwoStage_DL_Normal,U-Shaped (Moderate Het)_k30,41,True,0.0038475990295410156,,,4.330965738671435e-07,,,Success
TwoStage_DL_HKSJ,U-Shaped (Moderate Het)_k30,42,True,0.005184173583984375,,,6.116286768407265e-07,,,Success
TwoStage_DL_Normal,U-Shaped (Moderate Het)_k30,42,True,0.0050165653228759766,,,6.116286768407265e-07,,,Success
TwoStage_DL_HKSJ,U-Shaped (Moderate Het)_k30,43,True,0.004969120025634766,,,3.5323396619299226e-07,,,Success
TwoStage_DL_Normal,U-Shaped (Moderate Het)_k30,43,True,0.004571676254272461,,,3.5323396619299226e-07,,,Success
TwoStage_DL_HKSJ,U-Shaped (Moderate Het)_k30,44,True,0.0037469863891601562,,,5.131422600580347e-07,,,Success
TwoStage_DL_Normal,U-Shaped (Moderate Het)_k30,44,True,0.0038144588470458984,,,5.131422600580347e-07,,,Success
TwoStage_DL_HKSJ,U-Shaped (Moderate Het)_k30,45,True,0.004821300506591797,,,6.761556338911846e-07,,,Success
TwoStage_DL_Normal,U-Shaped (Moderate Het)_k30,45,True,0.004642963409423828,,,6.761556338911846e-07,,,Success
TwoStage_DL_HKSJ,U-Shaped (Moderate Het)_k30,46,True,0.004866123199462891,,,2.855345085955386e-07,,,Success
TwoStage_DL_Normal,U-Shaped (Moderate Het)_k30,46,True,0.0043981075286865234,,,2.855345085955386e-07,,,Success
TwoStage_DL_HKSJ,U-Shaped (Moderate Het)_k30,47,True,0.003821849822998047,,,5.432260106832512e-07,,,Success
TwoStage_DL_Normal,U-Shaped (Moderate Het)_k30,47,True,0.003977060317993164,,,5.432260106832512e-07,,,Success
TwoStage_DL_HKSJ,U-Shaped (Moderate Het)_k30,48,True,0.004292726516723633,,,5.141047737373875e-07,,,Success
TwoStage_DL_Normal,U-Shaped (Moderate Het)_k30,48,True,0.004855155944824219,,,5.141047737373875e-07,,,Success
TwoStage_DL_HKSJ,U-Shaped (Moderate Het)_k30,49,True,0.0038383007049560547,,,2.7733764927957986e-07,,,Success
TwoStage_DL_Normal,U-Shaped (Moderate Het)_k30,49,True,0.0038652420043945312,,,2.7733764927957986e-07,,,Success
