k,scenario,method,sim_idx,converged,mse,coverage,interval_score,mean_width,hksj_factor,tau2,I2
8,Quadratic (Moderate Het),TwoStage_DL_HKSJ,0,True,0.00041494804112715664,100.0,2467.3062679357186,2467.3062679357186,6.836043320307852,7.591807197181251e-07,97.86011523093417
8,Quadratic (Moderate Het),TwoStage_DL_Normal,0,True,0.00041494804112715664,100.0,299.1659676503439,299.1659676503439,1.0,7.591807197181251e-07,97.86011523093417
8,Quadratic (Moderate Het),TwoStage_DL_HKSJ,1,True,0.06585912544469263,92.0,333.96697048882567,333.59501467700596,2.65298234717421,9.22073455900074e-08,85.79205459707224
8,Quadratic (Moderate Het),TwoStage_DL_Normal,1,True,0.06585912544469263,89.0,104.99252670515617,104.22673266226894,1.0,9.22073455900074e-08,85.79205459707224
8,Quadratic (Moderate Het),TwoStage_DL_HKSJ,2,True,0.012042361767687642,100.0,1217.4861046308338,1217.4861046308338,4.82651053466548,3.910149160538201e-07,95.7072708935172
8,Quadratic (Moderate Het),TwoStage_DL_Normal,2,True,0.012042361767687642,95.0,209.14237015624104,209.085871211276,1.0,3.910149160538201e-07,95.7072708935172
8,Quadratic (Moderate Het),TwoStage_DL_HKSJ,3,True,0.058353946733247,100.0,1765.9125683655618,1765.9125683655618,5.790393916883776,5.582611157290141e-07,97.0174771406946
8,Quadratic (Moderate Het),TwoStage_DL_Normal,3,True,0.058353946733247,94.0,252.85050703942284,252.7871653776507,1.0,5.582611157290141e-07,97.0174771406946
8,Quadratic (Moderate Het),TwoStage_DL_HKSJ,4,True,1.0153865024005673,100.0,832.2623054180465,832.2623054180465,3.9399009632790487,2.9130736403589577e-07,93.55787140648603
8,Quadratic (Moderate Het),TwoStage_DL_Normal,4,True,1.0153865024005673,94.0,175.16484490825104,175.09302743743055,1.0,2.9130736403589577e-07,93.55787140648603
8,Quadratic (Moderate Het),TwoStage_DL_HKSJ,5,True,0.007065874151836402,100.0,1259.903477119592,1259.903477119592,5.151262755335792,3.573704166804609e-07,96.23146464367439
8,Quadratic (Moderate Het),TwoStage_DL_Normal,5,True,0.007065874151836402,100.0,202.72975874731014,202.72975874731014,1.0,3.573704166804609e-07,96.23146464367439
8,Quadratic (Moderate Het),TwoStage_DL_HKSJ,6,True,0.005431167047204222,100.0,637.4466876992819,637.4466876992819,3.4228342002521908,2.0307531845113742e-07,91.46451360268051
8,Quadratic (Moderate Het),TwoStage_DL_Normal,6,True,0.005431167047204222,93.0,154.50938698655284,154.36610213549213,1.0,2.0307531845113742e-07,91.46451360268051
8,Quadratic (Moderate Het),TwoStage_DL_HKSJ,7,True,0.06571730954634579,100.0,2454.990294198492,2454.990294198492,6.468435019796104,9.567046251274632e-07,97.60997986017804
8,Quadratic (Moderate Het),TwoStage_DL_Normal,7,True,0.06571730954634579,95.0,314.6723365572038,314.5896945540081,1.0,9.567046251274632e-07,97.60997986017804
8,Quadratic (Moderate Het),TwoStage_DL_HKSJ,8,True,0.0015812667851956605,100.0,384.2342274464964,384.2342274464964,2.885724220060097,1.0706416235541502e-07,87.99145607601606
8,Quadratic (Moderate Het),TwoStage_DL_Normal,8,True,0.0015812667851956605,100.0,110.36596284478438,110.36596284478438,1.0,1.0706416235541502e-07,87.99145607601606
8,Quadratic (Moderate Het),TwoStage_DL_HKSJ,9,True,0.7117337403175891,100.0,2138.822326617197,2138.822326617197,6.813825657336486,7.357357863030685e-07,97.84613754718106
8,Quadratic (Moderate Het),TwoStage_DL_Normal,9,True,0.7117337403175891,95.0,260.24901097284595,260.1822251931735,1.0,7.357357863030685e-07,97.84613754718106
8,Quadratic (Moderate Het),TwoStage_DL_HKSJ,10,True,0.02152833911374608,100.0,716.1914432751929,716.1914432751929,3.6758121279370934,2.799924614856364e-07,92.59894916321659
8,Quadratic (Moderate Het),TwoStage_DL_Normal,10,True,0.02152833911374608,100.0,161.4989687822312,161.4989687822312,1.0,2.799924614856364e-07,92.59894916321659
8,Quadratic (Moderate Het),TwoStage_DL_HKSJ,11,True,0.04368313899327353,100.0,1827.1742167444659,1827.1742167444659,5.706095019416177,6.722621873819395e-07,96.92870168658021
8,Quadratic (Moderate Het),TwoStage_DL_Normal,11,True,0.04368313899327353,95.0,265.49157189570917,265.4207615164485,1.0,6.722621873819395e-07,96.92870168658021
8,Quadratic (Moderate Het),TwoStage_DL_HKSJ,12,True,0.0037523116976165916,100.0,858.0699669690817,858.0699669690817,4.323257782125027,2.3374186245612383e-07,94.64970490454193
8,Quadratic (Moderate Het),TwoStage_DL_Normal,12,True,0.0037523116976165916,93.0,164.62698211420718,164.51499995771013,1.0,2.3374186245612383e-07,94.64970490454193
8,Quadratic (Moderate Het),TwoStage_DL_HKSJ,13,True,1.0860840749259908,100.0,627.9966133658734,627.9966133658734,3.6118525950528793,2.1248044989527867e-07,92.33450924192155
8,Quadratic (Moderate Het),TwoStage_DL_Normal,13,True,1.0860840749259908,100.0,144.11899197758947,144.11899197758947,1.0,2.1248044989527867e-07,92.33450924192155
8,Quadratic (Moderate Het),TwoStage_DL_HKSJ,14,True,0.0053993725114911285,100.0,1824.8020496462186,1824.8020496462186,5.9614181131797315,6.151713945062594e-07,97.18615070018157
8,Quadratic (Moderate Het),TwoStage_DL_Normal,14,True,0.0053993725114911285,95.0,253.77070892561633,253.7231585630976,1.0,6.151713945062594e-07,97.18615070018157
8,Quadratic (Moderate Het),TwoStage_DL_HKSJ,15,True,0.09945291103798964,100.0,1260.2911586414957,1260.2911586414957,4.833907214241067,4.0886848868234714e-07,95.72039801715918
8,Quadratic (Moderate Het),TwoStage_DL_Normal,15,True,0.09945291103798964,96.0,216.11153918126058,216.10584408738256,1.0,4.0886848868234714e-07,95.72039801715918
8,Quadratic (Moderate Het),TwoStage_DL_HKSJ,16,True,0.0348220929636021,100.0,1260.29857655093,1260.29857655093,5.2473136872989805,3.80895190960163e-07,96.36816637387523
8,Quadratic (Moderate Het),TwoStage_DL_Normal,16,True,0.0348220929636021,94.0,199.19715696370676,199.08124606522307,1.0,3.80895190960163e-07,96.36816637387523
8,Quadratic (Moderate Het),TwoStage_DL_HKSJ,17,True,0.0030454983459190167,100.0,1247.1954807735988,1247.1954807735988,4.738958475895455,4.4401785614366127e-07,95.5471897019048
8,Quadratic (Moderate Het),TwoStage_DL_Normal,17,True,0.0030454983459190167,95.0,218.18181779759263,218.14514767173713,1.0,4.4401785614366127e-07,95.5471897019048
8,Quadratic (Moderate Het),TwoStage_DL_HKSJ,18,True,0.018799410795707322,100.0,2647.432431250358,2647.432431250358,7.163786949894481,8.468993636901923e-07,98.05143598944989
8,Quadratic (Moderate Het),TwoStage_DL_Normal,18,True,0.018799410795707322,100.0,306.32056553883285,306.32056553883285,1.0,8.468993636901923e-07,98.05143598944989
8,Quadratic (Moderate Het),TwoStage_DL_HKSJ,19,True,0.022162189907320645,100.0,1324.1771376285571,1324.1771376285571,5.014793985405741,4.395554029749889e-07,96.02356573580347
8,Quadratic (Moderate Het),TwoStage_DL_Normal,19,True,0.022162189907320645,98.0,218.87153780479824,218.8703442590347,1.0,4.395554029749889e-07,96.02356573580347
8,Quadratic (Moderate Het),TwoStage_DL_HKSJ,20,True,0.009360804462704118,100.0,2450.4541062138524,2450.4541062138524,6.777926544564984,7.473571318123844e-07,97.8232613720244
8,Quadratic (Moderate Het),TwoStage_DL_Normal,20,True,0.009360804462704118,94.0,299.8678979182076,299.670261783572,1.0,7.473571318123844e-07,97.8232613720244
8,Quadratic (Moderate Het),TwoStage_DL_HKSJ,21,True,0.011962640181020444,100.0,1019.5918900081374,1019.5918900081374,4.4029004133357255,3.254927074707815e-07,94.84151377721513
8,Quadratic (Moderate Het),TwoStage_DL_Normal,21,True,0.011962640181020444,99.0,191.94710353401223,191.94704995573775,1.0,3.254927074707815e-07,94.84151377721513
8,Quadratic (Moderate Het),TwoStage_DL_HKSJ,22,True,0.015573781872973633,100.0,950.05822403634,950.05822403634,4.44065791056586,2.7917486906952665e-07,94.92886276607798
8,Quadratic (Moderate Het),TwoStage_DL_Normal,22,True,0.015573781872973633,100.0,177.33597025000444,177.33597025000444,1.0,2.7917486906952665e-07,94.92886276607798
8,Quadratic (Moderate Het),TwoStage_DL_HKSJ,23,True,0.016615596231492433,100.0,1182.431938839503,1182.431938839503,4.66708199928073,3.978753081255286e-07,95.40898050172693
8,Quadratic (Moderate Het),TwoStage_DL_Normal,23,True,0.016615596231492433,95.0,210.06913639092403,210.00259076347828,1.0,3.978753081255286e-07,95.40898050172693
8,Quadratic (Moderate Het),TwoStage_DL_HKSJ,24,True,0.01831532092635632,99.0,376.1202406392971,376.11922006170164,2.738124922799831,1.1289581045830141e-07,86.6619149166933
8,Quadratic (Moderate Het),TwoStage_DL_Normal,24,True,0.01831532092635632,92.0,114.05609568890513,113.85869466979892,1.0,1.1289581045830141e-07,86.6619149166933
8,Quadratic (Moderate Het),TwoStage_DL_HKSJ,25,True,0.027029924025924645,100.0,984.6603126194638,984.6603126194638,4.616768048151487,2.8846699994940986e-07,95.30836855164088
8,Quadratic (Moderate Het),TwoStage_DL_Normal,25,True,0.027029924025924645,92.0,177.07768414635007,176.78373697498017,1.0,2.8846699994940986e-07,95.30836855164088
8,Quadratic (Moderate Het),TwoStage_DL_HKSJ,26,True,0.01230113076532366,100.0,641.0174052988938,641.0174052988938,3.6781105824956972,1.862489216855256e-07,92.60819611953555
8,Quadratic (Moderate Het),TwoStage_DL_Normal,26,True,0.01230113076532366,94.0,144.49847458632317,144.45712648232245,1.0,1.862489216855256e-07,92.60819611953555
8,Quadratic (Moderate Het),TwoStage_DL_HKSJ,27,True,0.02965071773821142,100.0,1581.9929987113126,1581.9929987113126,5.2625481069859275,5.690722234813041e-07,96.38916334776472
8,Quadratic (Moderate Het),TwoStage_DL_Normal,27,True,0.02965071773821142,93.0,249.41078293993178,249.17381995345778,1.0,5.690722234813041e-07,96.38916334776472
8,Quadratic (Moderate Het),TwoStage_DL_HKSJ,28,True,0.0001647598557117134,100.0,1036.6155820519698,1036.6155820519698,4.562727021589923,3.0913552332695423e-07,95.19657485972758
8,Quadratic (Moderate Het),TwoStage_DL_Normal,28,True,0.0001647598557117134,100.0,188.31598146892296,188.31598146892296,1.0,3.0913552332695423e-07,95.19657485972758
8,Quadratic (Moderate Het),TwoStage_DL_HKSJ,29,True,0.02312439161104064,100.0,899.1340295658903,899.1340295658903,4.115910442230792,3.662393380681058e-07,94.09706274174434
8,Quadratic (Moderate Het),TwoStage_DL_Normal,29,True,0.02312439161104064,94.0,181.22332907933324,181.07248020007148,1.0,3.662393380681058e-07,94.09706274174434
8,Quadratic (Moderate Het),TwoStage_DL_HKSJ,30,True,1.3918978874800059,100.0,2031.644520851025,2031.644520851025,6.240743134876859,7.810737235385892e-07,97.43239989550808
8,Quadratic (Moderate Het),TwoStage_DL_Normal,30,True,1.3918978874800059,100.0,269.83938947072306,269.83938947072306,1.0,7.810737235385892e-07,97.43239989550808
8,Quadratic (Moderate Het),TwoStage_DL_HKSJ,31,True,0.004642662066373024,100.0,990.7111045166074,990.7111045166074,4.507066486889904,3.6022947161047483e-07,95.07720137523987
8,Quadratic (Moderate Het),TwoStage_DL_Normal,31,True,0.004642662066373024,100.0,182.19942335101118,182.19942335101118,1.0,3.6022947161047483e-07,95.07720137523987
8,Quadratic (Moderate Het),TwoStage_DL_HKSJ,32,True,1.7711709226588725,100.0,1174.4561389740584,1174.4561389740584,4.732185276393775,3.8409093989648174e-07,95.5344339222204
8,Quadratic (Moderate Het),TwoStage_DL_Normal,32,True,1.7711709226588725,94.0,205.8185127332209,205.71643727565095,1.0,3.8409093989648174e-07,95.5344339222204
8,Quadratic (Moderate Het),TwoStage_DL_HKSJ,33,True,0.017954158202184795,100.0,1327.7114827617816,1327.7114827617816,5.078519348706765,4.415923737209744e-07,96.12273238988095
8,Quadratic (Moderate Het),TwoStage_DL_Normal,33,True,0.017954158202184795,94.0,216.7942563527612,216.70080858687518,1.0,4.415923737209744e-07,96.12273238988095
8,Quadratic (Moderate Het),TwoStage_DL_HKSJ,34,True,0.049553527724504096,100.0,2077.6000127422662,2077.6000127422662,5.966227295004283,7.241723617613171e-07,97.19068517674847
8,Quadratic (Moderate Het),TwoStage_DL_Normal,34,True,0.049553527724504096,100.0,288.6397080665458,288.6397080665458,1.0,7.241723617613171e-07,97.19068517674847
8,Quadratic (Moderate Het),TwoStage_DL_HKSJ,35,True,0.06762011997081405,100.0,306.3984593132505,306.3984593132505,2.751293886859233,8.559276492296642e-08,86.78929381710225
8,Quadratic (Moderate Het),TwoStage_DL_Normal,35,True,0.06762011997081405,100.0,92.30888941606753,92.30888941606753,1.0,8.559276492296642e-08,86.78929381710225
8,Quadratic (Moderate Het),TwoStage_DL_HKSJ,36,True,0.003134147177819214,100.0,892.5578660778648,892.5578660778648,4.325125486074066,2.566571585148955e-07,94.65432470562723
8,Quadratic (Moderate Het),TwoStage_DL_Normal,36,True,0.003134147177819214,100.0,171.0533568423411,171.0533568423411,1.0,2.566571585148955e-07,94.65432470562723
8,Quadratic (Moderate Het),TwoStage_DL_HKSJ,37,True,0.008635614203765516,100.0,1244.349889945533,1244.349889945533,5.050216901734999,3.944835798247096e-07,96.07915261697175
8,Quadratic (Moderate Het),TwoStage_DL_Normal,37,True,0.008635614203765516,94.0,204.33686947869953,204.23323412490768,1.0,3.944835798247096e-07,96.07915261697175
8,Quadratic (Moderate Het),TwoStage_DL_HKSJ,38,True,0.02535286601632538,100.0,693.7101129861371,693.7101129861371,3.6391196662675966,2.2101270527925274e-07,92.44895034277465
8,Quadratic (Moderate Het),TwoStage_DL_Normal,38,True,0.02535286601632538,92.0,158.21257416138636,158.00674292889022,1.0,2.2101270527925274e-07,92.44895034277465
8,Quadratic (Moderate Het),TwoStage_DL_HKSJ,39,True,0.000989564630751226,100.0,964.8697746860789,964.8697746860789,4.230063073045703,3.1033842350444445e-07,94.41135769553303
8,Quadratic (Moderate Het),TwoStage_DL_Normal,39,True,0.000989564630751226,100.0,189.06702515228005,189.06702515228005,1.0,3.1033842350444445e-07,94.41135769553303
8,Quadratic (Moderate Het),TwoStage_DL_HKSJ,40,True,0.001113666712284411,100.0,946.3837887577555,946.3837887577555,4.289657881428301,3.502765648532073e-07,94.5655613970863
8,Quadratic (Moderate Het),TwoStage_DL_Normal,40,True,0.001113666712284411,100.0,182.86835896000386,182.86835896000386,1.0,3.502765648532073e-07,94.5655613970863
8,Quadratic (Moderate Het),TwoStage_DL_HKSJ,41,True,0.003439970702926723,100.0,330.966042074223,330.966042074223,2.74413201014467,9.308913958612017e-08,86.72024690981925
8,Quadratic (Moderate Het),TwoStage_DL_Normal,41,True,0.003439970702926723,95.0,99.99139348564287,99.97061607649556,1.0,9.308913958612017e-08,86.72024690981925
8,Quadratic (Moderate Het),TwoStage_DL_HKSJ,42,True,0.6343750720530703,100.0,798.5755422464142,798.5755422464142,3.81392420954918,2.9560716973994526e-07,93.12526625147906
8,Quadratic (Moderate Het),TwoStage_DL_Normal,42,True,0.6343750720530703,94.0,173.6624658127844,173.55529916441716,1.0,2.9560716973994526e-07,93.12526625147906
8,Quadratic (Moderate Het),TwoStage_DL_HKSJ,43,True,0.011384558199755718,100.0,2714.28829063704,2714.28829063704,7.265408190433636,1.0089566512736126e-06,98.10556389688448
8,Quadratic (Moderate Het),TwoStage_DL_Normal,43,True,0.011384558199755718,96.0,309.67804011606205,309.66340575243413,1.0,1.0089566512736126e-06,98.10556389688448
8,Quadratic (Moderate Het),TwoStage_DL_HKSJ,44,True,0.26342278731869123,100.0,973.4248552736187,973.4248552736187,4.183129625429571,5.011379602145717e-07,94.28524843978805
8,Quadratic (Moderate Het),TwoStage_DL_Normal,44,True,0.26342278731869123,100.0,192.88348341033577,192.88348341033577,1.0,5.011379602145717e-07,94.28524843978805
8,Quadratic (Moderate Het),TwoStage_DL_HKSJ,45,True,0.09705431553113886,100.0,1207.9275617773048,1207.9275617773048,4.9633307449187445,4.007062817151947e-07,95.94067739778802
8,Quadratic (Moderate Het),TwoStage_DL_Normal,45,True,0.09705431553113886,100.0,201.72587423082288,201.72587423082288,1.0,4.007062817151947e-07,95.94067739778802
8,Quadratic (Moderate Het),TwoStage_DL_HKSJ,46,True,0.0020400576310854414,100.0,1001.6964826237905,1001.6964826237905,4.041094325600925,3.6555389615032006e-07,93.87646753572228
8,Quadratic (Moderate Het),TwoStage_DL_Normal,46,True,0.0020400576310854414,100.0,205.46180213653247,205.46180213653247,1.0,3.6555389615032006e-07,93.87646753572228
8,Quadratic (Moderate Het),TwoStage_DL_HKSJ,47,True,0.0008189624255408033,100.0,825.7328888188997,825.7328888188997,4.188550325542175,2.2236773706414419e-07,94.3000305990726
8,Quadratic (Moderate Het),TwoStage_DL_Normal,47,True,0.0008189624255408033,100.0,163.40666892684564,163.40666892684564,1.0,2.2236773706414419e-07,94.3000305990726
8,Quadratic (Moderate Het),TwoStage_DL_HKSJ,48,True,0.4367000552284923,100.0,3095.72605153465,3095.72605153465,8.035956612955147,8.928490131286537e-07,98.45145142302505
8,Quadratic (Moderate Het),TwoStage_DL_Normal,48,True,0.4367000552284923,100.0,319.3146693986161,319.3146693986161,1.0,8.928490131286537e-07,98.45145142302505
8,Quadratic (Moderate Het),TwoStage_DL_HKSJ,49,True,0.008653415674768015,100.0,767.7322695266729,767.7322695266729,4.245772626859076,2.44432216247969e-07,94.45263765177079
8,Quadratic (Moderate Het),TwoStage_DL_Normal,49,True,0.008653415674768015,93.0,150.0066824566318,149.8811423766599,1.0,2.44432216247969e-07,94.45263765177079
8,Log (High Het),TwoStage_DL_HKSJ,0,True,0.055963391284868526,100.0,5475.902992863141,5475.902992863141,10.010838885844398,1.7437419953777353e-06,99.00216425781205
8,Log (High Het),TwoStage_DL_Normal,0,True,0.055963391284868526,93.0,453.7614849503019,453.39758853501655,1.0,1.7437419953777353e-06,99.00216425781205
8,Log (High Het),TwoStage_DL_HKSJ,1,True,0.26159488216735816,92.0,815.7150525613349,814.7911080560912,3.410999429945627,3.3276660828799333e-07,91.40518157153963
8,Log (High Het),TwoStage_DL_Normal,1,True,0.26159488216735816,88.0,199.92925184232277,197.99697992625832,1.0,3.3276660828799333e-07,91.40518157153963
8,Log (High Het),TwoStage_DL_HKSJ,2,True,0.14885061898448157,100.0,2799.0600471009802,2799.0600471009802,7.036650620179615,9.723653032038646e-07,97.9803876229909
8,Log (High Het),TwoStage_DL_Normal,2,True,0.14885061898448157,93.0,330.0200982889983,329.716103674407,1.0,9.723653032038646e-07,97.9803876229909
8,Log (High Het),TwoStage_DL_HKSJ,3,True,0.5564292749771947,100.0,3439.943359697989,3439.943359697989,7.862831745356579,1.1488496058661488e-06,98.38250839547268
8,Log (High Het),TwoStage_DL_Normal,3,True,0.5564292749771947,93.0,363.2414782925568,362.6320969387539,1.0,1.1488496058661488e-06,98.38250839547268
8,Log (High Het),TwoStage_DL_HKSJ,4,True,1.634701366344583,97.0,1988.7322209859617,1988.6452731344052,5.867460986528319,7.499337964525563e-07,97.09531140976394
8,Log (High Het),TwoStage_DL_Normal,4,True,1.634701366344583,91.0,281.7314441941382,280.9318917160051,1.0,7.499337964525563e-07,97.09531140976394
8,Log (High Het),TwoStage_DL_HKSJ,5,True,0.14292610554384771,100.0,3122.1410780878687,3122.1410780878687,7.857447336075984,9.432336855184907e-07,98.38029082518855
8,Log (High Het),TwoStage_DL_Normal,5,True,0.14292610554384771,92.0,329.9147814688856,329.3555426074215,1.0,9.432336855184907e-07,98.38029082518855
8,Log (High Het),TwoStage_DL_HKSJ,6,True,0.07086958186740341,95.0,1325.014368426188,1324.805112816143,4.282908463967049,5.602417476812225e-07,94.54841968300074
8,Log (High Het),TwoStage_DL_Normal,6,True,0.07086958186740341,91.0,257.2553991860552,256.3935732010585,1.0,5.602417476812225e-07,94.54841968300074
8,Log (High Het),TwoStage_DL_HKSJ,7,True,0.677702737197911,100.0,4958.129221277887,4958.129221277887,9.213135028847201,1.9235338637196367e-06,98.82189193940958
8,Log (High Het),TwoStage_DL_Normal,7,True,0.677702737197911,94.0,446.1934073249857,446.07135670026656,1.0,1.9235338637196367e-06,98.82189193940958
8,Log (High Het),TwoStage_DL_HKSJ,8,True,0.12708147757953717,98.0,1152.0074247879359,1151.9789101415172,4.462049368090313,4.0252985327664344e-07,94.97736917146896
8,Log (High Het),TwoStage_DL_Normal,8,True,0.12708147757953717,91.0,214.48319973469407,213.99522818952835,1.0,4.0252985327664344e-07,94.97736917146896
8,Log (High Het),TwoStage_DL_HKSJ,9,True,0.524721862480343,100.0,4555.838351061367,4555.838351061367,9.146933596871996,1.8524396593813258e-06,98.80477698452768
8,Log (High Het),TwoStage_DL_Normal,9,True,0.524721862480343,94.0,413.10363390350255,412.8446983247071,1.0,1.8524396593813258e-06,98.80477698452768
8,Log (High Het),TwoStage_DL_HKSJ,10,True,0.462236216300575,98.0,1432.3848768301666,1432.3642399867929,5.245886060553769,5.498819487431326e-07,96.36618935482667
8,Log (High Het),TwoStage_DL_Normal,10,True,0.462236216300575,91.0,226.83287031171153,226.32292555517822,1.0,5.498819487431326e-07,96.36618935482667
8,Log (High Het),TwoStage_DL_HKSJ,11,True,0.03969719160403967,100.0,4540.405223885373,4540.405223885373,8.485527669057973,1.8771222386072603e-06,98.61119173571973
8,Log (High Het),TwoStage_DL_Normal,11,True,0.03969719160403967,94.0,443.76783986168016,443.51640944685147,1.0,1.8771222386072603e-06,98.61119173571973
8,Log (High Het),TwoStage_DL_HKSJ,12,True,0.0903730887745095,97.0,1604.3839542429923,1604.2729045602339,5.7066060733967365,4.6894245106169556e-07,96.92925176097673
8,Log (High Het),TwoStage_DL_Normal,12,True,0.0903730887745095,91.0,233.87522316267473,233.02058392398732,1.0,4.6894245106169556e-07,96.92925176097673
8,Log (High Het),TwoStage_DL_HKSJ,13,True,3.289372923202159,100.0,2003.9939270639595,2003.9939270639595,6.000766451419834,7.838941713706085e-07,97.22293176350269
8,Log (High Het),TwoStage_DL_Normal,13,True,3.289372923202159,92.0,277.19350965938776,276.81116850094827,1.0,7.838941713706085e-07,97.22293176350269
8,Log (High Het),TwoStage_DL_HKSJ,14,True,0.0865981535588557,100.0,3141.4315815154464,3141.4315815154464,7.679836528723659,1.0985454266993119e-06,98.30450681558547
8,Log (High Het),TwoStage_DL_Normal,14,True,0.0865981535588557,94.0,339.30231758165087,339.05453810722946,1.0,1.0985454266993119e-06,98.30450681558547
8,Log (High Het),TwoStage_DL_HKSJ,15,True,0.2033915758911378,100.0,2878.7485908239814,2878.7485908239814,7.1011713814662825,9.885324325762165e-07,98.01692101759512
8,Log (High Het),TwoStage_DL_Normal,15,True,0.2033915758911378,92.0,336.3891736224559,336.0219719794527,1.0,9.885324325762165e-07,98.01692101759512
8,Log (High Het),TwoStage_DL_HKSJ,16,True,0.1396190518253162,100.0,2579.513443817642,2579.513443817642,7.473223967779838,7.866779578473756e-07,98.20946009646082
8,Log (High Het),TwoStage_DL_Normal,16,True,0.1396190518253162,94.0,286.3268642906644,286.1038682082138,1.0,7.866779578473756e-07,98.20946009646082
8,Log (High Het),TwoStage_DL_HKSJ,17,True,0.19817225723977924,98.0,3409.7525072786816,3409.7447935523724,7.139531761878015,1.4622016905099146e-06,98.03817375569643
8,Log (High Het),TwoStage_DL_Normal,17,True,0.19817225723977924,93.0,396.50552546114295,395.8640621745997,1.0,1.4622016905099146e-06,98.03817375569643
8,Log (High Het),TwoStage_DL_HKSJ,18,True,0.05328026648772743,100.0,4583.485295196413,4583.485295196413,9.634992800158628,1.4033249930701785e-06,98.92279785117897
8,Log (High Het),TwoStage_DL_Normal,18,True,0.05328026648772743,93.0,394.8429746798485,394.31053443390005,1.0,1.4033249930701785e-06,98.92279785117897
8,Log (High Het),TwoStage_DL_HKSJ,19,True,0.17734201458282053,100.0,3348.5958383235043,3348.5958383235043,7.664131060467781,1.2034626469031567e-06,98.29755082853912
8,Log (High Het),TwoStage_DL_Normal,19,True,0.17734201458282053,92.0,362.79782722373403,362.1543802291524,1.0,1.2034626469031567e-06,98.29755082853912
8,Log (High Het),TwoStage_DL_HKSJ,20,True,0.06093620132067775,100.0,5141.34949745317,5141.34949745317,9.6250403427378,1.6314762776283703e-06,98.9205690083091
8,Log (High Het),TwoStage_DL_Normal,20,True,0.06093620132067775,95.0,442.901971063894,442.760124298945,1.0,1.6314762776283703e-06,98.9205690083091
8,Log (High Het),TwoStage_DL_HKSJ,21,True,0.21257194801030527,98.0,2125.4580800858107,2125.4265717333788,6.27268447458722,6.968779119901534e-07,97.45848243737163
8,Log (High Het),TwoStage_DL_Normal,21,True,0.21257194801030527,92.0,281.54088282284994,280.85786832807594,1.0,6.968779119901534e-07,97.45848243737163
8,Log (High Het),TwoStage_DL_HKSJ,22,True,0.14737918635341685,97.0,1524.1212972252001,1524.0638633865433,5.920784393108245,4.0413045950833637e-07,97.14739586666015
8,Log (High Het),TwoStage_DL_Normal,22,True,0.14737918635341685,91.0,214.15172963604607,213.3623820474989,1.0,4.0413045950833637e-07,97.14739586666015
8,Log (High Het),TwoStage_DL_HKSJ,23,True,0.04254911105416557,100.0,2632.2116358117487,2632.2116358117487,6.876834044524816,9.081435014918957e-07,97.88542588149937
8,Log (High Het),TwoStage_DL_Normal,23,True,0.04254911105416557,94.0,317.4715830168487,317.26794290246943,1.0,9.081435014918957e-07,97.88542588149937
8,Log (High Het),TwoStage_DL_HKSJ,24,True,0.11589064266421978,94.0,955.3263022264737,954.8807959753365,3.812844318105563,3.752729799228706e-07,93.12137151208886
8,Log (High Het),TwoStage_DL_Normal,24,True,0.11589064266421978,89.0,208.8283957797959,207.5840678031747,1.0,3.752729799228706e-07,93.12137151208886
8,Log (High Het),TwoStage_DL_HKSJ,25,True,0.4576783247064305,99.0,1933.142773513487,1933.1184758036723,6.096257692387779,6.376688387703587e-07,97.3092498894172
8,Log (High Het),TwoStage_DL_Normal,25,True,0.4576783247064305,97.0,262.98579700320795,262.8385647219397,1.0,6.376688387703587e-07,97.3092498894172
8,Log (High Het),TwoStage_DL_HKSJ,26,True,0.10483898075936525,97.0,1750.2651979980676,1750.2058410373545,5.649801263569732,5.884708703253249e-07,96.86719287997248
8,Log (High Het),TwoStage_DL_Normal,26,True,0.10483898075936525,92.0,257.4655028381947,256.7733158666889,1.0,5.884708703253249e-07,96.86719287997248
8,Log (High Het),TwoStage_DL_HKSJ,27,True,0.24297180129538234,99.0,3179.188877141801,3179.1875646014673,7.034811082402894,1.2861201056262719e-06,97.97933126512788
8,Log (High Het),TwoStage_DL_Normal,27,True,0.24297180129538234,97.0,374.7206779064759,374.59126322592914,1.0,1.2861201056262719e-06,97.97933126512788
8,Log (High Het),TwoStage_DL_HKSJ,28,True,0.07635817771533686,99.0,2211.5658008400032,2211.554842102511,6.1626319174857125,7.713147253625686e-07,97.3668988534228
8,Log (High Het),TwoStage_DL_Normal,28,True,0.07635817771533686,92.0,298.0715104168036,297.457837636608,1.0,7.713147253625686e-07,97.3668988534228
8,Log (High Het),TwoStage_DL_HKSJ,29,True,0.11801104797185741,99.0,2168.626473696946,2168.6204429962195,6.220773072063181,9.326785392262177e-07,97.41588830215562
8,Log (High Het),TwoStage_DL_Normal,29,True,0.11801104797185741,95.0,289.0925541143095,288.9569339141948,1.0,9.326785392262177e-07,97.41588830215562
8,Log (High Het),TwoStage_DL_HKSJ,30,True,5.44534250542901,100.0,4245.029665813414,4245.029665813414,9.091524486179058,1.6067979879457633e-06,98.79016380158822
8,Log (High Het),TwoStage_DL_Normal,30,True,5.44534250542901,92.0,387.44994180365137,387.02404601143405,1.0,1.6067979879457633e-06,98.79016380158822
8,Log (High Het),TwoStage_DL_HKSJ,31,True,0.24626876039129322,100.0,1700.2833212488054,1700.2833212488054,5.760815833080793,6.494592159282407e-07,96.9867718436624
8,Log (High Het),TwoStage_DL_Normal,31,True,0.24626876039129322,92.0,245.02138152865072,244.64212199453857,1.0,6.494592159282407e-07,96.9867718436624
8,Log (High Het),TwoStage_DL_HKSJ,32,True,2.3062020552536557,100.0,3389.177958167686,3389.177958167686,7.268807904496818,1.3556674271694798e-06,98.10733558626866
8,Log (High Het),TwoStage_DL_Normal,32,True,2.3062020552536557,94.0,386.64408258095784,386.4782994025005,1.0,1.3556674271694798e-06,98.10733558626866
8,Log (High Het),TwoStage_DL_HKSJ,33,True,0.5399934800532268,98.0,3127.391906316404,3127.37380097414,7.461078918310988,1.1351400371981858e-06,98.2036261158708
8,Log (High Het),TwoStage_DL_Normal,33,True,0.5399934800532268,92.0,348.12255863658726,347.4338204022796,1.0,1.1351400371981858e-06,98.2036261158708
8,Log (High Het),TwoStage_DL_HKSJ,34,True,0.3049993580619193,100.0,4437.970536460003,4437.970536460003,8.785533520807393,1.5238887042166573e-06,98.70442153746473
8,Log (High Het),TwoStage_DL_Normal,34,True,0.3049993580619193,92.0,419.21151250430034,418.7069854751636,1.0,1.5238887042166573e-06,98.70442153746473
8,Log (High Het),TwoStage_DL_HKSJ,35,True,0.036828121690631536,97.0,984.2208272583937,984.1841854238176,4.056050263325593,4.063538426251225e-07,93.92154307287115
8,Log (High Het),TwoStage_DL_Normal,35,True,0.036828121690631536,91.0,201.58601661830846,201.1254301508992,1.0,4.063538426251225e-07,93.92154307287115
8,Log (High Het),TwoStage_DL_HKSJ,36,True,0.055715049545363264,97.0,1746.0168955657052,1745.985072036064,5.926099614829547,5.231507989505235e-07,97.15251067228476
8,Log (High Het),TwoStage_DL_Normal,36,True,0.055715049545363264,91.0,244.89172070740292,244.21116234813053,1.0,5.231507989505235e-07,97.15251067228476
8,Log (High Het),TwoStage_DL_HKSJ,37,True,0.10564507430189962,100.0,2349.822401087328,2349.822401087328,6.860547475456548,7.622909423687516e-07,97.87537419512773
8,Log (High Het),TwoStage_DL_Normal,37,True,0.10564507430189962,93.0,284.16061455759393,283.90314110599724,1.0,7.622909423687516e-07,97.87537419512773
8,Log (High Het),TwoStage_DL_HKSJ,38,True,0.19587530587798369,96.0,2167.410701203769,2167.2877934630465,6.544487458244284,6.670280100045953e-07,97.66520518346722
8,Log (High Het),TwoStage_DL_Normal,38,True,0.19587530587798369,90.0,275.513000256704,274.4952775323034,1.0,6.670280100045953e-07,97.66520518346722
8,Log (High Het),TwoStage_DL_HKSJ,39,True,0.0322930930932771,100.0,1999.7513100126512,1999.7513100126512,6.03202266369265,6.555756537330725e-07,97.25163714182132
8,Log (High Het),TwoStage_DL_Normal,39,True,0.0322930930932771,92.0,275.19521773896463,274.7938174176906,1.0,6.555756537330725e-07,97.25163714182132
8,Log (High Het),TwoStage_DL_HKSJ,40,True,0.2145603395703375,100.0,2518.0407790953946,2518.0407790953946,6.639879244585509,1.0349839230007677e-06,97.73180892295457
8,Log (High Het),TwoStage_DL_Normal,40,True,0.2145603395703375,92.0,314.7366731839421,314.3377280632193,1.0,1.0349839230007677e-06,97.73180892295457
8,Log (High Het),TwoStage_DL_HKSJ,41,True,0.050626190726479614,97.0,753.7679156842937,753.7362859249089,3.7596089336032064,2.5722232633509395e-07,92.92519206585467
8,Log (High Het),TwoStage_DL_Normal,41,True,0.050626190726479614,92.0,166.56242859550304,166.1769112320454,1.0,2.5722232633509395e-07,92.92519206585467
8,Log (High Het),TwoStage_DL_HKSJ,42,True,1.3678467997138808,97.0,2225.171291726373,2225.085052754611,5.711141900835064,1.0234883629016475e-06,96.9341274420059
8,Log (High Het),TwoStage_DL_Normal,42,True,1.3678467997138808,91.0,323.6991681554265,322.9368445061737,1.0,1.0234883629016475e-06,96.9341274420059
8,Log (High Het),TwoStage_DL_HKSJ,43,True,0.16098055138131567,100.0,5361.759179891256,5361.759179891256,9.921130189038704,2.1114240347439367e-06,98.98403744244158
8,Log (High Het),TwoStage_DL_Normal,43,True,0.16098055138131567,93.0,448.23006402542603,447.96087813361004,1.0,2.1114240347439367e-06,98.98403744244158
8,Log (High Het),TwoStage_DL_HKSJ,44,True,0.3938568710639368,100.0,2005.9148070657727,2005.9148070657727,6.051874847623384,1.0167277677804561e-06,97.26963867593152
8,Log (High Het),TwoStage_DL_Normal,44,True,0.3938568710639368,93.0,275.04335735499154,274.73657379323134,1.0,1.0167277677804561e-06,97.26963867593152
8,Log (High Het),TwoStage_DL_HKSJ,45,True,0.08897835010067355,100.0,2734.62202922928,2734.62202922928,6.719718243096939,1.1204417676436263e-06,97.78538685716204
8,Log (High Het),TwoStage_DL_Normal,45,True,0.08897835010067355,92.0,337.6822248444347,337.31851244630656,1.0,1.1204417676436263e-06,97.78538685716204
8,Log (High Het),TwoStage_DL_HKSJ,46,True,0.17063659413280557,100.0,1975.250234253958,1975.250234253958,5.295240454618607,8.278558903619105e-07,96.43361168700311
8,Log (High Het),TwoStage_DL_Normal,46,True,0.17063659413280557,92.0,309.51668180644293,309.1935088980202,1.0,8.278558903619105e-07,96.43361168700311
8,Log (High Het),TwoStage_DL_HKSJ,47,True,0.06152388059548707,100.0,1828.9844530190762,1828.9844530190762,6.157830581563156,5.047671963445808e-07,97.36279113019998
8,Log (High Het),TwoStage_DL_Normal,47,True,0.06152388059548707,91.0,246.69977315545796,246.19328865073396,1.0,5.047671963445808e-07,97.36279113019998
8,Log (High Het),TwoStage_DL_HKSJ,48,True,1.4403686248666847,100.0,5639.140723507797,5639.140723507797,11.072689009831699,1.5604501187853887e-06,99.18436886589579
8,Log (High Het),TwoStage_DL_Normal,48,True,1.4403686248666847,93.0,422.44414030301056,422.1373330087436,1.0,1.5604501187853887e-06,99.18436886589579
8,Log (High Het),TwoStage_DL_HKSJ,49,True,0.38288441114955285,100.0,1525.6815677789816,1525.6815677789816,5.651892071098296,5.447530672951474e-07,96.86951029335876
8,Log (High Het),TwoStage_DL_Normal,49,True,0.38288441114955285,94.0,223.95354534389193,223.75047782659252,1.0,5.447530672951474e-07,96.86951029335876
8,U-Shaped (Moderate Het),TwoStage_DL_HKSJ,0,True,0.0053985815843585645,100.0,2404.9133606732903,2404.9133606732903,6.7093455726943665,7.487677681249344e-07,97.77853396549882
8,U-Shaped (Moderate Het),TwoStage_DL_Normal,0,True,0.0053985815843585645,100.0,297.1072200387797,297.1072200387797,1.0,7.487677681249344e-07,97.77853396549882
8,U-Shaped (Moderate Het),TwoStage_DL_HKSJ,1,True,0.05425291297435633,93.0,361.54270437423946,361.2035417878767,2.8462513087673216,9.391889458444e-08,87.65606820667549
8,U-Shaped (Moderate Het),TwoStage_DL_Normal,1,True,0.05425291297435633,89.0,105.88999010993231,105.1895721805945,1.0,9.391889458444e-08,87.65606820667549
8,U-Shaped (Moderate Het),TwoStage_DL_HKSJ,2,True,0.003837746766111841,100.0,1234.4737431232033,1234.4737431232033,4.838406425725285,4.0002856730607187e-07,95.7283534802623
8,U-Shaped (Moderate Het),TwoStage_DL_Normal,2,True,0.003837746766111841,94.0,211.5486899722033,211.4820164844493,1.0,4.0002856730607187e-07,95.7283534802623
8,U-Shaped (Moderate Het),TwoStage_DL_HKSJ,3,True,0.04388903003877183,100.0,1839.2479910819754,1839.2479910819754,5.857864016742604,5.917217668221666e-07,97.08578607990714
8,U-Shaped (Moderate Het),TwoStage_DL_Normal,3,True,0.04388903003877183,95.0,260.32832093939487,260.25251583042444,1.0,5.917217668221666e-07,97.08578607990714
8,U-Shaped (Moderate Het),TwoStage_DL_HKSJ,4,True,1.0863889537848084,100.0,808.0440841324438,808.0440841324438,3.9000712612665547,2.8023750235079824e-07,93.42561829873551
8,U-Shaped (Moderate Het),TwoStage_DL_Normal,4,True,1.0863889537848084,95.0,171.79860684515705,171.7340628808421,1.0,2.8023750235079824e-07,93.42561829873551
8,U-Shaped (Moderate Het),TwoStage_DL_HKSJ,5,True,0.000570807788354515,100.0,1218.5109749032956,1218.5109749032956,5.090577529126832,3.422913190654278e-07,96.14107899980822
8,U-Shaped (Moderate Het),TwoStage_DL_Normal,5,True,0.000570807788354515,100.0,198.406694169,198.406694169,1.0,3.422913190654278e-07,96.14107899980822
8,U-Shaped (Moderate Het),TwoStage_DL_HKSJ,6,True,0.003548632745829069,100.0,624.5029906227322,624.5029906227322,3.547649151123126,1.814377315460417e-07,92.05454680710147
8,U-Shaped (Moderate Het),TwoStage_DL_Normal,6,True,0.003548632745829069,93.0,146.05452320379706,145.91091845794514,1.0,1.814377315460417e-07,92.05454680710147
8,U-Shaped (Moderate Het),TwoStage_DL_HKSJ,7,True,0.024577118414075453,100.0,2508.1892034998864,2508.1892034998864,6.495018824517978,9.904593414353214e-07,97.62950430062116
8,U-Shaped (Moderate Het),TwoStage_DL_Normal,7,True,0.024577118414075453,95.0,320.16620682556254,320.0912569836187,1.0,9.904593414353214e-07,97.62950430062116
8,U-Shaped (Moderate Het),TwoStage_DL_HKSJ,8,True,0.007246455877306696,100.0,401.3482466094797,401.3482466094797,2.8825007274748597,1.170758029939643e-07,87.96458281540178
8,U-Shaped (Moderate Het),TwoStage_DL_Normal,8,True,0.007246455877306696,98.0,115.41295404353572,115.41064717570578,1.0,1.170758029939643e-07,87.96458281540178
8,U-Shaped (Moderate Het),TwoStage_DL_HKSJ,9,True,0.7984294580717338,100.0,2106.2204098787347,2106.2204098787347,6.850830963155259,7.057898111613511e-07,97.86934322092712
8,U-Shaped (Moderate Het),TwoStage_DL_Normal,9,True,0.7984294580717338,95.0,254.90775869866448,254.83231347001754,1.0,7.057898111613511e-07,97.86934322092712
8,U-Shaped (Moderate Het),TwoStage_DL_HKSJ,10,True,0.0037859929205281214,100.0,752.5769793525006,752.5769793525006,3.7137674667419933,3.0287812949988064e-07,92.74945612064195
8,U-Shaped (Moderate Het),TwoStage_DL_Normal,10,True,0.0037859929205281214,100.0,167.96939349480832,167.96939349480832,1.0,3.0287812949988064e-07,92.74945612064195
8,U-Shaped (Moderate Het),TwoStage_DL_HKSJ,11,True,0.06542734676457848,100.0,1713.4981750416334,1713.4981750416334,5.623655414456995,6.086758527211303e-07,96.83799467826232
8,U-Shaped (Moderate Het),TwoStage_DL_Normal,11,True,0.06542734676457848,94.0,252.63478525562516,252.5566896346259,1.0,6.086758527211303e-07,96.83799467826232
8,U-Shaped (Moderate Het),TwoStage_DL_HKSJ,12,True,0.010005490034299614,100.0,960.5722940862668,960.5722940862668,4.4334666011188375,2.7854040860251714e-07,94.91239813604639
8,U-Shaped (Moderate Het),TwoStage_DL_Normal,12,True,0.010005490034299614,94.0,179.69653287929137,179.5893369034827,1.0,2.7854040860251714e-07,94.91239813604639
8,U-Shaped (Moderate Het),TwoStage_DL_HKSJ,13,True,0.9481400375546339,100.0,626.3889649709572,626.3889649709572,3.582843111437752,2.148311251970461e-07,92.20987516243684
8,U-Shaped (Moderate Het),TwoStage_DL_Normal,13,True,0.9481400375546339,100.0,144.9139648182322,144.9139648182322,1.0,2.148311251970461e-07,92.20987516243684
8,U-Shaped (Moderate Het),TwoStage_DL_HKSJ,14,True,0.006802795039665342,100.0,1863.2625837819069,1863.2625837819069,6.01489769268124,6.300217772447056e-07,97.23596517638018
8,U-Shaped (Moderate Het),TwoStage_DL_Normal,14,True,0.006802795039665342,94.0,256.823384842521,256.7673211343668,1.0,6.300217772447056e-07,97.23596517638018
8,U-Shaped (Moderate Het),TwoStage_DL_HKSJ,15,True,0.10384644599831713,100.0,1229.4560849206898,1229.4560849206898,4.762861721426288,4.008006619134411e-07,95.59177194626842
8,U-Shaped (Moderate Het),TwoStage_DL_Normal,15,True,0.10384644599831713,97.0,213.97322420232686,213.96314837725956,1.0,4.008006619134411e-07,95.59177194626842
8,U-Shaped (Moderate Het),TwoStage_DL_HKSJ,16,True,0.03553579408070255,100.0,1261.7448850083413,1261.7448850083413,5.171080299809549,3.9310941937830764e-07,96.26029421338245
8,U-Shaped (Moderate Het),TwoStage_DL_Normal,16,True,0.03553579408070255,93.0,202.37640194354606,202.24798478276168,1.0,3.9310941937830764e-07,96.26029421338245
8,U-Shaped (Moderate Het),TwoStage_DL_HKSJ,17,True,0.013997608743887047,100.0,1179.096533948531,1179.096533948531,4.700380841519893,4.0339371511851875e-07,95.4737982821445
8,U-Shaped (Moderate Het),TwoStage_DL_Normal,17,True,0.013997608743887047,95.0,207.9644629248357,207.92669344085414,1.0,4.0339371511851875e-07,95.4737982821445
8,U-Shaped (Moderate Het),TwoStage_DL_HKSJ,18,True,0.03456416724554675,100.0,2764.085669020389,2764.085669020389,7.24212248208801,9.0331437299376e-07,98.0933618923611
8,U-Shaped (Moderate Het),TwoStage_DL_Normal,18,True,0.03456416724554675,99.0,316.3590262077184,316.3585422585016,1.0,9.0331437299376e-07,98.0933618923611
8,U-Shaped (Moderate Het),TwoStage_DL_HKSJ,19,True,0.01199539150224157,100.0,1243.8601895482802,1243.8601895482802,4.885331625134744,4.0867883358890054e-07,95.81002047713383
8,U-Shaped (Moderate Het),TwoStage_DL_Normal,19,True,0.01199539150224157,98.0,211.0474847016749,211.04324230130652,1.0,4.0867883358890054e-07,95.81002047713383
8,U-Shaped (Moderate Het),TwoStage_DL_HKSJ,20,True,0.02045533198032818,100.0,2472.4351148796045,2472.4351148796045,6.868200097201982,7.409563764957203e-07,97.88010611890786
8,U-Shaped (Moderate Het),TwoStage_DL_Normal,20,True,0.02045533198032818,93.0,298.59900416998414,298.3842501243066,1.0,7.409563764957203e-07,97.88010611890786
8,U-Shaped (Moderate Het),TwoStage_DL_HKSJ,21,True,0.0009513609378266717,100.0,1011.4473477940141,1011.4473477940141,4.358148139723703,3.2692555022250474e-07,94.73502851871558
8,U-Shaped (Moderate Het),TwoStage_DL_Normal,21,True,0.0009513609378266717,98.0,192.37218640379618,192.36906026463438,1.0,3.2692555022250474e-07,94.73502851871558
8,U-Shaped (Moderate Het),TwoStage_DL_HKSJ,22,True,0.005153627809599611,100.0,1048.7599566175581,1048.7599566175581,4.49579655099193,3.319028759589004e-07,95.05248977555401
8,U-Shaped (Moderate Het),TwoStage_DL_Normal,22,True,0.005153627809599611,100.0,193.35854930710752,193.35854930710752,1.0,3.319028759589004e-07,95.05248977555401
8,U-Shaped (Moderate Het),TwoStage_DL_HKSJ,23,True,0.025980512758189574,100.0,1175.487223508923,1175.487223508923,4.639429849509005,3.979166841063459e-07,95.35409018362688
8,U-Shaped (Moderate Het),TwoStage_DL_Normal,23,True,0.025980512758189574,94.0,210.08185034738054,210.01350963632112,1.0,3.979166841063459e-07,95.35409018362688
8,U-Shaped (Moderate Het),TwoStage_DL_HKSJ,24,True,0.013594141464579945,100.0,347.57348365480124,347.57348365480124,2.741000894461563,9.620672624554186e-08,86.68988997527296
8,U-Shaped (Moderate Het),TwoStage_DL_Normal,24,True,0.013594141464579945,92.0,105.27188519978296,105.10693973137339,1.0,9.620672624554186e-08,86.68988997527296
8,U-Shaped (Moderate Het),TwoStage_DL_HKSJ,25,True,0.019569651352114553,100.0,993.5722022700984,993.5722022700984,4.6455424844673034,2.900851011261038e-07,95.36630837653816
8,U-Shaped (Moderate Het),TwoStage_DL_Normal,25,True,0.019569651352114553,92.0,177.5955271245302,177.27885102289528,1.0,2.900851011261038e-07,95.36630837653816
8,U-Shaped (Moderate Het),TwoStage_DL_HKSJ,26,True,0.006259433043146375,100.0,638.8325987212919,638.8325987212919,3.662725852589825,1.8653873042667707e-07,92.54596938207335
8,U-Shaped (Moderate Het),TwoStage_DL_Normal,26,True,0.006259433043146375,95.0,144.60529854502215,144.56946956874862,1.0,1.8653873042667707e-07,92.54596938207335
8,U-Shaped (Moderate Het),TwoStage_DL_HKSJ,27,True,0.01770110925152591,100.0,1598.352893929042,1598.352893929042,5.339492131254331,5.642815160268632e-07,96.49248046629724
8,U-Shaped (Moderate Het),TwoStage_DL_Normal,27,True,0.01770110925152591,93.0,248.3708350749397,248.12278823630194,1.0,5.642815160268632e-07,96.49248046629724
8,U-Shaped (Moderate Het),TwoStage_DL_HKSJ,28,True,0.005191682261083658,100.0,1029.44583172023,1029.44583172023,4.606414312511882,2.9911839863041333e-07,95.28725429663163
8,U-Shaped (Moderate Het),TwoStage_DL_Normal,28,True,0.005191682261083658,100.0,185.23985590980638,185.23985590980638,1.0,2.9911839863041333e-07,95.28725429663163
8,U-Shaped (Moderate Het),TwoStage_DL_HKSJ,29,True,0.03980926991264047,100.0,878.8448291855152,878.8448291855152,4.0753365336686675,3.568988859792277e-07,93.97893875984894
8,U-Shaped (Moderate Het),TwoStage_DL_Normal,29,True,0.03980926991264047,93.0,178.90113749431362,178.7486028885063,1.0,3.568988859792277e-07,93.97893875984894
8,U-Shaped (Moderate Het),TwoStage_DL_HKSJ,30,True,1.1767951406680688,100.0,2053.7588445337788,2053.7588445337788,6.234692072100112,7.997205302117279e-07,97.4274135228716
8,U-Shaped (Moderate Het),TwoStage_DL_Normal,30,True,1.1767951406680688,100.0,273.0413169005554,273.0413169005554,1.0,7.997205302117279e-07,97.4274135228716
8,U-Shaped (Moderate Het),TwoStage_DL_HKSJ,31,True,0.003979836939759064,100.0,1039.4398193144482,1039.4398193144482,4.558346713415892,3.876659963047718e-07,95.18733879539396
8,U-Shaped (Moderate Het),TwoStage_DL_Normal,31,True,0.003979836939759064,100.0,189.01049819983277,189.01049819983277,1.0,3.876659963047718e-07,95.18733879539396
8,U-Shaped (Moderate Het),TwoStage_DL_HKSJ,32,True,2.1950256397515715,100.0,1124.807176331495,1124.807176331495,4.750056790204638,3.4965658010232656e-07,95.56797301378965
8,U-Shaped (Moderate Het),TwoStage_DL_Normal,32,True,2.1950256397515715,93.0,196.38526670860767,196.27871610580564,1.0,3.4965658010232656e-07,95.56797301378965
8,U-Shaped (Moderate Het),TwoStage_DL_HKSJ,33,True,0.007580142504762826,100.0,1331.9729850921462,1331.9729850921462,5.07427136998631,4.451761337490108e-07,96.11623788324322
8,U-Shaped (Moderate Het),TwoStage_DL_Normal,33,True,0.007580142504762826,94.0,217.66511620461165,217.57834008323417,1.0,4.451761337490108e-07,96.11623788324322
8,U-Shaped (Moderate Het),TwoStage_DL_HKSJ,34,True,0.024301127348520645,100.0,2041.113903788953,2041.113903788953,5.839929672771414,7.295195622242048e-07,97.06785957408054
8,U-Shaped (Moderate Het),TwoStage_DL_Normal,34,True,0.024301127348520645,100.0,289.70337578295323,289.70337578295323,1.0,7.295195622242048e-07,97.06785957408054
8,U-Shaped (Moderate Het),TwoStage_DL_HKSJ,35,True,0.08656143029834062,100.0,314.7872998124414,314.7872998124414,2.7802002561843633,8.847504674145256e-08,87.06257509486993
8,U-Shaped (Moderate Het),TwoStage_DL_Normal,35,True,0.08656143029834062,100.0,93.8501681849335,93.8501681849335,1.0,8.847504674145256e-08,87.06257509486993
8,U-Shaped (Moderate Het),TwoStage_DL_HKSJ,36,True,0.015229190259723848,100.0,913.2876855370745,913.2876855370745,4.348520546904784,2.6583400802795915e-07,94.71168949404368
8,U-Shaped (Moderate Het),TwoStage_DL_Normal,36,True,0.015229190259723848,100.0,174.0844610497682,174.0844610497682,1.0,2.6583400802795915e-07,94.71168949404368
8,U-Shaped (Moderate Het),TwoStage_DL_HKSJ,37,True,0.009006161722575047,100.0,1283.2696851709159,1283.2696851709159,5.066861474213372,4.167947131117461e-07,96.10487016946408
8,U-Shaped (Moderate Het),TwoStage_DL_Normal,37,True,0.009006161722575047,93.0,210.05088830237202,209.92919282787992,1.0,4.167947131117461e-07,96.10487016946408
8,U-Shaped (Moderate Het),TwoStage_DL_HKSJ,38,True,0.015591094736782416,100.0,662.136424787012,662.136424787012,3.458784595321907,2.2289579658572134e-07,91.64102612509292
8,U-Shaped (Moderate Het),TwoStage_DL_Normal,38,True,0.015591094736782416,93.0,158.86450429688554,158.67843021950165,1.0,2.2289579658572134e-07,91.64102612509292
8,U-Shaped (Moderate Het),TwoStage_DL_HKSJ,39,True,0.0034217998671286958,100.0,976.6172353080219,976.6172353080219,4.186772774547018,3.2455042622632603e-07,94.29518957346046
8,U-Shaped (Moderate Het),TwoStage_DL_Normal,39,True,0.0034217998671286958,100.0,193.34766205430913,193.34766205430913,1.0,3.2455042622632603e-07,94.29518957346046
8,U-Shaped (Moderate Het),TwoStage_DL_HKSJ,40,True,0.0005772627424790011,100.0,923.0334119893573,923.0334119893573,4.238473475626533,3.4130094353872296e-07,94.43351477551595
8,U-Shaped (Moderate Het),TwoStage_DL_Normal,40,True,0.0005772627424790011,100.0,180.5102568553639,180.5102568553639,1.0,3.4130094353872296e-07,94.43351477551595
8,U-Shaped (Moderate Het),TwoStage_DL_HKSJ,41,True,0.008261179130134988,100.0,353.79781844386196,353.79781844386196,2.7503956820416646,1.0589226650862881e-07,86.78066388973677
8,U-Shaped (Moderate Het),TwoStage_DL_Normal,41,True,0.008261179130134988,95.0,106.64317182699966,106.62373829854319,1.0,1.0589226650862881e-07,86.78066388973677
8,U-Shaped (Moderate Het),TwoStage_DL_HKSJ,42,True,0.6492880455266914,100.0,755.5339179334077,755.5339179334077,3.771950016102915,2.7052176994393916e-07,92.97141110698925
8,U-Shaped (Moderate Het),TwoStage_DL_Normal,42,True,0.6492880455266914,94.0,166.12934120182553,166.02824172238564,1.0,2.7052176994393916e-07,92.97141110698925
8,U-Shaped (Moderate Het),TwoStage_DL_HKSJ,43,True,0.0363628664148697,100.0,2727.9455768708553,2727.9455768708553,7.32258101525867,1.0032833575056379e-06,98.13503094789651
8,U-Shaped (Moderate Het),TwoStage_DL_Normal,43,True,0.0363628664148697,96.0,308.80572880916674,308.79157913522727,1.0,1.0032833575056379e-06,98.13503094789651
8,U-Shaped (Moderate Het),TwoStage_DL_HKSJ,44,True,0.2632778693621894,100.0,999.8912482907326,999.8912482907326,4.216026306669729,5.205402230756383e-07,94.37408228506949
8,U-Shaped (Moderate Het),TwoStage_DL_Normal,44,True,0.2632778693621894,100.0,196.58183606945036,196.58183606945036,1.0,5.205402230756383e-07,94.37408228506949
8,U-Shaped (Moderate Het),TwoStage_DL_HKSJ,45,True,0.10785258292376114,100.0,1180.5807993671094,1180.5807993671094,5.026757719896919,3.7316915701397674e-07,96.04247111946817
8,U-Shaped (Moderate Het),TwoStage_DL_Normal,45,True,0.10785258292376114,100.0,194.67119466905345,194.67119466905345,1.0,3.7316915701397674e-07,96.04247111946817
8,U-Shaped (Moderate Het),TwoStage_DL_HKSJ,46,True,0.01276478522931488,100.0,1064.941888064637,1064.941888064637,4.18272219120988,3.856659247171931e-07,94.28413505064151
8,U-Shaped (Moderate Het),TwoStage_DL_Normal,46,True,0.01276478522931488,100.0,211.0380771687822,211.0380771687822,1.0,3.856659247171931e-07,94.28413505064151
8,U-Shaped (Moderate Het),TwoStage_DL_HKSJ,47,True,0.009634315958660166,100.0,815.8153713947186,815.8153713947186,4.148598150899733,2.2125906086547864e-07,94.18971733256848
8,U-Shaped (Moderate Het),TwoStage_DL_Normal,47,True,0.009634315958660166,100.0,162.99881475600085,162.99881475600085,1.0,2.2125906086547864e-07,94.18971733256848
8,U-Shaped (Moderate Het),TwoStage_DL_HKSJ,48,True,0.3588380079821022,100.0,3232.7463065288443,3232.7463065288443,8.067200112809749,9.661088856101076e-07,98.46342295886629
8,U-Shaped (Moderate Het),TwoStage_DL_Normal,48,True,0.3588380079821022,100.0,332.1564774173874,332.1564774173874,1.0,9.661088856101076e-07,98.46342295886629
8,U-Shaped (Moderate Het),TwoStage_DL_HKSJ,49,True,0.004852993222475071,100.0,780.0547208650459,780.0547208650459,4.250887197652712,2.5173502228685533e-07,94.46597854162738
8,U-Shaped (Moderate Het),TwoStage_DL_Normal,49,True,0.004852993222475071,93.0,152.24372356282112,152.10357471348618,1.0,2.5173502228685533e-07,94.46597854162738
10,Quadratic (Moderate Het),TwoStage_DL_HKSJ,0,True,0.005707849604357703,100.0,549.9878062791635,549.9878062791635,3.4897959048059146,2.1139806336341677e-07,91.78892644348453
10,Quadratic (Moderate Het),TwoStage_DL_Normal,0,True,0.005707849604357703,100.0,136.54831000157955,136.54831000157955,1.0,2.1139806336341677e-07,91.78892644348453
10,Quadratic (Moderate Het),TwoStage_DL_HKSJ,1,True,0.002259706000457582,100.0,431.6876231911316,431.6876231911316,3.0408631780311346,1.7300915885591496e-07,89.18550509120892
10,Quadratic (Moderate Het),TwoStage_DL_Normal,1,True,0.002259706000457582,94.0,123.04611004882312,123.00025583458628,1.0,1.7300915885591496e-07,89.18550509120892
10,Quadratic (Moderate Het),TwoStage_DL_HKSJ,2,True,0.01233219862458451,100.0,890.4034210232952,890.4034210232952,4.420192135356672,3.653336837881359e-07,94.88179466742565
10,Quadratic (Moderate Het),TwoStage_DL_Normal,2,True,0.01233219862458451,93.0,174.65155752297326,174.5335690208553,1.0,3.653336837881359e-07,94.88179466742565
10,Quadratic (Moderate Het),TwoStage_DL_HKSJ,3,True,0.0027843436244485626,100.0,1102.7359626093053,1102.7359626093053,5.180696929664051,3.8441982939688635e-07,96.27416492940303
10,Quadratic (Moderate Het),TwoStage_DL_Normal,3,True,0.0027843436244485626,94.0,184.48614164479346,184.4236650311933,1.0,3.8441982939688635e-07,96.27416492940303
10,Quadratic (Moderate Het),TwoStage_DL_HKSJ,4,True,0.1850949442289885,100.0,1028.2912563344971,1028.2912563344971,4.713433096542951,4.6587969253977136e-07,95.49883113647579
10,Quadratic (Moderate Het),TwoStage_DL_Normal,4,True,0.1850949442289885,94.0,189.13525645599756,189.02188647053055,1.0,4.6587969253977136e-07,95.49883113647579
10,Quadratic (Moderate Het),TwoStage_DL_HKSJ,5,True,0.01066076563798788,100.0,1128.4318963878177,1128.4318963878177,5.400637939508191,3.9841889609162833e-07,96.57145484235083
10,Quadratic (Moderate Het),TwoStage_DL_Normal,5,True,0.01066076563798788,95.0,181.1026975371056,181.03543407360772,1.0,3.9841889609162833e-07,96.57145484235083
10,Quadratic (Moderate Het),TwoStage_DL_HKSJ,6,True,0.0018944487169165183,100.0,489.1254010349456,489.1254010349456,3.5457190992745167,1.479570816619756e-07,92.04589450842589
10,Quadratic (Moderate Het),TwoStage_DL_Normal,6,True,0.0018944487169165183,95.0,119.53555910600679,119.5223676094108,1.0,1.479570816619756e-07,92.04589450842589
10,Quadratic (Moderate Het),TwoStage_DL_HKSJ,7,True,0.008093469658543375,100.0,1900.6131908398438,1900.6131908398438,6.220692842955548,8.267839139639572e-07,97.41582164645739
10,Quadratic (Moderate Het),TwoStage_DL_Normal,7,True,0.008093469658543375,96.0,264.73509359788403,264.72092910728895,1.0,8.267839139639572e-07,97.41582164645739
10,Quadratic (Moderate Het),TwoStage_DL_HKSJ,8,True,0.031045804380239402,100.0,246.30612731602127,246.30612731602127,2.465159920016877,1.024184204487429e-07,83.54454846427657
10,Quadratic (Moderate Het),TwoStage_DL_Normal,8,True,0.031045804380239402,100.0,86.56920215182564,86.56920215182564,1.0,1.024184204487429e-07,83.54454846427657
10,Quadratic (Moderate Het),TwoStage_DL_HKSJ,9,True,0.03607517484992842,100.0,1267.7039938548505,1267.7039938548505,5.377549089789985,4.795655637979294e-07,96.54195028392712
10,Quadratic (Moderate Het),TwoStage_DL_Normal,9,True,0.03607517484992842,94.0,204.33833486554414,204.25221371006225,1.0,4.795655637979294e-07,96.54195028392712
10,Quadratic (Moderate Het),TwoStage_DL_HKSJ,10,True,0.009392668703909084,100.0,1320.3516276827368,1320.3516276827368,5.423504001883895,5.008590259733809e-07,96.60030411091346
10,Quadratic (Moderate Het),TwoStage_DL_Normal,10,True,0.009392668703909084,94.0,210.9876720680534,210.93222676212017,1.0,5.008590259733809e-07,96.60030411091346
10,Quadratic (Moderate Het),TwoStage_DL_HKSJ,11,True,0.025544055813657148,95.0,735.4190860689328,735.3729922232865,4.044089798461263,2.682496818685836e-07,93.88553562416779
10,Quadratic (Moderate Het),TwoStage_DL_Normal,11,True,0.025544055813657148,92.0,157.91056507800246,157.5506438760418,1.0,2.682496818685836e-07,93.88553562416779
10,Quadratic (Moderate Het),TwoStage_DL_HKSJ,12,True,0.01193061004447288,100.0,581.9090880874517,581.9090880874517,3.610532137322773,2.1242717733071245e-07,92.32890131097842
10,Quadratic (Moderate Het),TwoStage_DL_Normal,12,True,0.01193061004447288,93.0,139.7262641305012,139.64237357597253,1.0,2.1242717733071245e-07,92.32890131097842
10,Quadratic (Moderate Het),TwoStage_DL_HKSJ,13,True,0.008084585289039348,100.0,1321.5971628577379,1321.5971628577379,5.388332685567361,5.096093339162993e-07,96.55577752819678
10,Quadratic (Moderate Het),TwoStage_DL_Normal,13,True,0.008084585289039348,94.0,212.5982185228715,212.5093254954458,1.0,5.096093339162993e-07,96.55577752819678
10,Quadratic (Moderate Het),TwoStage_DL_HKSJ,14,True,0.022318445521168923,100.0,1513.9379044113093,1513.9379044113093,5.670142361806265,6.607192304463285e-07,96.88962985953958
10,Quadratic (Moderate Het),TwoStage_DL_Normal,14,True,0.022318445521168923,93.0,231.5831754993279,231.33822379343653,1.0,6.607192304463285e-07,96.88962985953958
10,Quadratic (Moderate Het),TwoStage_DL_HKSJ,15,True,0.01990430367931873,100.0,1546.6910947244778,1546.6910947244778,6.234440930199815,6.102160504381592e-07,97.42720625576398
10,Quadratic (Moderate Het),TwoStage_DL_Normal,15,True,0.01990430367931873,100.0,214.95094945908136,214.95094945908136,1.0,6.102160504381592e-07,97.42720625576398
10,Quadratic (Moderate Het),TwoStage_DL_HKSJ,16,True,0.0021810905040463694,100.0,589.5484535269944,589.5484535269944,3.644446154392139,2.077988530036875e-07,92.47100647021925
10,Quadratic (Moderate Het),TwoStage_DL_Normal,16,True,0.0021810905040463694,97.0,140.16529385068944,140.15908823492103,1.0,2.077988530036875e-07,92.47100647021925
10,Quadratic (Moderate Het),TwoStage_DL_HKSJ,17,True,0.010989136479064483,100.0,917.4314017103113,917.4314017103113,4.55586516408543,3.4333572693073035e-07,95.18209451868391
10,Quadratic (Moderate Het),TwoStage_DL_Normal,17,True,0.010989136479064483,93.0,174.64962319048192,174.47613656140533,1.0,3.4333572693073035e-07,95.18209451868391
10,Quadratic (Moderate Het),TwoStage_DL_HKSJ,18,True,0.00861156988373996,100.0,753.6553838039756,753.6553838039756,4.270808192973386,2.448779120298181e-07,94.51748453220964
10,Quadratic (Moderate Het),TwoStage_DL_Normal,18,True,0.00861156988373996,92.0,153.08908095562458,152.89596909054143,1.0,2.448779120298181e-07,94.51748453220964
10,Quadratic (Moderate Het),TwoStage_DL_HKSJ,19,True,0.04244227794032485,100.0,1226.948952768034,1226.948952768034,5.309569946445096,4.2135744995866127e-07,96.45283568145936
10,Quadratic (Moderate Het),TwoStage_DL_Normal,19,True,0.04244227794032485,95.0,200.22591673027927,200.2167673393854,1.0,4.2135744995866127e-07,96.45283568145936
10,Quadratic (Moderate Het),TwoStage_DL_HKSJ,20,True,0.0011285350916844271,100.0,951.4049927893485,951.4049927893485,4.9247388564089505,3.2683282770689527e-07,95.87680772359377
10,Quadratic (Moderate Het),TwoStage_DL_Normal,20,True,0.0011285350916844271,95.0,167.42188686431226,167.38460710375617,1.0,3.2683282770689527e-07,95.87680772359377
10,Quadratic (Moderate Het),TwoStage_DL_HKSJ,21,True,0.0072835947659678135,100.0,2787.3324637111723,2787.3324637111723,7.143239594673924,1.2303958862329862e-06,98.040209872701
10,Quadratic (Moderate Het),TwoStage_DL_Normal,21,True,0.0072835947659678135,95.0,338.16859131338083,338.0857398217563,1.0,1.2303958862329862e-06,98.040209872701
10,Quadratic (Moderate Het),TwoStage_DL_HKSJ,22,True,0.013536601922146431,94.0,321.28816004459435,321.17396752542464,2.663462010159822,1.1819307606626763e-07,85.90363986370218
10,Quadratic (Moderate Het),TwoStage_DL_Normal,22,True,0.013536601922146431,91.0,104.79197560638443,104.47854772995959,1.0,1.1819307606626763e-07,85.90363986370218
10,Quadratic (Moderate Het),TwoStage_DL_HKSJ,23,True,0.27947123118510236,100.0,947.6623762885879,947.6623762885879,4.707538354880125,3.5039870305464296e-07,95.48755142382052
10,Quadratic (Moderate Het),TwoStage_DL_Normal,23,True,0.27947123118510236,97.0,174.42563282796772,174.41870948897883,1.0,3.5039870305464296e-07,95.48755142382052
10,Quadratic (Moderate Het),TwoStage_DL_HKSJ,24,True,0.010637447340976235,100.0,1150.8604542006203,1150.8604542006203,5.215961726698311,3.93019371900494e-07,96.32437490477601
10,Quadratic (Moderate Het),TwoStage_DL_Normal,24,True,0.010637447340976235,95.0,191.1983171361392,191.17080473574453,1.0,3.93019371900494e-07,96.32437490477601
10,Quadratic (Moderate Het),TwoStage_DL_HKSJ,25,True,0.0008278553992665551,100.0,441.7477825309112,441.7477825309112,3.1762448802082677,1.7771495683620892e-07,90.08775463377059
10,Quadratic (Moderate Het),TwoStage_DL_Normal,25,True,0.0008278553992665551,96.0,120.504763357705,120.50184524614296,1.0,1.7771495683620892e-07,90.08775463377059
10,Quadratic (Moderate Het),TwoStage_DL_HKSJ,26,True,0.025294761178301227,100.0,1305.093754335914,1305.093754335914,5.51094954904802,4.6636677424369933e-07,96.70733816695875
10,Quadratic (Moderate Het),TwoStage_DL_Normal,26,True,0.025294761178301227,93.0,205.44740418433688,205.18640069285746,1.0,4.6636677424369933e-07,96.70733816695875
10,Quadratic (Moderate Het),TwoStage_DL_HKSJ,27,True,0.012156022985618709,100.0,755.5246355987812,755.5246355987812,4.23377733395433,2.647818270240465e-07,94.42115914172683
10,Quadratic (Moderate Het),TwoStage_DL_Normal,27,True,0.012156022985618709,94.0,154.71670289447437,154.61581490383094,1.0,2.647818270240465e-07,94.42115914172683
10,Quadratic (Moderate Het),TwoStage_DL_HKSJ,28,True,0.02887982686022006,100.0,989.0314439745763,989.0314439745763,4.435680178382042,3.9544131205792037e-07,94.91747469220869
10,Quadratic (Moderate Het),TwoStage_DL_Normal,28,True,0.02887982686022006,100.0,193.18934557767017,193.18934557767017,1.0,3.9544131205792037e-07,94.91747469220869
10,Quadratic (Moderate Het),TwoStage_DL_HKSJ,29,True,0.0008224245404563223,100.0,743.0362543025965,743.0362543025965,4.030623330641789,3.3699039507231994e-07,93.8446100491697
10,Quadratic (Moderate Het),TwoStage_DL_Normal,29,True,0.0008224245404563223,100.0,159.72433447091643,159.72433447091643,1.0,3.3699039507231994e-07,93.8446100491697
10,Quadratic (Moderate Het),TwoStage_DL_HKSJ,30,True,3.153745569733654,100.0,764.0731751142147,764.0731751142147,4.415248221731541,2.6725725886783595e-07,94.87032616975922
10,Quadratic (Moderate Het),TwoStage_DL_Normal,30,True,3.153745569733654,100.0,149.9384875590583,149.9384875590583,1.0,2.6725725886783595e-07,94.87032616975922
10,Quadratic (Moderate Het),TwoStage_DL_HKSJ,31,True,0.010734635134333126,100.0,1536.4463589858692,1536.4463589858692,5.939268278883125,6.055413385885442e-07,97.16512369407371
10,Quadratic (Moderate Het),TwoStage_DL_Normal,31,True,0.010734635134333126,94.0,224.29200523771232,224.1391686921696,1.0,6.055413385885442e-07,97.16512369407371
10,Quadratic (Moderate Het),TwoStage_DL_HKSJ,32,True,0.05802443449876155,96.0,1019.5226367958519,1019.4848062648648,4.386245960465219,4.42906184009067e-07,94.80226615237213
10,Quadratic (Moderate Het),TwoStage_DL_Normal,32,True,0.05802443449876155,93.0,201.71098418978153,201.38219660330884,1.0,4.42906184009067e-07,94.80226615237213
10,Quadratic (Moderate Het),TwoStage_DL_HKSJ,33,True,0.01678782459423368,100.0,1493.470252923889,1493.470252923889,5.9172777265299095,5.16338325218307e-07,97.14401387377757
10,Quadratic (Moderate Het),TwoStage_DL_Normal,33,True,0.01678782459423368,93.0,218.91414489222106,218.6794236599102,1.0,5.16338325218307e-07,97.14401387377757
10,Quadratic (Moderate Het),TwoStage_DL_HKSJ,34,True,0.009202270288675077,100.0,2220.218834800928,2220.218834800928,7.252828290703658,8.605261405973198e-07,98.09898646717197
10,Quadratic (Moderate Het),TwoStage_DL_Normal,34,True,0.009202270288675077,100.0,265.22941295733364,265.22941295733364,1.0,8.605261405973198e-07,98.09898646717197
10,Quadratic (Moderate Het),TwoStage_DL_HKSJ,35,True,0.05168530192680509,100.0,1095.5943720322787,1095.5943720322787,5.038276084934936,4.1275558213578516e-07,96.06054561749009
10,Quadratic (Moderate Het),TwoStage_DL_Normal,35,True,0.05168530192680509,93.0,188.69930063323645,188.4087758353414,1.0,4.1275558213578516e-07,96.06054561749009
10,Quadratic (Moderate Het),TwoStage_DL_HKSJ,36,True,0.08534079143972148,100.0,538.222183520075,538.222183520075,3.6856201192925626,1.7923761924664504e-07,92.63828737743907
10,Quadratic (Moderate Het),TwoStage_DL_Normal,36,True,0.08534079143972148,95.0,126.55502115367025,126.52732342206174,1.0,1.7923761924664504e-07,92.63828737743907
10,Quadratic (Moderate Het),TwoStage_DL_HKSJ,37,True,0.032772719064583455,100.0,1740.6954207993342,1740.6954207993342,6.160105651646291,7.233231224789353e-07,97.36473873545309
10,Quadratic (Moderate Het),TwoStage_DL_Normal,37,True,0.032772719064583455,94.0,245.00148699846596,244.8318550992856,1.0,7.233231224789353e-07,97.36473873545309
10,Quadratic (Moderate Het),TwoStage_DL_HKSJ,38,True,0.25269100931971045,100.0,843.6993444000902,843.6993444000902,4.5303787728795175,3.2589495146992787e-07,95.12773420109572
10,Quadratic (Moderate Het),TwoStage_DL_Normal,38,True,0.25269100931971045,94.0,161.42848403178166,161.35651119455903,1.0,3.2589495146992787e-07,95.12773420109572
10,Quadratic (Moderate Het),TwoStage_DL_HKSJ,39,True,0.015269388318850441,100.0,1236.267705728272,1236.267705728272,5.618509572620805,4.2291005440265453e-07,96.83220003460168
10,Quadratic (Moderate Het),TwoStage_DL_Normal,39,True,0.015269388318850441,95.0,190.6779985421079,190.644682633451,1.0,4.2291005440265453e-07,96.83220003460168
10,Quadratic (Moderate Het),TwoStage_DL_HKSJ,40,True,0.0024387534005329663,100.0,314.0725128626095,314.0725128626095,2.7483716844844692,1.2167448821251888e-07,86.76118635244418
10,Quadratic (Moderate Het),TwoStage_DL_Normal,40,True,0.0024387534005329663,94.0,99.0450588737193,99.01198354488484,1.0,1.2167448821251888e-07,86.76118635244418
10,Quadratic (Moderate Het),TwoStage_DL_HKSJ,41,True,0.0036964720798603502,100.0,1132.5507548318553,1132.5507548318553,4.702216618851695,4.942826559065414e-07,95.47733171210825
10,Quadratic (Moderate Het),TwoStage_DL_Normal,41,True,0.0036964720798603502,94.0,208.78683726554382,208.6836090724825,1.0,4.942826559065414e-07,95.47733171210825
10,Quadratic (Moderate Het),TwoStage_DL_HKSJ,42,True,0.020224787834503294,100.0,1248.7065255137672,1248.7065255137672,5.335105888626772,4.4877475335447804e-07,96.48671070040486
10,Quadratic (Moderate Het),TwoStage_DL_Normal,42,True,0.020224787834503294,93.0,202.93724315315418,202.79191434816667,1.0,4.4877475335447804e-07,96.48671070040486
10,Quadratic (Moderate Het),TwoStage_DL_HKSJ,43,True,0.028652001530689756,100.0,757.4854695810931,757.4854695810931,4.595088439233045,2.6205902132242283e-07,95.2639939214343
10,Quadratic (Moderate Het),TwoStage_DL_Normal,43,True,0.028652001530689756,100.0,142.82812310519577,142.82812310519577,1.0,2.6205902132242283e-07,95.2639939214343
10,Quadratic (Moderate Het),TwoStage_DL_HKSJ,44,True,0.0018535366913652628,100.0,700.3803214247623,700.3803214247623,3.8479655735233522,2.8904606323694436e-07,93.24636408700002
10,Quadratic (Moderate Het),TwoStage_DL_Normal,44,True,0.0018535366913652628,100.0,157.7015836378698,157.7015836378698,1.0,2.8904606323694436e-07,93.24636408700002
10,Quadratic (Moderate Het),TwoStage_DL_HKSJ,45,True,0.028468130252344404,95.0,546.0074714445026,545.8964205824875,3.566211340464988,1.8904848363155644e-07,92.13704397935159
10,Quadratic (Moderate Het),TwoStage_DL_Normal,45,True,0.028468130252344404,91.0,133.03882969858688,132.62838067894802,1.0,1.8904848363155644e-07,92.13704397935159
10,Quadratic (Moderate Het),TwoStage_DL_HKSJ,46,True,0.578954349114694,100.0,428.1885675178452,428.1885675178452,3.3555049080992707,1.627870049959285e-07,91.11854247394474
10,Quadratic (Moderate Het),TwoStage_DL_Normal,46,True,0.578954349114694,93.0,110.67053788221267,110.56317111564586,1.0,1.627870049959285e-07,91.11854247394474
10,Quadratic (Moderate Het),TwoStage_DL_HKSJ,47,True,0.312216708584821,100.0,714.6990413965071,714.6990413965071,4.0038677215692555,3.082437380965459e-07,93.76206912208283
10,Quadratic (Moderate Het),TwoStage_DL_Normal,47,True,0.312216708584821,95.0,154.67108787440537,154.65956197312954,1.0,3.082437380965459e-07,93.76206912208283
10,Quadratic (Moderate Het),TwoStage_DL_HKSJ,48,True,0.003894474345473706,100.0,1057.122976239548,1057.122976239548,4.71118413498934,4.5404138133708104e-07,95.49453269616426
10,Quadratic (Moderate Het),TwoStage_DL_Normal,48,True,0.003894474345473706,100.0,194.41453484055967,194.41453484055967,1.0,4.5404138133708104e-07,95.49453269616426
10,Quadratic (Moderate Het),TwoStage_DL_HKSJ,49,True,0.005678085109869046,100.0,1331.800376890333,1331.800376890333,5.406643637829443,5.135180500370624e-07,96.57906746605758
10,Quadratic (Moderate Het),TwoStage_DL_Normal,49,True,0.005678085109869046,95.0,213.47648105978067,213.4247027988166,1.0,5.135180500370624e-07,96.57906746605758
10,Log (High Het),TwoStage_DL_HKSJ,0,True,0.07251336057655312,97.0,1430.5534430531275,1430.492121763512,5.020829066999585,6.909141485130562e-07,96.03311940988718
10,Log (High Het),TwoStage_DL_Normal,0,True,0.07251336057655312,91.0,247.42144036700364,246.85579757382152,1.0,6.909141485130562e-07,96.03311940988718
10,Log (High Het),TwoStage_DL_HKSJ,1,True,0.0710617223575917,98.0,1123.5971138675598,1123.5735500091814,4.474354534187326,5.413476813305846e-07,95.00495720474734
10,Log (High Het),TwoStage_DL_Normal,1,True,0.0710617223575917,91.0,217.98984854089437,217.57270483285595,1.0,5.413476813305846e-07,95.00495720474734
10,Log (High Het),TwoStage_DL_HKSJ,2,True,0.13790905745482296,97.0,2162.3561272736306,2162.263664153252,6.386648125606848,1.0319898386329996e-06,97.5483751117324
10,Log (High Het),TwoStage_DL_Normal,2,True,0.13790905745482296,92.0,294.12343959707147,293.3384266290999,1.0,1.0319898386329996e-06,97.5483751117324
10,Log (High Het),TwoStage_DL_HKSJ,3,True,0.0903049528447136,98.0,2179.0338718844205,2178.996140251797,7.209903639985466,7.749918352680484e-07,98.07628345959208
10,Log (High Het),TwoStage_DL_Normal,3,True,0.0903049528447136,92.0,262.5358371894457,261.8546543744505,1.0,7.749918352680484e-07,98.07628345959208
10,Log (High Het),TwoStage_DL_HKSJ,4,True,0.355192733913262,100.0,2151.895756150866,2151.895756150866,6.647788284524227,1.0256741322312662e-06,97.73720275972676
10,Log (High Het),TwoStage_DL_Normal,4,True,0.355192733913262,94.0,280.6895488803328,280.4641438741288,1.0,1.0256741322312662e-06,97.73720275972676
10,Log (High Het),TwoStage_DL_HKSJ,5,True,0.19163792204717522,100.0,2499.948544306596,2499.948544306596,8.102250003181233,8.688300385569417e-07,98.4766885001442
10,Log (High Het),TwoStage_DL_Normal,5,True,0.19163792204717522,92.0,267.6635646735533,267.33678897466046,1.0,8.688300385569417e-07,98.4766885001442
10,Log (High Het),TwoStage_DL_HKSJ,6,True,0.04400353468026233,97.0,1150.320005921851,1150.273516994748,4.97584423032112,4.155111922239427e-07,95.96106887282504
10,Log (High Het),TwoStage_DL_Normal,6,True,0.04400353468026233,90.0,200.8520370157231,200.2938626781866,1.0,4.155111922239427e-07,95.96106887282504
10,Log (High Het),TwoStage_DL_HKSJ,7,True,0.06624388930232389,100.0,3542.989019959567,3542.989019959567,8.545996444907557,1.5222938599227826e-06,98.63077574322892
10,Log (High Het),TwoStage_DL_Normal,7,True,0.06624388930232389,92.0,359.6917568298176,359.2033644583766,1.0,1.5222938599227826e-06,98.63077574322892
10,Log (High Het),TwoStage_DL_HKSJ,8,True,0.2487971831172874,96.0,595.4759936684987,595.2938199168864,3.8716622341522964,2.4254828490071364e-07,93.32878287628021
10,Log (High Het),TwoStage_DL_Normal,8,True,0.2487971831172874,90.0,133.91165235656433,133.21931889170227,1.0,2.4254828490071364e-07,93.32878287628021
10,Log (High Het),TwoStage_DL_HKSJ,9,True,0.04414209945159615,98.0,2368.3129276922477,2368.2627435568693,7.289565433411887,9.108374860857326e-07,98.11809921831531
10,Log (High Het),TwoStage_DL_Normal,9,True,0.04414209945159615,92.0,282.2582126047705,281.4890733984923,1.0,9.108374860857326e-07,98.11809921831531
10,Log (High Het),TwoStage_DL_HKSJ,10,True,0.09980897070609768,98.0,2667.0743449534366,2667.0275034503975,7.416118872745833,1.0929538518245901e-06,98.18177914411051
10,Log (High Het),TwoStage_DL_Normal,10,True,0.09980897070609768,92.0,312.3761205820549,311.59042892853074,1.0,1.0929538518245901e-06,98.18177914411051
10,Log (High Het),TwoStage_DL_HKSJ,11,True,0.13440202229147677,95.0,1513.142837461033,1512.7356806842736,5.247955827413829,6.740896747387789e-07,96.36905510215638
10,Log (High Het),TwoStage_DL_Normal,11,True,0.13440202229147677,89.0,251.11914794473694,249.75039110031776,1.0,6.740896747387789e-07,96.36905510215638
10,Log (High Het),TwoStage_DL_HKSJ,12,True,0.19452758204012774,95.0,1272.4825349308414,1272.2849857951658,5.208933151384723,4.878885440037061e-07,96.31444894234205
10,Log (High Het),TwoStage_DL_Normal,12,True,0.19452758204012774,91.0,212.54207159911996,211.6259473969069,1.0,4.878885440037061e-07,96.31444894234205
10,Log (High Het),TwoStage_DL_HKSJ,13,True,0.0721582901159436,100.0,2743.615631026609,2743.615631026609,7.636903532072092,1.0933608486095868e-06,98.28538984889146
10,Log (High Het),TwoStage_DL_Normal,13,True,0.0721582901159436,93.0,311.48383939570937,311.27143007832836,1.0,1.0933608486095868e-06,98.28538984889146
10,Log (High Het),TwoStage_DL_HKSJ,14,True,0.0855082400656687,99.0,2675.3632935825253,2675.356925805623,7.434017692173998,1.2003494795371455e-06,98.19052403285458
10,Log (High Het),TwoStage_DL_Normal,14,True,0.0855082400656687,95.0,311.9475610592966,311.8110038044363,1.0,1.2003494795371455e-06,98.19052403285458
10,Log (High Het),TwoStage_DL_HKSJ,15,True,0.07991658026473573,100.0,3100.7731951605338,3100.7731951605338,8.669103531684184,1.2684338832796399e-06,98.6693874330415
10,Log (High Het),TwoStage_DL_Normal,15,True,0.07991658026473573,93.0,310.20952737337706,309.9053750058234,1.0,1.2684338832796399e-06,98.6693874330415
10,Log (High Het),TwoStage_DL_HKSJ,16,True,0.03752354839137591,99.0,1609.16055868502,1609.1591132619442,5.752027960664101,6.21486512920449e-07,96.97755766995692
10,Log (High Het),TwoStage_DL_Normal,16,True,0.03752354839137591,91.0,242.83890938712884,242.38810193416495,1.0,6.21486512920449e-07,96.97755766995692
10,Log (High Het),TwoStage_DL_HKSJ,17,True,0.16007034523883232,96.0,1670.3436993105652,1670.1615338497068,5.91142486996954,6.758500729041407e-07,97.13835569405437
10,Log (High Het),TwoStage_DL_Normal,17,True,0.16007034523883232,90.0,245.74916906398718,244.7933410910885,1.0,6.758500729041407e-07,97.13835569405437
10,Log (High Het),TwoStage_DL_HKSJ,18,True,0.081125031272994,95.0,1420.5801296322284,1420.3047522871605,5.910552258214665,4.5408406238729477e-07,97.13751066682777
10,Log (High Het),TwoStage_DL_Normal,18,True,0.081125031272994,89.0,209.4453828842557,208.20290072063278,1.0,4.5408406238729477e-07,97.13751066682777
10,Log (High Het),TwoStage_DL_HKSJ,19,True,0.24400417271754296,99.0,2331.1187561551687,2331.108872033472,7.360231761396952,7.915202369929614e-07,98.15406238123573
10,Log (High Het),TwoStage_DL_Normal,19,True,0.24400417271754296,91.0,275.03923827275156,274.41279969742044,1.0,7.915202369929614e-07,98.15406238123573
10,Log (High Het),TwoStage_DL_HKSJ,20,True,0.059945372295715574,100.0,2546.693170105066,2546.693170105066,7.907530338724589,9.083200118012237e-07,98.40074297791055
10,Log (High Het),TwoStage_DL_Normal,20,True,0.059945372295715574,93.0,279.3537564830156,279.04166456139336,1.0,9.083200118012237e-07,98.40074297791055
10,Log (High Het),TwoStage_DL_HKSJ,21,True,0.19092084985738939,100.0,5502.8260771416835,5502.8260771416835,9.966422944521888,2.463500356060796e-06,98.99325061428505
10,Log (High Het),TwoStage_DL_Normal,21,True,0.19092084985738939,92.0,479.0263981307135,478.387441918501,1.0,2.463500356060796e-06,98.99325061428505
10,Log (High Het),TwoStage_DL_HKSJ,22,True,0.03800149905818922,99.0,829.9536802406182,829.8979846040081,3.8547019257781825,3.76777519044482e-07,93.26994833226973
10,Log (High Het),TwoStage_DL_Normal,22,True,0.03800149905818922,93.0,186.746576663647,186.53795284987848,1.0,3.76777519044482e-07,93.26994833226973
10,Log (High Het),TwoStage_DL_HKSJ,23,True,0.4801900293503988,99.0,2534.318081784968,2534.3104046875665,7.256586317017418,1.0546410563994687e-06,98.10095494344765
10,Log (High Het),TwoStage_DL_Normal,23,True,0.4801900293503988,91.0,303.1900481377529,302.5942967486013,1.0,1.0546410563994687e-06,98.10095494344765
10,Log (High Het),TwoStage_DL_HKSJ,24,True,0.10382921605606908,100.0,2478.2283005554873,2478.2283005554873,7.490877851856517,8.836076597772916e-07,98.2178897455921
10,Log (High Het),TwoStage_DL_Normal,24,True,0.10382921605606908,92.0,287.0876345303199,286.6433652993209,1.0,8.836076597772916e-07,98.2178897455921
10,Log (High Het),TwoStage_DL_HKSJ,25,True,0.10313064966041473,96.0,882.7766335291494,882.6501212698314,4.6348744579139485,3.3320439634585965e-07,95.34495322027584
10,Log (High Het),TwoStage_DL_Normal,25,True,0.10313064966041473,90.0,165.65894935536824,164.99998596021356,1.0,3.3320439634585965e-07,95.34495322027584
10,Log (High Het),TwoStage_DL_HKSJ,26,True,0.20302196479766899,99.0,2122.469080899349,2122.4582564288476,6.83221868354389,8.025183149782462e-07,97.85771876996164
10,Log (High Het),TwoStage_DL_Normal,26,True,0.20302196479766899,95.0,269.30594095019785,269.1601093257595,1.0,8.025183149782462e-07,97.85771876996164
10,Log (High Het),TwoStage_DL_HKSJ,27,True,0.034805555253884506,100.0,1730.7686959572798,1730.7686959572798,5.977919249983844,6.969981925134939e-07,97.20166366596914
10,Log (High Het),TwoStage_DL_Normal,27,True,0.034805555253884506,93.0,251.14382887223886,250.85472436653774,1.0,6.969981925134939e-07,97.20166366596914
10,Log (High Het),TwoStage_DL_HKSJ,28,True,0.20821701646170987,99.0,2198.1327255799074,2198.1216758141704,6.552700439516251,8.950550734894964e-07,97.67105425566818
10,Log (High Het),TwoStage_DL_Normal,28,True,0.20821701646170987,91.0,291.2105638964386,290.64624181369425,1.0,8.950550734894964e-07,97.67105425566818
10,Log (High Het),TwoStage_DL_HKSJ,29,True,0.18389289655469299,99.0,1484.005850371595,1483.9923378376143,5.800911880425006,6.489592831025806e-07,97.02828289948366
10,Log (High Het),TwoStage_DL_Normal,29,True,0.18389289655469299,91.0,222.1324207194467,221.65048580101015,1.0,6.489592831025806e-07,97.02828289948366
10,Log (High Het),TwoStage_DL_HKSJ,30,True,24.210750207607838,98.0,1614.0033272877265,1613.9866217214922,5.941248533773256,6.586375760326431e-07,97.16701314275858
10,Log (High Het),TwoStage_DL_Normal,30,True,24.210750207607838,91.0,235.84702642101863,235.3723847925874,1.0,6.586375760326431e-07,97.16701314275858
10,Log (High Het),TwoStage_DL_HKSJ,31,True,0.15040719557551013,98.0,2876.1598236969435,2876.0972990797095,7.901976481693012,1.198708816421451e-06,98.39849413137853
10,Log (High Het),TwoStage_DL_Normal,31,True,0.15040719557551013,91.0,316.2169329431908,315.3560292894552,1.0,1.198708816421451e-06,98.39849413137853
10,Log (High Het),TwoStage_DL_HKSJ,32,True,0.04794354574512063,99.0,2550.5460787755774,2550.512204622179,6.769341491421395,1.163866242432125e-06,97.81773667903732
10,Log (High Het),TwoStage_DL_Normal,32,True,0.04794354574512063,96.0,326.609341867608,326.44820116732177,1.0,1.163866242432125e-06,97.81773667903732
10,Log (High Het),TwoStage_DL_HKSJ,33,True,0.13764370386492464,100.0,3480.5201440808382,3480.5201440808382,8.87929417069636,1.2454332749744517e-06,98.73163832389871
10,Log (High Het),TwoStage_DL_Normal,33,True,0.13764370386492464,95.0,339.76604576537943,339.62449407542664,1.0,1.2454332749744517e-06,98.73163832389871
10,Log (High Het),TwoStage_DL_HKSJ,34,True,0.030277934428999242,100.0,4356.534911161852,4356.534911161852,9.846666835224825,1.7976037885810794e-06,98.96861333359874
10,Log (High Het),TwoStage_DL_Normal,34,True,0.030277934428999242,92.0,383.7337008446972,383.3409829564052,1.0,1.7976037885810794e-06,98.96861333359874
10,Log (High Het),TwoStage_DL_HKSJ,35,True,0.04392712743728098,99.0,2775.933363679042,2775.932629192487,7.421462461653993,1.2212432193865511e-06,98.1843965061365
10,Log (High Het),TwoStage_DL_Normal,35,True,0.04392712743728098,95.0,324.2379558879465,324.080368401823,1.0,1.2212432193865511e-06,98.1843965061365
10,Log (High Het),TwoStage_DL_HKSJ,36,True,1.9598837962986453,99.0,1362.8342237244901,1362.8289871842094,5.2280294515259405,5.711559735056584e-07,96.34132402077786
10,Log (High Het),TwoStage_DL_Normal,36,True,1.9598837962986453,91.0,226.2772335302257,225.85860120243805,1.0,5.711559735056584e-07,96.34132402077786
10,Log (High Het),TwoStage_DL_HKSJ,37,True,0.3496746138101141,98.0,2916.8809722903156,2916.8162959262,8.142404805785537,1.1624600760297693e-06,98.49167607356156
10,Log (High Het),TwoStage_DL_Normal,37,True,0.3496746138101141,91.0,311.2854427259558,310.37711002728616,1.0,1.1624600760297693e-06,98.49167607356156
10,Log (High Het),TwoStage_DL_HKSJ,38,True,0.4296399304610901,98.0,2222.929515775358,2222.8586181681503,6.5137958064524115,1.0942990100180842e-06,97.64315121305721
10,Log (High Het),TwoStage_DL_Normal,38,True,0.4296399304610901,92.0,296.4129587348856,295.67254387211017,1.0,1.0942990100180842e-06,97.64315121305721
10,Log (High Het),TwoStage_DL_HKSJ,39,True,0.05157769956003288,98.0,2513.841128103566,2513.818913601425,7.293294322118989,1.037744782554068e-06,98.12002306900554
10,Log (High Het),TwoStage_DL_Normal,39,True,0.05157769956003288,92.0,299.2643083737663,298.63695363151555,1.0,1.037744782554068e-06,98.12002306900554
10,Log (High Het),TwoStage_DL_HKSJ,40,True,0.1889177218864445,95.0,897.1280668683156,896.9411778424956,4.147466121103008,4.35779740383875e-07,94.18654512546632
10,Log (High Het),TwoStage_DL_Normal,40,True,0.1889177218864445,90.0,188.09915728050663,187.37619372654092,1.0,4.35779740383875e-07,94.18654512546632
10,Log (High Het),TwoStage_DL_HKSJ,41,True,0.04981953757106356,100.0,2383.0904252638484,2383.0904252638484,6.69194823897421,1.0805508014430794e-06,97.76696847771275
10,Log (High Het),TwoStage_DL_Normal,41,True,0.04981953757106356,94.0,308.8036486526031,308.54694154990835,1.0,1.0805508014430794e-06,97.76696847771275
10,Log (High Het),TwoStage_DL_HKSJ,42,True,0.28339608574042996,98.0,2485.079481008827,2485.004039780236,7.264138528033208,9.587020759780667e-07,98.1049016010085
10,Log (High Het),TwoStage_DL_Normal,42,True,0.28339608574042996,91.0,297.24575195658986,296.39868918274317,1.0,9.587020759780667e-07,98.1049016010085
10,Log (High Het),TwoStage_DL_HKSJ,43,True,0.02814540029422313,100.0,1817.3254526713054,1817.3254526713054,6.428579029019254,7.706934361948084e-07,97.58025263527898
10,Log (High Het),TwoStage_DL_Normal,43,True,0.02814540029422313,91.0,245.3899850364799,244.93509647627906,1.0,7.706934361948084e-07,97.58025263527898
10,Log (High Het),TwoStage_DL_HKSJ,44,True,0.2592974389582218,99.0,1417.8543482148132,1417.8413375976577,5.229442084689322,6.413743006780579e-07,96.34330039564583
10,Log (High Het),TwoStage_DL_Normal,44,True,0.2592974389582218,92.0,235.3249571202879,234.9122008890638,1.0,6.413743006780579e-07,96.34330039564583
10,Log (High Het),TwoStage_DL_HKSJ,45,True,0.06365297821449255,99.0,1071.709227585234,1071.6446842928422,4.704420004834115,4.186622170582094e-07,95.48156723964468
10,Log (High Het),TwoStage_DL_Normal,45,True,0.06365297821449255,95.0,197.54271394780332,197.3685830292907,1.0,4.186622170582094e-07,95.48156723964468
10,Log (High Het),TwoStage_DL_HKSJ,46,True,0.3367714657177883,99.0,1175.7851295484404,1175.772748327455,5.003780710457014,5.520060875356276e-07,96.00604228263154
10,Log (High Het),TwoStage_DL_Normal,46,True,0.3367714657177883,93.0,203.84180999194163,203.59092645445133,1.0,5.520060875356276e-07,96.00604228263154
10,Log (High Het),TwoStage_DL_HKSJ,47,True,0.7491647104480273,97.0,1653.1731227528953,1653.102900095308,5.6406572043165335,8.309111729463204e-07,96.85702747110233
10,Log (High Het),TwoStage_DL_Normal,47,True,0.7491647104480273,92.0,254.5417316239433,253.92384023131882,1.0,8.309111729463204e-07,96.85702747110233
10,Log (High Het),TwoStage_DL_HKSJ,48,True,0.13425472097836744,98.0,2373.664576685622,2373.6514841577605,6.866209209237011,1.0777279551598014e-06,97.87887659532113
10,Log (High Het),TwoStage_DL_Normal,48,True,0.13425472097836744,91.0,300.0847193242914,299.5250976481002,1.0,1.0777279551598014e-06,97.87887659532113
10,Log (High Het),TwoStage_DL_HKSJ,49,True,0.28051649469585926,100.0,2848.7314574079287,2848.7314574079287,7.830198325993827,1.1201969645760068e-06,98.36899806725604
10,Log (High Het),TwoStage_DL_Normal,49,True,0.28051649469585926,92.0,315.5124346332941,315.21875282009745,1.0,1.1201969645760068e-06,98.36899806725604
10,U-Shaped (Moderate Het),TwoStage_DL_HKSJ,0,True,0.02234794332905929,100.0,552.9122237018423,552.9122237018423,3.555077387406353,2.0587751259272413e-07,92.08771572929464
10,U-Shaped (Moderate Het),TwoStage_DL_Normal,0,True,0.02234794332905929,100.0,134.75361652111252,134.75361652111252,1.0,2.0587751259272413e-07,92.08771572929464
10,U-Shaped (Moderate Het),TwoStage_DL_HKSJ,1,True,0.0024614073892230354,100.0,418.1910649256772,418.1910649256772,3.0219237697206416,1.6440138990681328e-07,89.04952418063961
10,U-Shaped (Moderate Het),TwoStage_DL_Normal,1,True,0.0024614073892230354,93.0,119.96345107875693,119.90147946947849,1.0,1.6440138990681328e-07,89.04952418063961
10,U-Shaped (Moderate Het),TwoStage_DL_HKSJ,2,True,0.029037074595889015,100.0,884.1908184420504,884.1908184420504,4.428991406142571,3.588232381789254e-07,94.90211158952692
10,U-Shaped (Moderate Het),TwoStage_DL_Normal,2,True,0.029037074595889015,94.0,173.07889678295655,172.9714636849107,1.0,3.588232381789254e-07,94.90211158952692
10,U-Shaped (Moderate Het),TwoStage_DL_HKSJ,3,True,0.005306515745983026,100.0,1145.214565894261,1145.214565894261,5.259167331400406,4.0232697262910355e-07,96.38451951298732
10,U-Shaped (Moderate Het),TwoStage_DL_Normal,3,True,0.005306515745983026,95.0,188.7333400279643,188.670139835103,1.0,4.0232697262910355e-07,96.38451951298732
10,U-Shaped (Moderate Het),TwoStage_DL_HKSJ,4,True,0.202602932635208,100.0,1033.342236022453,1033.342236022453,4.713401068113207,4.704742297307185e-07,95.49876996372242
10,U-Shaped (Moderate Het),TwoStage_DL_Normal,4,True,0.202602932635208,93.0,190.08005053230303,189.95165512108983,1.0,4.704742297307185e-07,95.49876996372242
10,U-Shaped (Moderate Het),TwoStage_DL_HKSJ,5,True,0.0030824567444432184,100.0,1146.965156776227,1146.965156776227,5.383160265022385,4.142909703026222e-07,96.54915557195885
10,U-Shaped (Moderate Het),TwoStage_DL_Normal,5,True,0.0030824567444432184,94.0,184.68946813927664,184.60617011603557,1.0,4.142909703026222e-07,96.54915557195885
10,U-Shaped (Moderate Het),TwoStage_DL_HKSJ,6,True,0.0025686439976728053,100.0,470.3449571056559,470.3449571056559,3.575967735294911,1.3450810820245903e-07,92.17989081618808
10,U-Shaped (Moderate Het),TwoStage_DL_Normal,6,True,0.0025686439976728053,94.0,113.98753484020881,113.96098585091919,1.0,1.3450810820245903e-07,92.17989081618808
10,U-Shaped (Moderate Het),TwoStage_DL_HKSJ,7,True,0.021922196865480515,100.0,1973.2575058246564,1973.2575058246564,6.3145509283989965,8.648978931314086e-07,97.49207202758555
10,U-Shaped (Moderate Het),TwoStage_DL_Normal,7,True,0.021922196865480515,96.0,270.77618024050645,270.7538185412522,1.0,8.648978931314086e-07,97.49207202758555
10,U-Shaped (Moderate Het),TwoStage_DL_HKSJ,8,True,0.018612647491345603,100.0,268.77675734054844,268.77675734054844,2.4551084372101863,1.2295980585573247e-07,83.40953180107088
10,U-Shaped (Moderate Het),TwoStage_DL_Normal,8,True,0.018612647491345603,100.0,94.853711406165,94.853711406165,1.0,1.2295980585573247e-07,83.40953180107088
10,U-Shaped (Moderate Het),TwoStage_DL_HKSJ,9,True,0.05696696234673868,100.0,1301.8557918686004,1301.8557918686004,5.426288636948069,4.967080965341714e-07,96.6037924927238
10,U-Shaped (Moderate Het),TwoStage_DL_Normal,9,True,0.05696696234673868,95.0,207.94722747651124,207.87070338592352,1.0,4.967080965341714e-07,96.6037924927238
10,U-Shaped (Moderate Het),TwoStage_DL_HKSJ,10,True,0.005412241146713999,100.0,1312.0779978857054,1312.0779978857054,5.415101425284789,4.96137755698712e-07,96.58974535462394
10,U-Shaped (Moderate Het),TwoStage_DL_Normal,10,True,0.005412241146713999,95.0,209.9881533420036,209.93572763666106,1.0,4.96137755698712e-07,96.58974535462394
10,U-Shaped (Moderate Het),TwoStage_DL_HKSJ,11,True,0.018268305780387205,96.0,758.9887564880115,758.9429265280756,4.177489104451151,2.677645085521707e-07,94.26980570045939
10,U-Shaped (Moderate Het),TwoStage_DL_Normal,11,True,0.018268305780387205,92.0,157.74158639160729,157.40810441966718,1.0,2.677645085521707e-07,94.26980570045939
10,U-Shaped (Moderate Het),TwoStage_DL_HKSJ,12,True,0.0029873813630963,100.0,599.4340405977858,599.4340405977858,3.639189403409944,2.2187899545203918e-07,92.44923973885766
10,U-Shaped (Moderate Het),TwoStage_DL_Normal,12,True,0.0029873813630963,94.0,142.78367757396504,142.71513739026693,1.0,2.2187899545203918e-07,92.44923973885766
10,U-Shaped (Moderate Het),TwoStage_DL_HKSJ,13,True,0.027513130191239514,100.0,1382.6293596951964,1382.6293596951964,5.42308695665231,5.506388467072218e-07,96.59978120523722
10,U-Shaped (Moderate Het),TwoStage_DL_Normal,13,True,0.027513130191239514,94.0,220.98959236786098,220.89836619377283,1.0,5.506388467072218e-07,96.59978120523722
10,U-Shaped (Moderate Het),TwoStage_DL_HKSJ,14,True,0.029038154773146287,100.0,1549.9303748820523,1549.9303748820523,5.697886440307061,6.857814706420904e-07,96.91984606779292
10,U-Shaped (Moderate Het),TwoStage_DL_Normal,14,True,0.029038154773146287,93.0,235.9458153958321,235.68486660435758,1.0,6.857814706420904e-07,96.91984606779292
10,U-Shaped (Moderate Het),TwoStage_DL_HKSJ,15,True,0.03558742634735643,100.0,1559.1706259491373,1559.1706259491373,6.224785862539097,6.220282389857923e-07,97.41921890876759
10,U-Shaped (Moderate Het),TwoStage_DL_Normal,15,True,0.03558742634735643,98.0,217.02488912812987,217.02138238676017,1.0,6.220282389857923e-07,97.41921890876759
10,U-Shaped (Moderate Het),TwoStage_DL_HKSJ,16,True,0.00962753523785318,100.0,594.7207765527288,594.7207765527288,3.5804203704481816,2.190917162603191e-07,92.19932900399924
10,U-Shaped (Moderate Het),TwoStage_DL_Normal,16,True,0.00962753523785318,98.0,143.9186720647812,143.9170965269632,1.0,2.190917162603191e-07,92.19932900399924
10,U-Shaped (Moderate Het),TwoStage_DL_HKSJ,17,True,0.00815783731063982,100.0,973.7066616567072,973.7066616567072,4.607493650562557,3.781299129420598e-07,95.28946202619355
10,U-Shaped (Moderate Het),TwoStage_DL_Normal,17,True,0.00815783731063982,94.0,183.26302891623124,183.10351990039032,1.0,3.781299129420598e-07,95.28946202619355
10,U-Shaped (Moderate Het),TwoStage_DL_HKSJ,18,True,0.01251480436796741,100.0,820.3029025635116,820.3029025635116,4.310870498170912,2.8473715118256443e-07,94.61891258725989
10,U-Shaped (Moderate Het),TwoStage_DL_Normal,18,True,0.01251480436796741,93.0,165.0351420041635,164.87035344101687,1.0,2.8473715118256443e-07,94.61891258725989
10,U-Shaped (Moderate Het),TwoStage_DL_HKSJ,19,True,0.021010569899245667,100.0,1258.2519139127446,1258.2519139127446,5.2902817335123915,4.4636934537482844e-07,96.42692281330137
10,U-Shaped (Moderate Het),TwoStage_DL_Normal,19,True,0.021010569899245667,96.0,206.0889823577469,206.07347560801267,1.0,4.4636934537482844e-07,96.42692281330137
10,U-Shaped (Moderate Het),TwoStage_DL_HKSJ,20,True,0.008904203666475765,100.0,950.0099387749527,950.0099387749527,4.864194218655598,3.3403801274405823e-07,95.77352615678383
10,U-Shaped (Moderate Het),TwoStage_DL_Normal,20,True,0.008904203666475765,94.0,169.25379470873264,169.2195511590101,1.0,3.3403801274405823e-07,95.77352615678383
10,U-Shaped (Moderate Het),TwoStage_DL_HKSJ,21,True,0.007527670132104916,100.0,2838.357820005915,2838.357820005915,7.172453665446631,1.2654839463461989e-06,98.05614217448662
10,U-Shaped (Moderate Het),TwoStage_DL_Normal,21,True,0.007527670132104916,95.0,342.9610069327845,342.87252849829105,1.0,1.2654839463461989e-06,98.05614217448662
10,U-Shaped (Moderate Het),TwoStage_DL_HKSJ,22,True,0.022505718427950284,94.0,313.182976832544,313.06405998137313,2.7173586096298785,1.0788856722459031e-07,86.4572741191167
10,U-Shaped (Moderate Het),TwoStage_DL_Normal,22,True,0.022505718427950284,90.0,100.18265626609654,99.82045710806653,1.0,1.0788856722459031e-07,86.4572741191167
10,U-Shaped (Moderate Het),TwoStage_DL_HKSJ,23,True,0.2713461256653483,100.0,895.6625220171732,895.6625220171732,4.597715601152564,3.281307672776344e-07,95.26940473894031
10,U-Shaped (Moderate Het),TwoStage_DL_Normal,23,True,0.2713461256653483,96.0,168.7914532563413,168.78567910774754,1.0,3.281307672776344e-07,95.26940473894031
10,U-Shaped (Moderate Het),TwoStage_DL_HKSJ,24,True,0.004830320837459478,100.0,1155.6757327292798,1155.6757327292798,5.191218623056159,4.001021646383302e-07,96.28925285737805
10,U-Shaped (Moderate Het),TwoStage_DL_Normal,24,True,0.004830320837459478,94.0,192.92713826954153,192.88567357269153,1.0,4.001021646383302e-07,96.28925285737805
10,U-Shaped (Moderate Het),TwoStage_DL_HKSJ,25,True,0.005810762232563078,100.0,477.12351783360316,477.12351783360316,3.1719346928780974,2.0788261734000124e-07,90.06079779760468
10,U-Shaped (Moderate Het),TwoStage_DL_Normal,25,True,0.005810762232563078,97.0,130.33752967232084,130.3286462032336,1.0,2.0788261734000124e-07,90.06079779760468
10,U-Shaped (Moderate Het),TwoStage_DL_HKSJ,26,True,0.024643136623658947,100.0,1339.5852615968054,1339.5852615968054,5.579822530190107,4.792886918640325e-07,96.78812061675214
10,U-Shaped (Moderate Het),TwoStage_DL_Normal,26,True,0.024643136623658947,92.0,208.3032996171648,208.0095487017429,1.0,4.792886918640325e-07,96.78812061675214
10,U-Shaped (Moderate Het),TwoStage_DL_HKSJ,27,True,0.025980806468869654,100.0,756.6301592018999,756.6301592018999,4.217553460503292,2.676043346593057e-07,94.37815577762485
10,U-Shaped (Moderate Het),TwoStage_DL_Normal,27,True,0.025980806468869654,93.0,155.5484947730092,155.43769561180966,1.0,2.676043346593057e-07,94.37815577762485
10,U-Shaped (Moderate Het),TwoStage_DL_HKSJ,28,True,0.013910661241749897,100.0,993.412484342815,993.412484342815,4.432409293837544,3.9954148428220816e-07,94.90997065261203
10,U-Shaped (Moderate Het),TwoStage_DL_Normal,28,True,0.013910661241749897,100.0,194.18829737763238,194.18829737763238,1.0,3.9954148428220816e-07,94.90997065261203
10,U-Shaped (Moderate Het),TwoStage_DL_HKSJ,29,True,0.006590652966851332,100.0,770.4311421186561,770.4311421186561,4.061885701642972,3.567423746461662e-07,93.93899554891445
10,U-Shaped (Moderate Het),TwoStage_DL_Normal,29,True,0.006590652966851332,100.0,164.33854140981995,164.33854140981995,1.0,3.567423746461662e-07,93.93899554891445
10,U-Shaped (Moderate Het),TwoStage_DL_HKSJ,30,True,2.187931537219639,100.0,756.93203125233,756.93203125233,4.416329633277073,2.621558964398424e-07,94.87283803358852
10,U-Shaped (Moderate Het),TwoStage_DL_Normal,30,True,2.187931537219639,100.0,148.50076791559852,148.50076791559852,1.0,2.621558964398424e-07,94.87283803358852
10,U-Shaped (Moderate Het),TwoStage_DL_HKSJ,31,True,0.007459762952579456,100.0,1570.3361489535685,1570.3361489535685,5.987452915245551,6.224092890267783e-07,97.21056800730211
10,U-Shaped (Moderate Het),TwoStage_DL_Normal,31,True,0.007459762952579456,94.0,227.38506407578848,227.23949435701005,1.0,6.224092890267783e-07,97.21056800730211
10,U-Shaped (Moderate Het),TwoStage_DL_HKSJ,32,True,0.07740439129800791,96.0,982.6059472967191,982.5703658932595,4.312909372668452,4.2552254353064166e-07,94.62399906956654
10,U-Shaped (Moderate Het),TwoStage_DL_Normal,32,True,0.07740439129800791,92.0,197.7513029805432,197.39067246319274,1.0,4.2552254353064166e-07,94.62399906956654
10,U-Shaped (Moderate Het),TwoStage_DL_HKSJ,33,True,0.03380873857723208,100.0,1479.3186242828372,1479.3186242828372,5.908419265255663,5.081194968690734e-07,97.13544352452803
10,U-Shaped (Moderate Het),TwoStage_DL_Normal,33,True,0.03380873857723208,93.0,217.18384959000505,216.93204813731282,1.0,5.081194968690734e-07,97.13544352452803
10,U-Shaped (Moderate Het),TwoStage_DL_HKSJ,34,True,0.019216807003752816,100.0,2229.5510642685726,2229.5510642685726,7.2887733550718155,8.592375380694608e-07,98.11769017998529
10,U-Shaped (Moderate Het),TwoStage_DL_Normal,34,True,0.019216807003752816,100.0,265.03075563881526,265.03075563881526,1.0,8.592375380694608e-07,98.11769017998529
10,U-Shaped (Moderate Het),TwoStage_DL_HKSJ,35,True,0.071526710539282,100.0,1035.5143386713185,1035.5143386713185,4.965009547466738,3.796895914913967e-07,95.94342206481406
10,U-Shaped (Moderate Het),TwoStage_DL_Normal,35,True,0.071526710539282,92.0,181.03509107619303,180.70464913726076,1.0,3.796895914913967e-07,95.94342206481406
10,U-Shaped (Moderate Het),TwoStage_DL_HKSJ,36,True,0.4834855683111163,100.0,505.47346785575866,505.47346785575866,3.6436295083213808,1.617530258653275e-07,92.4676311478916
10,U-Shaped (Moderate Het),TwoStage_DL_Normal,36,True,0.4834855683111163,93.0,120.24356694508064,120.19805805060857,1.0,1.617530258653275e-07,92.4676311478916
10,U-Shaped (Moderate Het),TwoStage_DL_HKSJ,37,True,0.013926982226262768,100.0,1828.574212685054,1828.574212685054,6.267612708737943,7.710531329121419e-07,97.45436757007545
10,U-Shaped (Moderate Het),TwoStage_DL_Normal,37,True,0.013926982226262768,94.0,252.94115001682042,252.78059722450013,1.0,7.710531329121419e-07,97.45436757007545
10,U-Shaped (Moderate Het),TwoStage_DL_HKSJ,38,True,0.3131615598166207,100.0,792.6709872841188,792.6709872841188,4.488754499027385,2.9302466238121325e-07,95.03695408365854
10,U-Shaped (Moderate Het),TwoStage_DL_Normal,38,True,0.3131615598166207,94.0,153.07298989564552,153.00316214909475,1.0,2.9302466238121325e-07,95.03695408365854
10,U-Shaped (Moderate Het),TwoStage_DL_HKSJ,39,True,0.028201819413702478,100.0,1221.0178383316882,1221.0178383316882,5.646580781953897,4.084490473856145e-07,96.86361831856706
10,U-Shaped (Moderate Het),TwoStage_DL_Normal,39,True,0.028201819413702478,95.0,187.3936893114669,187.35692947444196,1.0,4.084490473856145e-07,96.86361831856706
10,U-Shaped (Moderate Het),TwoStage_DL_HKSJ,40,True,0.007886688136539439,100.0,314.5602628840497,314.5602628840497,2.7646321001782703,1.206211551972518e-07,86.91645876860522
10,U-Shaped (Moderate Het),TwoStage_DL_Normal,40,True,0.007886688136539439,95.0,98.61026798729682,98.58249604126902,1.0,1.206211551972518e-07,86.91645876860522
10,U-Shaped (Moderate Het),TwoStage_DL_HKSJ,41,True,0.006697831673465024,100.0,1129.3090378361524,1129.3090378361524,4.7107230734581,4.896837427815951e-07,95.4936507087159
10,U-Shaped (Moderate Het),TwoStage_DL_Normal,41,True,0.006697831673465024,94.0,207.81850277050395,207.71053609780344,1.0,4.896837427815951e-07,95.4936507087159
10,U-Shaped (Moderate Het),TwoStage_DL_HKSJ,42,True,0.005087227156915708,100.0,1230.4039982873994,1230.4039982873994,5.326230869878394,4.3716869965686323e-07,96.47499266302648
10,U-Shaped (Moderate Het),TwoStage_DL_Normal,42,True,0.005087227156915708,94.0,200.29159802016082,200.152511317006,1.0,4.3716869965686323e-07,96.47499266302648
10,U-Shaped (Moderate Het),TwoStage_DL_HKSJ,43,True,0.0411472988528435,100.0,766.2227052250585,766.2227052250585,4.620285461630358,2.652227597427835e-07,95.31550929054434
10,U-Shaped (Moderate Het),TwoStage_DL_Normal,43,True,0.0411472988528435,100.0,143.68767095933234,143.68767095933234,1.0,2.652227597427835e-07,95.31550929054434
10,U-Shaped (Moderate Het),TwoStage_DL_HKSJ,44,True,0.005354447271681859,100.0,702.7190656247798,702.7190656247798,3.8517644260219686,2.9040602526637407e-07,93.25967923923298
10,U-Shaped (Moderate Het),TwoStage_DL_Normal,44,True,0.005354447271681859,100.0,158.07213387552386,158.07213387552386,1.0,2.9040602526637407e-07,93.25967923923298
10,U-Shaped (Moderate Het),TwoStage_DL_HKSJ,45,True,0.033872041069647335,95.0,611.9365531201151,611.8421394565543,3.691982564377291,2.2157877532402804e-07,92.66363859877384
10,U-Shaped (Moderate Het),TwoStage_DL_Normal,45,True,0.033872041069647335,91.0,144.0185754446192,143.5863119587897,1.0,2.2157877532402804e-07,92.66363859877384
10,U-Shaped (Moderate Het),TwoStage_DL_HKSJ,46,True,1.1470307924881513,100.0,424.3622578376988,424.3622578376988,3.3393067858477794,1.6144548627193672e-07,91.03217014270447
10,U-Shaped (Moderate Het),TwoStage_DL_Normal,46,True,1.1470307924881513,93.0,110.22591096222219,110.10669543768377,1.0,1.6144548627193672e-07,91.03217014270447
10,U-Shaped (Moderate Het),TwoStage_DL_HKSJ,47,True,0.3045241762926364,100.0,700.7779251692813,700.7779251692813,4.035442417575959,2.9173282027545595e-07,93.85930268723435
10,U-Shaped (Moderate Het),TwoStage_DL_Normal,47,True,0.3045241762926364,96.0,150.473797737376,150.46051896330403,1.0,2.9173282027545595e-07,93.85930268723435
10,U-Shaped (Moderate Het),TwoStage_DL_HKSJ,48,True,0.022729309238935874,100.0,1062.8599307829397,1062.8599307829397,4.728573173483323,4.5561334440224175e-07,95.52760892684539
10,U-Shaped (Moderate Het),TwoStage_DL_Normal,48,True,0.022729309238935874,100.0,194.75078544514753,194.75078544514753,1.0,4.5561334440224175e-07,95.52760892684539
10,U-Shaped (Moderate Het),TwoStage_DL_HKSJ,49,True,0.005886694538010926,100.0,1352.3378297323673,1352.3378297323673,5.418969997746256,5.270720717776763e-07,96.59461274015067
10,U-Shaped (Moderate Het),TwoStage_DL_Normal,49,True,0.005886694538010926,94.0,216.2826649937688,216.22292977359535,1.0,5.270720717776763e-07,96.59461274015067
12,Quadratic (Moderate Het),TwoStage_DL_HKSJ,0,True,0.0009416122646566295,100.0,624.2330305561597,624.2330305561597,3.893945692452318,2.623052936217856e-07,93.40491770015197
12,Quadratic (Moderate Het),TwoStage_DL_Normal,0,True,0.0009416122646566295,96.0,142.76531367881273,142.75647374683018,1.0,2.623052936217856e-07,93.40491770015197
12,Quadratic (Moderate Het),TwoStage_DL_HKSJ,1,True,0.02774202933653076,94.0,568.685666052606,568.5537447313027,4.110807584246477,1.9385689093380164e-07,94.0823986907323
12,Quadratic (Moderate Het),TwoStage_DL_Normal,1,True,0.02774202933653076,90.0,123.66530780336352,123.16387157098715,1.0,1.9385689093380164e-07,94.0823986907323
12,Quadratic (Moderate Het),TwoStage_DL_HKSJ,2,True,0.017581288983763432,100.0,958.5457278095664,958.5457278095664,5.034641680725559,3.9307422804883086e-07,96.05485594252286
12,Quadratic (Moderate Het),TwoStage_DL_Normal,2,True,0.017581288983763432,95.0,169.55903022714585,169.54431263968294,1.0,3.9307422804883086e-07,96.05485594252286
12,Quadratic (Moderate Het),TwoStage_DL_HKSJ,3,True,0.040035326831000285,100.0,785.9455055075932,785.9455055075932,4.430903467631772,3.3464906572471757e-07,94.90651040932512
12,Quadratic (Moderate Het),TwoStage_DL_Normal,3,True,0.040035326831000285,99.0,157.95750351494664,157.95708234295594,1.0,3.3464906572471757e-07,94.90651040932512
12,Quadratic (Moderate Het),TwoStage_DL_HKSJ,4,True,0.02810234461380529,100.0,411.31588540279154,411.31588540279154,3.2710388225956457,1.66803269182411e-07,90.65393918266446
12,Quadratic (Moderate Het),TwoStage_DL_Normal,4,True,0.02810234461380529,93.0,112.0793474617745,111.9769775725564,1.0,1.66803269182411e-07,90.65393918266446
12,Quadratic (Moderate Het),TwoStage_DL_HKSJ,5,True,0.16192618185725258,100.0,516.2574004404532,516.2574004404532,3.7760375883174615,2.2943456059999392e-07,92.986619808657
12,Quadratic (Moderate Het),TwoStage_DL_Normal,5,True,0.16192618185725258,94.0,121.79794439342396,121.74999117427524,1.0,2.2943456059999392e-07,92.986619808657
12,Quadratic (Moderate Het),TwoStage_DL_HKSJ,6,True,0.026144804128449037,95.0,708.5822745429411,708.5159375355832,4.277746169290963,2.8653845894635067e-07,94.53525403739127
12,Quadratic (Moderate Het),TwoStage_DL_Normal,6,True,0.026144804128449037,91.0,147.8915291731163,147.4937337423525,1.0,2.8653845894635067e-07,94.53525403739127
12,Quadratic (Moderate Het),TwoStage_DL_HKSJ,7,True,0.002535822752718203,100.0,433.71698632977916,433.71698632977916,3.462865410625727,1.6590229288884975e-07,91.66071578966618
12,Quadratic (Moderate Het),TwoStage_DL_Normal,7,True,0.002535822752718203,93.0,111.64531386339755,111.5346415873954,1.0,1.6590229288884975e-07,91.66071578966618
12,Quadratic (Moderate Het),TwoStage_DL_HKSJ,8,True,0.017998598082370375,100.0,522.677773468897,522.677773468897,3.6078622574851003,2.2212711091388832e-07,92.31754362136998
12,Quadratic (Moderate Het),TwoStage_DL_Normal,8,True,0.017998598082370375,94.0,129.0858023948386,129.00990067680175,1.0,2.2212711091388832e-07,92.31754362136998
12,Quadratic (Moderate Het),TwoStage_DL_HKSJ,9,True,0.06610050170504073,100.0,673.7011657506716,673.7011657506716,4.36323022947978,2.6187887147910883e-07,94.7472861689105
12,Quadratic (Moderate Het),TwoStage_DL_Normal,9,True,0.06610050170504073,96.0,137.51023310235917,137.49855253617096,1.0,2.6187887147910883e-07,94.7472861689105
12,Quadratic (Moderate Het),TwoStage_DL_HKSJ,10,True,0.4411842052498184,100.0,1554.5541717244373,1554.5541717244373,5.85724897578899,7.445351363590554e-07,97.08517403318713
12,Quadratic (Moderate Het),TwoStage_DL_Normal,10,True,0.4411842052498184,93.0,236.5245617605052,236.34756507573485,1.0,7.445351363590554e-07,97.08517403318713
12,Quadratic (Moderate Het),TwoStage_DL_HKSJ,11,True,0.008699842465077516,100.0,794.962389015018,794.962389015018,4.174909046652591,3.6974301845641006e-07,94.26272109066855
12,Quadratic (Moderate Het),TwoStage_DL_Normal,11,True,0.008699842465077516,94.0,169.71706309269678,169.56590043052537,1.0,3.6974301845641006e-07,94.26272109066855
12,Quadratic (Moderate Het),TwoStage_DL_HKSJ,12,True,0.06236830356097227,100.0,815.7591428826449,815.7591428826449,4.67771359704364,3.285562984779728e-07,95.42982590134599
12,Quadratic (Moderate Het),TwoStage_DL_Normal,12,True,0.06236830356097227,100.0,155.29850654373035,155.29850654373035,1.0,3.285562984779728e-07,95.42982590134599
12,Quadratic (Moderate Het),TwoStage_DL_HKSJ,13,True,0.007501300778820583,100.0,821.5772877511256,821.5772877511256,4.71935160742055,3.0130588848529837e-07,95.51011383563716
12,Quadratic (Moderate Het),TwoStage_DL_Normal,13,True,0.007501300778820583,100.0,155.02618041014264,155.02618041014264,1.0,3.0130588848529837e-07,95.51011383563716
12,Quadratic (Moderate Het),TwoStage_DL_HKSJ,14,True,0.6455513338191057,100.0,910.093730379765,910.093730379765,4.878919436574101,4.1262863542601944e-07,95.79899976066511
12,Quadratic (Moderate Het),TwoStage_DL_Normal,14,True,0.6455513338191057,94.0,166.19406969249548,166.11216272957972,1.0,4.1262863542601944e-07,95.79899976066511
12,Quadratic (Moderate Het),TwoStage_DL_HKSJ,15,True,0.030887670381430782,100.0,449.59696080857276,449.59696080857276,3.2891889222972974,1.885692473392734e-07,90.7567997455437
12,Quadratic (Moderate Het),TwoStage_DL_Normal,15,True,0.030887670381430782,93.0,121.87268087318127,121.72324030576502,1.0,1.885692473392734e-07,90.7567997455437
12,Quadratic (Moderate Het),TwoStage_DL_HKSJ,16,True,0.007306032339965838,100.0,1267.8601167845015,1267.8601167845015,5.590649286530611,5.273482777348397e-07,96.80054871306096
12,Quadratic (Moderate Het),TwoStage_DL_Normal,16,True,0.007306032339965838,100.0,201.9519488518216,201.9519488518216,1.0,5.273482777348397e-07,96.80054871306096
12,Quadratic (Moderate Het),TwoStage_DL_HKSJ,17,True,0.08150758021247523,100.0,746.526334648392,746.526334648392,4.510948580414851,2.809351229354234e-07,95.08567078739311
12,Quadratic (Moderate Het),TwoStage_DL_Normal,17,True,0.08150758021247523,94.0,147.42574993767823,147.37241925274714,1.0,2.809351229354234e-07,95.08567078739311
12,Quadratic (Moderate Het),TwoStage_DL_HKSJ,18,True,0.010699388694777741,100.0,967.7161756298722,967.7161756298722,4.973681544158244,3.949603198353505e-07,95.9575556444554
12,Quadratic (Moderate Het),TwoStage_DL_Normal,18,True,0.010699388694777741,93.0,173.46003949565602,173.2642578582723,1.0,3.949603198353505e-07,95.9575556444554
12,Quadratic (Moderate Het),TwoStage_DL_HKSJ,19,True,0.018851526266405436,100.0,451.8167690340356,451.8167690340356,3.5279295279657044,1.745968840405366e-07,91.96547516748213
12,Quadratic (Moderate Het),TwoStage_DL_Normal,19,True,0.018851526266405436,93.0,114.20027527810117,114.04635283796037,1.0,1.745968840405366e-07,91.96547516748213
12,Quadratic (Moderate Het),TwoStage_DL_HKSJ,20,True,0.0381452645927142,100.0,2094.473817520318,2094.473817520318,7.179652880862805,1.0850096355623557e-06,98.06003852860445
12,Quadratic (Moderate Het),TwoStage_DL_Normal,20,True,0.0381452645927142,100.0,259.78283089210703,259.78283089210703,1.0,1.0850096355623557e-06,98.06003852860445
12,Quadratic (Moderate Het),TwoStage_DL_HKSJ,21,True,0.005184345752799199,100.0,668.1339433178682,668.1339433178682,4.063732193613596,2.8389628079247704e-07,93.94450233572158
12,Quadratic (Moderate Het),TwoStage_DL_Normal,21,True,0.005184345752799199,99.0,146.4126757728689,146.4122495174422,1.0,2.8389628079247704e-07,93.94450233572158
12,Quadratic (Moderate Het),TwoStage_DL_HKSJ,22,True,0.00854522004397693,100.0,1441.0845586691808,1441.0845586691808,6.1803487026705035,5.602075785031886e-07,97.3819734795673
12,Quadratic (Moderate Het),TwoStage_DL_Normal,22,True,0.00854522004397693,93.0,207.82245711005032,207.64211434271874,1.0,5.602075785031886e-07,97.3819734795673
12,Quadratic (Moderate Het),TwoStage_DL_HKSJ,23,True,0.004134104602077081,100.0,868.7213428185713,868.7213428185713,4.653750781691974,3.7253039020638953e-07,95.38263979478988
12,Quadratic (Moderate Het),TwoStage_DL_Normal,23,True,0.004134104602077081,96.0,166.23616998263776,166.2326492289117,1.0,3.7253039020638953e-07,95.38263979478988
12,Quadratic (Moderate Het),TwoStage_DL_HKSJ,24,True,0.0015895862999125475,100.0,993.5778513429973,993.5778513429973,4.853296099444112,4.4430622258232493e-07,95.75452367698357
12,Quadratic (Moderate Het),TwoStage_DL_Normal,24,True,0.0015895862999125475,95.0,182.3634160608708,182.30730467846257,1.0,4.4430622258232493e-07,95.75452367698357
12,Quadratic (Moderate Het),TwoStage_DL_HKSJ,25,True,0.00408331961815826,100.0,849.7308142811353,849.7308142811353,4.686793885287558,3.6731789611548513e-07,95.44751744022955
12,Quadratic (Moderate Het),TwoStage_DL_Normal,25,True,0.00408331961815826,94.0,161.52502994931172,161.45238688980314,1.0,3.6731789611548513e-07,95.44751744022955
12,Quadratic (Moderate Het),TwoStage_DL_HKSJ,26,True,0.0978616910670947,100.0,1543.393842781704,1543.393842781704,6.407405499383894,6.058300939670659e-07,97.56423390634738
12,Quadratic (Moderate Het),TwoStage_DL_Normal,26,True,0.0978616910670947,94.0,214.64593280091177,214.50306922203947,1.0,6.058300939670659e-07,97.56423390634738
12,Quadratic (Moderate Het),TwoStage_DL_HKSJ,27,True,0.004001214116931697,100.0,826.8848404143182,826.8848404143182,4.670615520608384,3.605551897555509e-07,95.41592448105696
12,Quadratic (Moderate Het),TwoStage_DL_Normal,27,True,0.004001214116931697,100.0,157.65576954134636,157.65576954134636,1.0,3.605551897555509e-07,95.41592448105696
12,Quadratic (Moderate Het),TwoStage_DL_HKSJ,28,True,0.019177902325756727,100.0,875.5855697849736,875.5855697849736,4.736689672579344,3.8891364725428686e-07,95.54292302160528
12,Quadratic (Moderate Het),TwoStage_DL_Normal,28,True,0.019177902325756727,100.0,164.61242769615876,164.61242769615876,1.0,3.8891364725428686e-07,95.54292302160528
12,Quadratic (Moderate Het),TwoStage_DL_HKSJ,29,True,0.023451670018869417,100.0,928.0814595109264,928.0814595109264,4.538708222462885,4.3011695339786715e-07,95.14560098215216
12,Quadratic (Moderate Het),TwoStage_DL_Normal,29,True,0.023451670018869417,94.0,182.2093651810849,182.09280643629154,1.0,4.3011695339786715e-07,95.14560098215216
12,Quadratic (Moderate Het),TwoStage_DL_HKSJ,30,True,0.0053433892250305945,100.0,850.3836427590111,850.3836427590111,4.600996985184488,3.761868725495407e-07,95.27614995716773
12,Quadratic (Moderate Het),TwoStage_DL_Normal,30,True,0.0053433892250305945,93.0,164.74970025178678,164.5894167233007,1.0,3.761868725495407e-07,95.27614995716773
12,Quadratic (Moderate Het),TwoStage_DL_HKSJ,31,True,0.06536316524140279,95.0,408.41541253824914,408.377674562713,3.3418882676392774,1.6906228228535952e-07,91.04601940771441
12,Quadratic (Moderate Het),TwoStage_DL_Normal,31,True,0.06536316524140279,92.0,109.06974929569354,108.82007556080916,1.0,1.6906228228535952e-07,91.04601940771441
12,Quadratic (Moderate Het),TwoStage_DL_HKSJ,32,True,0.009914944417987336,100.0,490.91212504152236,490.91212504152236,3.426146878730837,2.2714029013145756e-07,91.48101123319593
12,Quadratic (Moderate Het),TwoStage_DL_Normal,32,True,0.009914944417987336,100.0,127.59590560763077,127.59590560763077,1.0,2.2714029013145756e-07,91.48101123319593
12,Quadratic (Moderate Het),TwoStage_DL_HKSJ,33,True,0.0021072749007423667,100.0,724.0175264117239,724.0175264117239,4.264531772928979,3.023922104040718e-07,94.50133462686364
12,Quadratic (Moderate Het),TwoStage_DL_Normal,33,True,0.0021072749007423667,100.0,151.18777716223528,151.18777716223528,1.0,3.023922104040718e-07,94.50133462686364
12,Quadratic (Moderate Het),TwoStage_DL_HKSJ,34,True,0.0273305870748378,100.0,1253.2507745603316,1253.2507745603316,6.002748764525949,5.534721978311471e-07,97.2247656266227
12,Quadratic (Moderate Het),TwoStage_DL_Normal,34,True,0.0273305870748378,94.0,186.01730210674782,185.9202829432145,1.0,5.534721978311471e-07,97.2247656266227
12,Quadratic (Moderate Het),TwoStage_DL_HKSJ,35,True,0.0015062402051386698,100.0,473.2159221359704,473.2159221359704,3.473921296745397,2.0464382039252745e-07,91.71371150061714
12,Quadratic (Moderate Het),TwoStage_DL_Normal,35,True,0.0015062402051386698,95.0,121.33584719991767,121.3048962314559,1.0,2.0464382039252745e-07,91.71371150061714
12,Quadratic (Moderate Het),TwoStage_DL_HKSJ,36,True,0.003176025245860311,100.0,862.5200479947939,862.5200479947939,4.480829529914536,3.7550512011568536e-07,95.01938288735731
12,Quadratic (Moderate Het),TwoStage_DL_Normal,36,True,0.003176025245860311,96.0,171.42890279028492,171.41535939357487,1.0,3.7550512011568536e-07,95.01938288735731
12,Quadratic (Moderate Het),TwoStage_DL_HKSJ,37,True,0.015668834088308665,100.0,859.7416949476694,859.7416949476694,4.619582034326543,3.5298321328838675e-07,95.31408255993269
12,Quadratic (Moderate Het),TwoStage_DL_Normal,37,True,0.015668834088308665,92.0,165.97709027433862,165.7311952684492,1.0,3.5298321328838675e-07,95.31408255993269
12,Quadratic (Moderate Het),TwoStage_DL_HKSJ,38,True,0.0028311167306276958,100.0,391.65565307321725,391.65565307321725,3.250015376773652,1.5582336637274917e-07,90.53263396509143
12,Quadratic (Moderate Het),TwoStage_DL_Normal,38,True,0.0028311167306276958,100.0,107.31438490390869,107.31438490390869,1.0,1.5582336637274917e-07,90.53263396509143
12,Quadratic (Moderate Het),TwoStage_DL_HKSJ,39,True,0.05185582792092611,100.0,485.880683796926,485.880683796926,3.790841725910216,1.738995185824754e-07,93.0412906802973
12,Quadratic (Moderate Het),TwoStage_DL_Normal,39,True,0.05185582792092611,94.0,114.16809209831871,114.13870445302219,1.0,1.738995185824754e-07,93.0412906802973
12,Quadratic (Moderate Het),TwoStage_DL_HKSJ,40,True,0.034707791230510515,100.0,568.0950708858404,568.0950708858404,4.085927081000292,2.2760343658297852e-07,94.01011097266121
12,Quadratic (Moderate Het),TwoStage_DL_Normal,40,True,0.034707791230510515,100.0,123.81388936639132,123.81388936639132,1.0,2.2760343658297852e-07,94.01011097266121
12,Quadratic (Moderate Het),TwoStage_DL_HKSJ,41,True,0.007339365104816946,100.0,532.8204974280479,532.8204974280479,3.66220237391477,2.177323995577775e-07,92.54383825738229
12,Quadratic (Moderate Het),TwoStage_DL_Normal,41,True,0.007339365104816946,100.0,129.56196938637652,129.56196938637652,1.0,2.177323995577775e-07,92.54383825738229
12,Quadratic (Moderate Het),TwoStage_DL_HKSJ,42,True,0.0157385089780614,100.0,847.8590655251401,847.8590655251401,4.589786071052677,3.558806183790872e-07,95.25304502188236
12,Quadratic (Moderate Het),TwoStage_DL_Normal,42,True,0.0157385089780614,93.0,164.6150894454799,164.5016208528254,1.0,3.558806183790872e-07,95.25304502188236
12,Quadratic (Moderate Het),TwoStage_DL_HKSJ,43,True,0.2914533686246263,100.0,425.27684815363835,425.27684815363835,3.241177240555119,1.7448789576081758e-07,90.48093179233214
12,Quadratic (Moderate Het),TwoStage_DL_Normal,43,True,0.2914533686246263,92.0,116.97798876906676,116.84440380174921,1.0,1.7448789576081758e-07,90.48093179233214
12,Quadratic (Moderate Het),TwoStage_DL_HKSJ,44,True,0.004881734176300273,100.0,550.9773285919769,550.9773285919769,3.9190840342528395,2.791934271132753e-07,93.48925256851635
12,Quadratic (Moderate Het),TwoStage_DL_Normal,44,True,0.004881734176300273,93.0,125.35651409000113,125.19532449520615,1.0,2.791934271132753e-07,93.48925256851635
12,Quadratic (Moderate Het),TwoStage_DL_HKSJ,45,True,0.12418992489558583,100.0,488.77789594275055,488.77789594275055,3.650569116680806,2.0224887856812075e-07,92.49624148497956
12,Quadratic (Moderate Het),TwoStage_DL_Normal,45,True,0.12418992489558583,95.0,119.24069627125188,119.23120663818958,1.0,2.0224887856812075e-07,92.49624148497956
12,Quadratic (Moderate Het),TwoStage_DL_HKSJ,46,True,111.2854216374279,100.0,1118.1153309559027,1118.1153309559027,5.184121442228106,5.285690027105106e-07,96.2790857071837
12,Quadratic (Moderate Het),TwoStage_DL_Normal,46,True,111.2854216374279,100.0,192.06595614287613,192.06595614287613,1.0,5.285690027105106e-07,96.2790857071837
12,Quadratic (Moderate Het),TwoStage_DL_HKSJ,47,True,0.08358249138750856,100.0,283.38315316370273,283.38315316370273,2.7856044262880673,1.123106251257169e-07,87.11272451626282
12,Quadratic (Moderate Het),TwoStage_DL_Normal,47,True,0.08358249138750856,98.0,90.5932101121082,90.59277050439894,1.0,1.123106251257169e-07,87.11272451626282
12,Quadratic (Moderate Het),TwoStage_DL_HKSJ,48,True,0.005598431459342876,100.0,1340.5283804393566,1340.5283804393566,5.778694847821028,5.66844739084101e-07,97.0053885766451
12,Quadratic (Moderate Het),TwoStage_DL_Normal,48,True,0.005598431459342876,95.0,206.61443159950548,206.57854220471432,1.0,5.66844739084101e-07,97.0053885766451
12,Quadratic (Moderate Het),TwoStage_DL_HKSJ,49,True,0.021557222984067002,100.0,792.3036625948064,792.3036625948064,4.309966723894405,3.472243782215238e-07,94.61665558687167
12,Quadratic (Moderate Het),TwoStage_DL_Normal,49,True,0.021557222984067002,93.0,163.8156474803112,163.7030245462013,1.0,3.472243782215238e-07,94.61665558687167
12,Log (High Het),TwoStage_DL_HKSJ,0,True,0.07685974930233573,99.0,1438.4848399332498,1438.4730197329825,5.611507781682353,6.70724625735714e-07,96.82428982161174
12,Log (High Het),TwoStage_DL_Normal,0,True,0.07685974930233573,91.0,228.72797009041832,228.27644894382544,1.0,6.70724625735714e-07,96.82428982161174
12,Log (High Het),TwoStage_DL_HKSJ,1,True,0.12056239028599101,95.0,1811.0373636567383,1810.7086923723136,7.233621199817109,6.350201230073856e-07,98.08887772240108
12,Log (High Het),TwoStage_DL_Normal,1,True,0.12056239028599101,89.0,224.37210787775754,222.91114411038262,1.0,6.350201230073856e-07,98.08887772240108
12,Log (High Het),TwoStage_DL_HKSJ,2,True,0.22631552350637654,97.0,1952.5332218712688,1952.448387148025,6.792983333316108,8.95836980907807e-07,97.83290025061031
12,Log (High Het),TwoStage_DL_Normal,2,True,0.22631552350637654,92.0,256.71995672319906,255.95167151178532,1.0,8.95836980907807e-07,97.83290025061031
12,Log (High Het),TwoStage_DL_HKSJ,3,True,0.04095846768933817,97.0,1474.8588407072334,1474.835552014405,6.044097889820102,6.333123232042399e-07,97.26260782829968
12,Log (High Het),TwoStage_DL_Normal,3,True,0.04095846768933817,91.0,217.84018782448288,217.29566658838422,1.0,6.333123232042399e-07,97.26260782829968
12,Log (High Het),TwoStage_DL_HKSJ,4,True,0.04233500966601101,95.0,1086.5573106448066,1086.3337656203319,4.8361186498577045,5.323142364894196e-07,95.72431103133252
12,Log (High Het),TwoStage_DL_Normal,4,True,0.04233500966601101,91.0,200.88372719889733,200.03467649877837,1.0,5.323142364894196e-07,95.72431103133252
12,Log (High Het),TwoStage_DL_HKSJ,5,True,0.053649729446042446,97.0,1401.1082844166083,1401.0075631966347,5.819576643337316,7.113871341412419e-07,97.04731433478337
12,Log (High Het),TwoStage_DL_Normal,5,True,0.053649729446042446,90.0,215.06167212907997,214.38186493326026,1.0,7.113871341412419e-07,97.04731433478337
12,Log (High Het),TwoStage_DL_HKSJ,6,True,0.17553934880839978,95.0,1347.6432523545686,1347.156007551138,5.926787947993976,5.396542081332182e-07,97.15317204486601
12,Log (High Het),TwoStage_DL_Normal,6,True,0.17553934880839978,88.0,204.04744654571394,202.41256113394536,1.0,5.396542081332182e-07,97.15317204486601
12,Log (High Het),TwoStage_DL_HKSJ,7,True,0.07677659114685681,95.0,1056.9162995236072,1056.722710842017,4.940138443173834,4.839092367717325e-07,95.90247360025508
12,Log (High Het),TwoStage_DL_Normal,7,True,0.07677659114685681,91.0,191.28335623325503,190.485042186949,1.0,4.839092367717325e-07,95.90247360025508
12,Log (High Het),TwoStage_DL_HKSJ,8,True,0.2709383540924335,95.0,1181.2689438218058,1181.014625724151,4.899458767320626,6.149729032154118e-07,95.83414848852793
12,Log (High Het),TwoStage_DL_Normal,8,True,0.2709383540924335,90.0,215.55880760757216,214.65752905429434,1.0,6.149729032154118e-07,95.83414848852793
12,Log (High Het),TwoStage_DL_HKSJ,9,True,0.1739008367433194,97.0,1387.180721629853,1387.0546310830482,6.150125250393868,5.587373980879871e-07,97.35617881047294
12,Log (High Het),TwoStage_DL_Normal,9,True,0.1739008367433194,91.0,201.69447038475764,200.83923718386785,1.0,5.587373980879871e-07,97.35617881047294
12,Log (High Het),TwoStage_DL_HKSJ,10,True,0.6432682370868054,97.0,2887.946786991056,2887.865268100995,8.098990791250353,1.3438642388540113e-06,98.47546222538625
12,Log (High Het),TwoStage_DL_Normal,10,True,0.6432682370868054,91.0,318.40650076745027,317.5301579320548,1.0,1.3438642388540113e-06,98.47546222538625
12,Log (High Het),TwoStage_DL_HKSJ,11,True,0.04906104821805965,99.0,2523.186805029072,2523.1544109970905,7.0847657642551605,1.2934312489569103e-06,98.00772627396702
12,Log (High Het),TwoStage_DL_Normal,11,True,0.04906104821805965,95.0,317.32128255904615,317.1445771963362,1.0,1.2934312489569103e-06,98.00772627396702
12,Log (High Het),TwoStage_DL_HKSJ,12,True,0.058710431960158196,100.0,2348.3131369193284,2348.3131369193284,7.063029357929949,1.1942368089727924e-06,97.99544499799072
12,Log (High Het),TwoStage_DL_Normal,12,True,0.058710431960158196,92.0,296.50571530627684,296.07651021608854,1.0,1.1942368089727924e-06,97.99544499799072
12,Log (High Het),TwoStage_DL_HKSJ,13,True,0.11659144315625206,97.0,1864.8246534577781,1864.7831147029108,6.646710921778356,7.825728045576332e-07,97.73646914845581
12,Log (High Het),TwoStage_DL_Normal,13,True,0.11659144315625206,91.0,250.47590824145504,249.83915028165967,1.0,7.825728045576332e-07,97.73646914845581
12,Log (High Het),TwoStage_DL_HKSJ,14,True,3.1321344254016346,100.0,2194.6790853965426,2194.6790853965426,7.091059507044976,1.1359606232089162e-06,98.01126123059508
12,Log (High Het),TwoStage_DL_Normal,14,True,3.1321344254016346,94.0,275.850729878259,275.61246291462487,1.0,1.1359606232089162e-06,98.01126123059508
12,Log (High Het),TwoStage_DL_HKSJ,15,True,0.2964706172870631,99.0,1173.7873601801964,1173.7568837969056,4.823593766543837,5.976236364365867e-07,95.70207780237607
12,Log (High Het),TwoStage_DL_Normal,15,True,0.2964706172870631,92.0,216.9320464152313,216.6937493487756,1.0,5.976236364365867e-07,95.70207780237607
12,Log (High Het),TwoStage_DL_HKSJ,16,True,0.10825819807208421,100.0,2341.6380462593042,2341.6380462593042,7.843308838725475,9.13951530847771e-07,98.37444612505904
12,Log (High Het),TwoStage_DL_Normal,16,True,0.10825819807208421,91.0,266.4037423812337,265.86392166937543,1.0,9.13951530847771e-07,98.37444612505904
12,Log (High Het),TwoStage_DL_HKSJ,17,True,0.25724669473284245,97.0,1786.4131558989136,1786.323548003386,6.312410580169176,8.214638226462663e-07,97.49037101363395
12,Log (High Het),TwoStage_DL_Normal,17,True,0.25724669473284245,92.0,252.69952642389816,252.0019150823147,1.0,8.214638226462663e-07,97.49037101363395
12,Log (High Het),TwoStage_DL_HKSJ,18,True,0.12957037712525069,96.0,2116.4866627489905,2116.3053484195207,6.99956214125708,9.53747218108558e-07,97.95892833829198
12,Log (High Het),TwoStage_DL_Normal,18,True,0.12957037712525069,90.0,270.29281846401545,269.2442349614768,1.0,9.53747218108558e-07,97.95892833829198
12,Log (High Het),TwoStage_DL_HKSJ,19,True,0.06096002044578411,99.0,1084.4298485488312,1084.4117546114894,5.067499893962706,4.874860043222305e-07,96.10585154932362
12,Log (High Het),TwoStage_DL_Normal,19,True,0.06096002044578411,93.0,190.83191045565778,190.56337034072232,1.0,4.874860043222305e-07,96.10585154932362
12,Log (High Het),TwoStage_DL_HKSJ,20,True,0.2665857187273352,100.0,3738.166843280237,3738.166843280237,9.790544524910498,1.8586438131405328e-06,98.95675501336419
12,Log (High Het),TwoStage_DL_Normal,20,True,0.2665857187273352,92.0,340.44414767286145,340.009296181291,1.0,1.8586438131405328e-06,98.95675501336419
12,Log (High Het),TwoStage_DL_HKSJ,21,True,0.08720210965732321,98.0,1328.6599903567756,1328.6442688511968,5.478595149806767,6.176848331925529e-07,96.66833303493574
12,Log (High Het),TwoStage_DL_Normal,21,True,0.08720210965732321,91.0,216.41250357901822,215.96255995170523,1.0,6.176848331925529e-07,96.66833303493574
12,Log (High Het),TwoStage_DL_HKSJ,22,True,0.07586470066072476,100.0,3092.0271691157272,3092.0271691157272,8.994261198745638,1.2177422032429363e-06,98.76385616052178
12,Log (High Het),TwoStage_DL_Normal,22,True,0.07586470066072476,94.0,306.3793625213203,306.1376631242055,1.0,1.2177422032429363e-06,98.76385616052178
12,Log (High Het),TwoStage_DL_HKSJ,23,True,0.11241586778328413,99.0,1837.7870418138712,1837.7796805961616,6.347600052793596,8.961486583013432e-07,97.51811936852636
12,Log (High Het),TwoStage_DL_Normal,23,True,0.11241586778328413,91.0,258.2792637381938,257.82370636089706,1.0,8.961486583013432e-07,97.51811936852636
12,Log (High Het),TwoStage_DL_HKSJ,24,True,0.07302715616957396,100.0,1889.823732583838,1889.823732583838,6.6021257437533265,8.686223736638814e-07,97.70579397083594
12,Log (High Het),TwoStage_DL_Normal,24,True,0.07302715616957396,92.0,255.28243923524923,254.90389047925078,1.0,8.686223736638814e-07,97.70579397083594
12,Log (High Het),TwoStage_DL_HKSJ,25,True,0.07017730388416617,97.0,1641.7429071144882,1641.630178715377,6.721817595968942,6.665183895009348e-07,97.78676997366873
12,Log (High Het),TwoStage_DL_Normal,25,True,0.07017730388416617,91.0,218.34220686391075,217.4841247146329,1.0,6.665183895009348e-07,97.78676997366873
12,Log (High Het),TwoStage_DL_HKSJ,26,True,0.32807323025052404,100.0,3323.403453060263,3323.403453060263,8.927400345304513,1.4470446821727307e-06,98.74527087771483
12,Log (High Het),TwoStage_DL_Normal,26,True,0.32807323025052404,93.0,331.7237358430549,331.51028957798326,1.0,1.4470446821727307e-06,98.74527087771483
12,Log (High Het),TwoStage_DL_HKSJ,27,True,0.1011563359593435,97.0,1538.7491909625367,1538.6779109667818,5.91985957015986,7.771557405200366e-07,97.14650450773344
12,Log (High Het),TwoStage_DL_Normal,27,True,0.1011563359593435,91.0,232.08602493677773,231.45963906365844,1.0,7.771557405200366e-07,97.14650450773344
12,Log (High Het),TwoStage_DL_HKSJ,28,True,0.15132048041249943,99.0,1919.674607411269,1919.66639776665,6.543179169426674,9.79681638464111e-07,97.66427141984914
12,Log (High Het),TwoStage_DL_Normal,28,True,0.15132048041249943,91.0,261.7278105698044,261.2617956169911,1.0,9.79681638464111e-07,97.66427141984914
12,Log (High Het),TwoStage_DL_HKSJ,29,True,0.05628295428414806,100.0,2554.0964043891145,2554.0964043891145,6.830099569809389,1.438484952045192e-06,97.85638923097522
12,Log (High Het),TwoStage_DL_Normal,29,True,0.05628295428414806,94.0,333.25721355275414,333.0038140792695,1.0,1.438484952045192e-06,97.85638923097522
12,Log (High Het),TwoStage_DL_HKSJ,30,True,0.18420737204775153,99.0,2020.0686314083268,2020.0596132728772,6.621637633834233,1.0248987924809313e-06,97.7192946621039
12,Log (High Het),TwoStage_DL_Normal,30,True,0.18420737204775153,93.0,271.85696407294256,271.667528914338,1.0,1.0248987924809313e-06,97.7192946621039
12,Log (High Het),TwoStage_DL_HKSJ,31,True,0.3531109690228329,94.0,868.1163446388003,867.6939607433372,4.763799873059736,3.756131083704532e-07,95.59350803058838
12,Log (High Het),TwoStage_DL_Normal,31,True,0.3531109690228329,89.0,163.4341897658676,162.20043820911863,1.0,3.756131083704532e-07,95.59350803058838
12,Log (High Het),TwoStage_DL_HKSJ,32,True,0.10627605072415282,97.0,1331.6718394725672,1331.5758981375777,5.470834050588709,6.554380037775098e-07,96.6588735124199
12,Log (High Het),TwoStage_DL_Normal,32,True,0.10627605072415282,90.0,217.4142936498409,216.74612475197267,1.0,6.554380037775098e-07,96.6588735124199
12,Log (High Het),TwoStage_DL_HKSJ,33,True,0.036890865474764556,99.0,1592.3883885092769,1592.374859780038,6.3823942005942875,6.530461625371618e-07,97.54510596111967
12,Log (High Het),TwoStage_DL_Normal,33,True,0.036890865474764556,91.0,222.73462398309027,222.1777912706232,1.0,6.530461625371618e-07,97.54510596111967
12,Log (High Het),TwoStage_DL_HKSJ,34,True,0.1492120761612966,100.0,2468.483381248772,2468.483381248772,7.666811173145913,1.3163015241536071e-06,98.29874088213414
12,Log (High Het),TwoStage_DL_Normal,34,True,0.1492120761612966,94.0,286.9657776186816,286.7176296612153,1.0,1.3163015241536071e-06,98.29874088213414
12,Log (High Het),TwoStage_DL_HKSJ,35,True,0.1396815991637158,97.0,1218.272970373214,1218.2476076237635,5.161177560657241,6.14472871405926e-07,96.24592971676992
12,Log (High Het),TwoStage_DL_Normal,35,True,0.1396815991637158,91.0,210.65116283994587,210.19661784266447,1.0,6.14472871405926e-07,96.24592971676992
12,Log (High Het),TwoStage_DL_HKSJ,36,True,0.05403644443993691,97.0,1847.1753373527756,1847.1193732497425,6.3435583132548,8.592567745603102e-07,97.51495574640785
12,Log (High Het),TwoStage_DL_Normal,36,True,0.05403644443993691,91.0,259.9578837204157,259.29908476885316,1.0,8.592567745603102e-07,97.51495574640785
12,Log (High Het),TwoStage_DL_HKSJ,37,True,0.11888921428812271,96.0,2023.634730120996,2023.392357663244,6.781216217946395,9.073484128060497e-07,97.82537279923595
12,Log (High Het),TwoStage_DL_Normal,37,True,0.11888921428812271,90.0,266.89492762854604,265.71218476356466,1.0,9.073484128060497e-07,97.82537279923595
12,Log (High Het),TwoStage_DL_HKSJ,38,True,0.08229065317828944,96.0,835.5195344320481,835.4004921367017,4.454986290462934,3.7731160432927583e-07,94.96143046777671
12,Log (High Het),TwoStage_DL_Normal,38,True,0.08229065317828944,90.0,167.6040494986875,166.988787702709,1.0,3.7731160432927583e-07,94.96143046777671
12,Log (High Het),TwoStage_DL_HKSJ,39,True,0.08814327910344204,95.0,1070.9292734816304,1070.7569633068588,5.210929748637793,4.469625533262235e-07,96.31727268080543
12,Log (High Het),TwoStage_DL_Normal,39,True,0.08814327910344204,89.0,183.82652361667834,182.98464427869033,1.0,4.469625533262235e-07,96.31727268080543
12,Log (High Het),TwoStage_DL_HKSJ,40,True,0.09395965742735823,99.0,1473.8287592203646,1473.8171836060428,6.119442450168803,6.8295359032816e-07,97.3296001785386
12,Log (High Het),TwoStage_DL_Normal,40,True,0.09395965742735823,91.0,214.96935675532924,214.4720573816546,1.0,6.8295359032816e-07,97.3296001785386
12,Log (High Het),TwoStage_DL_HKSJ,41,True,0.09878047111919253,96.0,918.0440058263671,917.8962322136815,4.702454648525546,3.9191238728823366e-07,95.47778955895294
12,Log (High Het),TwoStage_DL_Normal,41,True,0.09878047111919253,90.0,174.51704318373137,173.8232750541646,1.0,3.9191238728823366e-07,95.47778955895294
12,Log (High Het),TwoStage_DL_HKSJ,42,True,0.3229073030610059,100.0,2083.126168177658,2083.126168177658,6.874425622934308,9.576481858756257e-07,97.88394396043206
12,Log (High Het),TwoStage_DL_Normal,42,True,0.3229073030610059,94.0,270.06566778380466,269.8473229782356,1.0,9.576481858756257e-07,97.88394396043206
12,Log (High Het),TwoStage_DL_HKSJ,43,True,0.7085707847144735,95.0,1110.577621695336,1110.3208273240434,4.509840591733163,6.14346689355478e-07,95.08325576189146
12,Log (High Het),TwoStage_DL_Normal,43,True,0.7085707847144735,91.0,220.11593658202347,219.2432604931908,1.0,6.14346689355478e-07,95.08325576189146
12,Log (High Het),TwoStage_DL_HKSJ,44,True,0.28297624895947404,95.0,966.2978060447682,966.0311983026289,5.223754174711276,4.830911422101776e-07,96.33533283017307
12,Log (High Het),TwoStage_DL_Normal,44,True,0.28297624895947404,90.0,165.61559662842458,164.68247224134328,1.0,4.830911422101776e-07,96.33533283017307
12,Log (High Het),TwoStage_DL_HKSJ,45,True,0.24764243431843988,97.0,1046.8231582972771,1046.7248873326157,5.128256340021526,4.700212276957783e-07,96.19757594470582
12,Log (High Het),TwoStage_DL_Normal,45,True,0.24764243431843988,90.0,182.40595412500272,181.76145124937779,1.0,4.700212276957783e-07,96.19757594470582
12,Log (High Het),TwoStage_DL_HKSJ,46,True,66.0412198008717,100.0,2311.968114479645,2311.968114479645,7.44039750518984,1.0972391363904006e-06,98.19362579429476
12,Log (High Het),TwoStage_DL_Normal,46,True,66.0412198008717,92.0,277.1183016459983,276.70987535781006,1.0,1.0972391363904006e-06,98.19362579429476
12,Log (High Het),TwoStage_DL_HKSJ,47,True,0.10340584627449138,95.0,801.9428935105639,801.7392515079578,4.355769195761225,3.676734538109936e-07,94.72927592168968
12,Log (High Het),TwoStage_DL_Normal,47,True,0.10340584627449138,89.0,164.68099357430918,163.91067699260944,1.0,3.676734538109936e-07,94.72927592168968
12,Log (High Het),TwoStage_DL_HKSJ,48,True,0.20716828342843044,100.0,3156.1869381931583,3156.1869381931583,8.565724769967922,1.4301211122675616e-06,98.63707559402823
12,Log (High Het),TwoStage_DL_Normal,48,True,0.20716828342843044,92.0,328.4289321248023,328.1236692640331,1.0,1.4301211122675616e-06,98.63707559402823
12,Log (High Het),TwoStage_DL_HKSJ,49,True,0.19329979640815087,96.0,1568.1902951971963,1568.0049781465505,5.610494080599087,8.025506162475906e-07,96.8231421466921
12,Log (High Het),TwoStage_DL_Normal,49,True,0.19329979640815087,90.0,249.72979738067653,248.8772994582586,1.0,8.025506162475906e-07,96.8231421466921
12,U-Shaped (Moderate Het),TwoStage_DL_HKSJ,0,True,0.004103117294997717,100.0,632.8970301879009,632.8970301879009,3.882213533520462,2.71269479116248e-07,93.3649964196327
12,U-Shaped (Moderate Het),TwoStage_DL_Normal,0,True,0.004103117294997717,97.0,145.18210514634538,145.17525433297766,1.0,2.71269479116248e-07,93.3649964196327
12,U-Shaped (Moderate Het),TwoStage_DL_HKSJ,1,True,0.04031363292887265,94.0,560.9015063086131,560.7587777473931,3.9486087185374523,2.043887755427142e-07,93.58625336536792
12,U-Shaped (Moderate Het),TwoStage_DL_Normal,1,True,0.04031363292887265,91.0,126.92885111346078,126.46517150935729,1.0,2.043887755427142e-07,93.58625336536792
12,U-Shaped (Moderate Het),TwoStage_DL_HKSJ,2,True,0.006526783243261559,100.0,970.6014913961344,970.6014913961344,5.101059138305207,3.925972150410349e-07,96.15692125722842
12,U-Shaped (Moderate Het),TwoStage_DL_Normal,2,True,0.006526783243261559,96.0,169.45415735522818,169.44140846139427,1.0,3.925972150410349e-07,96.15692125722842
12,U-Shaped (Moderate Het),TwoStage_DL_HKSJ,3,True,0.07240707756832,100.0,836.0909988952087,836.0909988952087,4.458622297935358,3.740209720828254e-07,94.96964502606447
12,U-Shaped (Moderate Het),TwoStage_DL_Normal,3,True,0.07240707756832,99.0,166.99064332031622,166.99052162729603,1.0,3.740209720828254e-07,94.96964502606447
12,U-Shaped (Moderate Het),TwoStage_DL_HKSJ,4,True,0.047493828296868656,100.0,430.13505603675367,430.13505603675367,3.308408449893522,1.7831885250206056e-07,90.86388079941214
12,U-Shaped (Moderate Het),TwoStage_DL_Normal,4,True,0.047493828296868656,94.0,115.8671039886793,115.77763518259935,1.0,1.7831885250206056e-07,90.86388079941214
12,U-Shaped (Moderate Het),TwoStage_DL_HKSJ,5,True,0.21985882786692884,100.0,513.1989784571807,513.1989784571807,3.7425099041635965,2.3080466991553864e-07,92.86039667157203
12,U-Shaped (Moderate Het),TwoStage_DL_Normal,5,True,0.21985882786692884,94.0,122.15568411481814,122.11296654227995,1.0,2.3080466991553864e-07,92.86039667157203
12,U-Shaped (Moderate Het),TwoStage_DL_HKSJ,6,True,0.018358070463628598,96.0,753.0808197159578,753.024874620456,4.311538848243693,3.1861681509858163e-07,94.62058074869364
12,U-Shaped (Moderate Het),TwoStage_DL_Normal,6,True,0.018358070463628598,92.0,155.87450941086888,155.5306460026443,1.0,3.1861681509858163e-07,94.62058074869364
12,U-Shaped (Moderate Het),TwoStage_DL_HKSJ,7,True,0.004092531235264366,100.0,448.92215588212997,448.92215588212997,3.481334502478547,1.7585795115130679e-07,91.74896382041393
12,U-Shaped (Moderate Het),TwoStage_DL_Normal,7,True,0.004092531235264366,94.0,114.93389082460023,114.83234735530691,1.0,1.7585795115130679e-07,91.74896382041393
12,U-Shaped (Moderate Het),TwoStage_DL_HKSJ,8,True,0.003180251027000745,100.0,514.6316532462953,514.6316532462953,3.6131806988960014,2.1470721966331364e-07,92.34014344487898
12,U-Shaped (Moderate Het),TwoStage_DL_Normal,8,True,0.003180251027000745,94.0,126.8994422517251,126.8369441187168,1.0,2.1470721966331364e-07,92.34014344487898
12,U-Shaped (Moderate Het),TwoStage_DL_HKSJ,9,True,0.0636301261533818,100.0,697.498744246932,697.498744246932,4.414985591304745,2.7416428914113e-07,94.86971586267232
12,U-Shaped (Moderate Het),TwoStage_DL_Normal,9,True,0.0636301261533818,97.0,140.69423797643674,140.6867173947741,1.0,2.7416428914113e-07,94.86971586267232
12,U-Shaped (Moderate Het),TwoStage_DL_HKSJ,10,True,0.45116104138137664,100.0,1619.679457346893,1619.679457346893,5.919300342097867,7.91368115699679e-07,97.1459653122064
12,U-Shaped (Moderate Het),TwoStage_DL_Normal,10,True,0.45116104138137664,94.0,243.839518661914,243.66752640932734,1.0,7.91368115699679e-07,97.1459653122064
12,U-Shaped (Moderate Het),TwoStage_DL_HKSJ,11,True,0.02692190627118976,100.0,761.7363848409811,761.7363848409811,4.085160029770955,3.5456169920994176e-07,94.00786137506545
12,U-Shaped (Moderate Het),TwoStage_DL_Normal,11,True,0.02692190627118976,93.0,166.19621582396098,166.04835726058903,1.0,3.5456169920994176e-07,94.00786137506545
12,U-Shaped (Moderate Het),TwoStage_DL_HKSJ,12,True,0.08181322951288678,100.0,762.6728697592678,762.6728697592678,4.617620993737136,2.9470821255528764e-07,95.31010162447231
12,U-Shaped (Moderate Het),TwoStage_DL_Normal,12,True,0.08181322951288678,100.0,147.081811715563,147.081811715563,1.0,2.9470821255528764e-07,95.31010162447231
12,U-Shaped (Moderate Het),TwoStage_DL_HKSJ,13,True,0.0012508126183470884,100.0,813.19889731071,813.19889731071,4.718596840593157,2.9528615121722817e-07,95.50867735429298
12,U-Shaped (Moderate Het),TwoStage_DL_Normal,13,True,0.0012508126183470884,100.0,153.4697782031104,153.4697782031104,1.0,2.9528615121722817e-07,95.50867735429298
12,U-Shaped (Moderate Het),TwoStage_DL_HKSJ,14,True,0.3993316283843768,100.0,873.9750287581509,873.9750287581509,4.84308358858482,3.861781055089997e-07,95.73660010195664
12,U-Shaped (Moderate Het),TwoStage_DL_Normal,14,True,0.3993316283843768,93.0,160.79290923792487,160.7000516520694,1.0,3.861781055089997e-07,95.73660010195664
12,U-Shaped (Moderate Het),TwoStage_DL_HKSJ,15,True,0.011114818158274573,100.0,457.6329062816534,457.6329062816534,3.314553396775712,1.9239177604452418e-07,90.89772483195426
12,U-Shaped (Moderate Het),TwoStage_DL_Normal,15,True,0.011114818158274573,92.0,123.11465130378733,122.95074997852309,1.0,1.9239177604452418e-07,90.89772483195426
12,U-Shaped (Moderate Het),TwoStage_DL_HKSJ,16,True,0.0018809323438855952,100.0,1325.345260397058,1325.345260397058,5.574564717310705,5.795835629442269e-07,96.78205900455634
12,U-Shaped (Moderate Het),TwoStage_DL_Normal,16,True,0.0018809323438855952,100.0,211.71763039200866,211.71763039200866,1.0,5.795835629442269e-07,96.78205900455634
12,U-Shaped (Moderate Het),TwoStage_DL_HKSJ,17,True,0.07201167431836547,100.0,705.2342973159496,705.2342973159496,4.53509512516575,2.4805293258133147e-07,95.1378629293495
12,U-Shaped (Moderate Het),TwoStage_DL_Normal,17,True,0.07201167431836547,95.0,138.53128056496837,138.4796575804006,1.0,2.4805293258133147e-07,95.1378629293495
12,U-Shaped (Moderate Het),TwoStage_DL_HKSJ,18,True,0.018940241112838766,100.0,981.2175512328048,981.2175512328048,5.021586556405227,3.983475835158517e-07,96.03431610075347
12,U-Shaped (Moderate Het),TwoStage_DL_Normal,18,True,0.018940241112838766,93.0,174.18745558798946,174.00563468746873,1.0,3.983475835158517e-07,96.03431610075347
12,U-Shaped (Moderate Het),TwoStage_DL_HKSJ,19,True,0.030768253906230697,100.0,450.24480770401465,450.24480770401465,3.5003878030920075,1.7612329998699952e-07,91.83854338727996
12,U-Shaped (Moderate Het),TwoStage_DL_Normal,19,True,0.030768253906230697,92.0,114.7156128812871,114.54377928985019,1.0,1.7612329998699952e-07,91.83854338727996
12,U-Shaped (Moderate Het),TwoStage_DL_HKSJ,20,True,0.02016708027739877,100.0,2139.886645785734,2139.886645785734,7.2040289279443455,1.1249194013900656e-06,98.07314469132842
12,U-Shaped (Moderate Het),TwoStage_DL_Normal,20,True,0.02016708027739877,98.0,264.5202051448174,264.5174195606384,1.0,1.1249194013900656e-06,98.07314469132842
12,U-Shaped (Moderate Het),TwoStage_DL_HKSJ,21,True,0.0016441061032486126,100.0,692.393725300502,692.393725300502,4.077846991782471,3.0278036853352247e-07,93.98635000859608
12,U-Shaped (Moderate Het),TwoStage_DL_Normal,21,True,0.0016441061032486126,99.0,151.2035665011465,151.20325980131392,1.0,3.0278036853352247e-07,93.98635000859608
12,U-Shaped (Moderate Het),TwoStage_DL_HKSJ,22,True,0.010569644369909982,100.0,1436.5381029641494,1436.5381029641494,6.11306807999903,5.689995695336512e-07,97.32402818372269
12,U-Shaped (Moderate Het),TwoStage_DL_Normal,22,True,0.010569644369909982,93.0,209.4733619003191,209.26513324085576,1.0,5.689995695336512e-07,97.32402818372269
12,U-Shaped (Moderate Het),TwoStage_DL_HKSJ,23,True,0.018826940715392638,100.0,867.8797429444562,867.8797429444562,4.702998963088982,3.6406264766359945e-07,95.47883627938675
12,U-Shaped (Moderate Het),TwoStage_DL_Normal,23,True,0.018826940715392638,97.0,164.34072285772007,164.33256183638346,1.0,3.6406264766359945e-07,95.47883627938675
12,U-Shaped (Moderate Het),TwoStage_DL_HKSJ,24,True,0.006325619219243711,100.0,1017.4276492461602,1017.4276492461602,4.874270476318774,4.618918081132498e-07,95.79098231600585
12,U-Shaped (Moderate Het),TwoStage_DL_Normal,24,True,0.006325619219243711,94.0,185.9475781737265,185.88008734212545,1.0,4.618918081132498e-07,95.79098231600585
12,U-Shaped (Moderate Het),TwoStage_DL_HKSJ,25,True,0.004495624681838371,100.0,906.3459488210044,906.3459488210044,4.724716184873935,4.112145340723855e-07,95.52030393679198
12,U-Shaped (Moderate Het),TwoStage_DL_Normal,25,True,0.004495624681838371,95.0,170.8947855366309,170.82728139737628,1.0,4.112145340723855e-07,95.52030393679198
12,U-Shaped (Moderate Het),TwoStage_DL_HKSJ,26,True,0.06610970553027115,100.0,1553.1620028258385,1553.1620028258385,6.460793561898206,6.034252735863478e-07,97.60432295798591
12,U-Shaped (Moderate Het),TwoStage_DL_Normal,26,True,0.06610970553027115,93.0,214.24086984850754,214.07692096136714,1.0,6.034252735863478e-07,97.60432295798591
12,U-Shaped (Moderate Het),TwoStage_DL_HKSJ,27,True,0.003692549756907453,100.0,844.4474824912947,844.4474824912947,4.777059780513136,3.594627049408098e-07,95.61793668980661
12,U-Shaped (Moderate Het),TwoStage_DL_Normal,27,True,0.003692549756907453,100.0,157.41674433781662,157.41674433781662,1.0,3.594627049408098e-07,95.61793668980661
12,U-Shaped (Moderate Het),TwoStage_DL_HKSJ,28,True,0.06040105343002667,100.0,875.2319497193295,875.2319497193295,4.741614992735534,3.8779266166426746e-07,95.5521777289538
12,U-Shaped (Moderate Het),TwoStage_DL_Normal,28,True,0.06040105343002667,100.0,164.37502520191236,164.37502520191236,1.0,3.8779266166426746e-07,95.5521777289538
12,U-Shaped (Moderate Het),TwoStage_DL_HKSJ,29,True,0.04620875236938681,100.0,854.247242042365,854.247242042365,4.444707601854456,3.7997827321478985e-07,94.93809945223343
12,U-Shaped (Moderate Het),TwoStage_DL_Normal,29,True,0.04620875236938681,93.0,171.28162572682595,171.15096274394458,1.0,3.7997827321478985e-07,94.93809945223343
12,U-Shaped (Moderate Het),TwoStage_DL_HKSJ,30,True,0.018313607040041008,100.0,826.8316502217807,826.8316502217807,4.602651814727651,3.553818402917136e-07,95.27954615641879
12,U-Shaped (Moderate Het),TwoStage_DL_Normal,30,True,0.018313607040041008,93.0,160.1467410447578,159.97345603285504,1.0,3.553818402917136e-07,95.27954615641879
12,U-Shaped (Moderate Het),TwoStage_DL_HKSJ,31,True,0.041328433692609134,95.0,417.48054527466877,417.4442780706865,3.3368869322048362,1.7718266562879553e-07,91.01915879126884
12,U-Shaped (Moderate Het),TwoStage_DL_Normal,31,True,0.041328433692609134,92.0,111.6231110682364,111.40276711415923,1.0,1.7718266562879553e-07,91.01915879126884
12,U-Shaped (Moderate Het),TwoStage_DL_HKSJ,32,True,0.005083444392943588,100.0,462.5301995144896,462.5301995144896,3.3159060357657233,2.1526517992166428e-07,90.90514939764212
12,U-Shaped (Moderate Het),TwoStage_DL_Normal,32,True,0.005083444392943588,100.0,124.21579854809146,124.21579854809146,1.0,2.1526517992166428e-07,90.90514939764212
12,U-Shaped (Moderate Het),TwoStage_DL_HKSJ,33,True,0.00993904238334284,100.0,739.979276585043,739.979276585043,4.231787607872663,3.20779827370344e-07,94.41591172583239
12,U-Shaped (Moderate Het),TwoStage_DL_Normal,33,True,0.00993904238334284,99.0,155.71664668834742,155.71650652343916,1.0,3.20779827370344e-07,94.41591172583239
12,U-Shaped (Moderate Het),TwoStage_DL_HKSJ,34,True,0.06816639086001058,100.0,1248.4048005795507,1248.4048005795507,6.1105611527148955,5.299910859972299e-07,97.32183203750876
12,U-Shaped (Moderate Het),TwoStage_DL_Normal,34,True,0.06816639086001058,94.0,182.04003445498228,181.9337588008119,1.0,5.299910859972299e-07,97.32183203750876
12,U-Shaped (Moderate Het),TwoStage_DL_HKSJ,35,True,0.012352197257403759,100.0,438.00869834323066,438.00869834323066,3.3980642469350344,1.8324023497079147e-07,91.3396223922717
12,U-Shaped (Moderate Het),TwoStage_DL_Normal,35,True,0.012352197257403759,94.0,114.82905396394906,114.7863130108006,1.0,1.8324023497079147e-07,91.3396223922717
12,U-Shaped (Moderate Het),TwoStage_DL_HKSJ,36,True,0.0040266192619770914,100.0,875.9062837573455,875.9062837573455,4.47684767286276,3.8794056098793644e-07,95.0105190945778
12,U-Shaped (Moderate Het),TwoStage_DL_Normal,36,True,0.0040266192619770914,96.0,174.25081647921783,174.23053951042922,1.0,3.8794056098793644e-07,95.0105190945778
12,U-Shaped (Moderate Het),TwoStage_DL_HKSJ,37,True,0.0134483613091452,100.0,828.6685245365626,828.6685245365626,4.569964253389922,3.3508817570894944e-07,95.21177671803923
12,U-Shaped (Moderate Het),TwoStage_DL_Normal,37,True,0.0134483613091452,93.0,161.70119320247468,161.4756335796262,1.0,3.3508817570894944e-07,95.21177671803923
12,U-Shaped (Moderate Het),TwoStage_DL_HKSJ,38,True,0.0006733622336907333,100.0,410.5584971372962,410.5584971372962,3.268212497897892,1.69326601001083e-07,90.63776739195262
12,U-Shaped (Moderate Het),TwoStage_DL_Normal,38,True,0.0006733622336907333,100.0,111.8674440676586,111.8674440676586,1.0,1.69326601001083e-07,90.63776739195262
12,U-Shaped (Moderate Het),TwoStage_DL_HKSJ,39,True,0.04899414030925873,100.0,510.5210044259426,510.5210044259426,3.820067428587213,1.8905870062830122e-07,93.14735959808218
12,U-Shaped (Moderate Het),TwoStage_DL_Normal,39,True,0.04899414030925873,95.0,119.03281877393772,119.00947606230025,1.0,1.8905870062830122e-07,93.14735959808218
12,U-Shaped (Moderate Het),TwoStage_DL_HKSJ,40,True,0.024094438967691745,100.0,566.127241289506,566.127241289506,4.049288277834944,2.3013827229363774e-07,93.90122505468848
12,U-Shaped (Moderate Het),TwoStage_DL_Normal,40,True,0.024094438967691745,100.0,124.50142257380374,124.50142257380374,1.0,2.3013827229363774e-07,93.90122505468848
12,U-Shaped (Moderate Het),TwoStage_DL_HKSJ,41,True,0.0012954918248239045,100.0,562.7835098890594,562.7835098890594,3.7377801136799444,2.3318565304173415e-07,92.8423163177762
12,U-Shaped (Moderate Het),TwoStage_DL_Normal,41,True,0.0012954918248239045,100.0,134.0807935295795,134.0807935295795,1.0,2.3318565304173415e-07,92.8423163177762
12,U-Shaped (Moderate Het),TwoStage_DL_HKSJ,42,True,0.019141921206319003,100.0,823.6477933665183,823.6477933665183,4.563075853983621,3.397889239562365e-07,95.19730924429471
12,U-Shaped (Moderate Het),TwoStage_DL_Normal,42,True,0.019141921206319003,93.0,160.86442451871363,160.73957212203865,1.0,3.397889239562365e-07,95.19730924429471
12,U-Shaped (Moderate Het),TwoStage_DL_HKSJ,43,True,0.231537972930972,100.0,429.20664184708255,429.20664184708255,3.308706414038132,1.7054675916471143e-07,90.86552622395402
12,U-Shaped (Moderate Het),TwoStage_DL_Normal,43,True,0.231537972930972,93.0,115.65060321222342,115.5173340577116,1.0,1.7054675916471143e-07,90.86552622395402
12,U-Shaped (Moderate Het),TwoStage_DL_HKSJ,44,True,0.004647356399424242,100.0,574.5739833233075,574.5739833233075,3.9477738004211798,2.9922306674999215e-07,93.5835401807778
12,U-Shaped (Moderate Het),TwoStage_DL_Normal,44,True,0.004647356399424242,93.0,129.75365958542278,129.60825209938798,1.0,2.9922306674999215e-07,93.5835401807778
12,U-Shaped (Moderate Het),TwoStage_DL_HKSJ,45,True,0.14281873681537888,100.0,502.5169403732466,502.5169403732466,3.697881808668069,2.0834345811784827e-07,92.68702737580094
12,U-Shaped (Moderate Het),TwoStage_DL_Normal,45,True,0.14281873681537888,96.0,121.03024003540759,121.01428458480257,1.0,2.0834345811784827e-07,92.68702737580094
12,U-Shaped (Moderate Het),TwoStage_DL_HKSJ,46,True,128.09087807687902,100.0,1104.2991629193616,1104.2991629193616,5.1599433885069885,5.204283004952309e-07,96.2441336803668
12,U-Shaped (Moderate Het),TwoStage_DL_Normal,46,True,128.09087807687902,100.0,190.58150977555243,190.58150977555243,1.0,5.204283004952309e-07,96.2441336803668
12,U-Shaped (Moderate Het),TwoStage_DL_HKSJ,47,True,0.10506410904924574,100.0,290.97788376269887,290.97788376269887,2.8097798616789103,1.1638248966914707e-07,87.33353553662003
12,U-Shaped (Moderate Het),TwoStage_DL_Normal,47,True,0.10506410904924574,99.0,92.22101090320137,92.2203237411766,1.0,1.1638248966914707e-07,87.33353553662003
12,U-Shaped (Moderate Het),TwoStage_DL_HKSJ,48,True,0.00213877676195199,100.0,1302.9527326431535,1302.9527326431535,5.704574801041205,5.495183536438614e-07,96.92706452117409
12,U-Shaped (Moderate Het),TwoStage_DL_Normal,48,True,0.00213877676195199,95.0,203.42804005492732,203.3969043828605,1.0,5.495183536438614e-07,96.92706452117409
12,U-Shaped (Moderate Het),TwoStage_DL_HKSJ,49,True,0.007618555147635201,100.0,819.4441017326551,819.4441017326551,4.3898781402515,3.5802115581082116e-07,94.81086379127656
12,U-Shaped (Moderate Het),TwoStage_DL_Normal,49,True,0.007618555147635201,94.0,166.33797492497732,166.2286300968677,1.0,3.5802115581082116e-07,94.81086379127656
15,Quadratic (Moderate Het),TwoStage_DL_HKSJ,0,True,0.009526997518784847,100.0,988.7483737956868,988.7483737956868,5.295796281965674,5.089544022138263e-07,96.43436027778034
15,Quadratic (Moderate Het),TwoStage_DL_Normal,0,True,0.009526997518784847,94.0,170.72143875025438,170.61864074312697,1.0,5.089544022138263e-07,96.43436027778034
15,Quadratic (Moderate Het),TwoStage_DL_HKSJ,1,True,0.019775947495466736,100.0,1401.2092667049722,1401.2092667049722,6.406460713097532,7.023530380976951e-07,97.56351542911183
15,Quadratic (Moderate Het),TwoStage_DL_Normal,1,True,0.019775947495466736,95.0,199.8926379082439,199.87422807533883,1.0,7.023530380976951e-07,97.56351542911183
15,Quadratic (Moderate Het),TwoStage_DL_HKSJ,2,True,0.018943147751432653,100.0,713.3783012514799,713.3783012514799,4.655822371237679,3.365630424692368e-07,95.3867478325765
15,Quadratic (Moderate Het),TwoStage_DL_Normal,2,True,0.018943147751432653,99.0,140.0221598516485,140.02173622453589,1.0,3.365630424692368e-07,95.3867478325765
15,Quadratic (Moderate Het),TwoStage_DL_HKSJ,3,True,0.004823623078462702,100.0,528.130580480388,528.130580480388,3.741188384501113,2.800085601859708e-07,92.85535186140982
15,Quadratic (Moderate Het),TwoStage_DL_Normal,3,True,0.004823623078462702,94.0,129.1105193577373,129.00415663567938,1.0,2.800085601859708e-07,92.85535186140982
15,Quadratic (Moderate Het),TwoStage_DL_HKSJ,4,True,0.019541113371984945,100.0,621.5690108082956,621.5690108082956,4.239591640452709,2.860388361339675e-07,94.43645063713126
15,Quadratic (Moderate Het),TwoStage_DL_Normal,4,True,0.019541113371984945,100.0,133.97917300122464,133.97917300122464,1.0,2.860388361339675e-07,94.43645063713126
15,Quadratic (Moderate Het),TwoStage_DL_HKSJ,5,True,0.011612672298153081,100.0,461.3263015955821,461.3263015955821,3.475466904641335,2.3555802985169785e-07,91.72108000991054
15,Quadratic (Moderate Het),TwoStage_DL_Normal,5,True,0.011612672298153081,94.0,121.35429231486019,121.3017382655165,1.0,2.3555802985169785e-07,91.72108000991054
15,Quadratic (Moderate Het),TwoStage_DL_HKSJ,6,True,0.004576325851932547,100.0,647.4820370832515,647.4820370832515,4.3757007053200825,3.1167354623034795e-07,94.77718332339525
15,Quadratic (Moderate Het),TwoStage_DL_Normal,6,True,0.004576325851932547,100.0,135.22347159751166,135.22347159751166,1.0,3.1167354623034795e-07,94.77718332339525
15,Quadratic (Moderate Het),TwoStage_DL_HKSJ,7,True,0.0003870687718263563,100.0,675.1273202706392,675.1273202706392,4.384794070463892,3.147732455299405e-07,94.7988234423685
15,Quadratic (Moderate Het),TwoStage_DL_Normal,7,True,0.0003870687718263563,100.0,140.70464896421794,140.70464896421794,1.0,3.147732455299405e-07,94.7988234423685
15,Quadratic (Moderate Het),TwoStage_DL_HKSJ,8,True,0.2827799481023666,95.0,539.5194224005064,539.4717409843947,3.99641663947605,2.664682779662312e-07,93.73878693294017
15,Quadratic (Moderate Het),TwoStage_DL_Normal,8,True,0.2827799481023666,92.0,123.64229122599609,123.35873507510469,1.0,2.664682779662312e-07,93.73878693294017
15,Quadratic (Moderate Het),TwoStage_DL_HKSJ,9,True,0.010672009159605433,97.0,528.1256173735358,528.1166827374029,3.841376738291657,2.554933323255425e-07,93.22317617293307
15,Quadratic (Moderate Het),TwoStage_DL_Normal,9,True,0.010672009159605433,92.0,125.84828728649637,125.63624577115688,1.0,2.554933323255425e-07,93.22317617293307
15,Quadratic (Moderate Het),TwoStage_DL_HKSJ,10,True,0.018173834793008686,100.0,488.1480601087062,488.1480601087062,3.7070042466164446,2.4020207359611457e-07,92.72297556995302
15,Quadratic (Moderate Het),TwoStage_DL_Normal,10,True,0.018173834793008686,93.0,120.45755392696582,120.33735184771209,1.0,2.4020207359611457e-07,92.72297556995302
15,Quadratic (Moderate Het),TwoStage_DL_HKSJ,11,True,0.005057635548444394,100.0,1025.3280670246809,1025.3280670246809,5.620240010049651,4.823914672917051e-07,96.83415042665953
15,Quadratic (Moderate Het),TwoStage_DL_Normal,11,True,0.005057635548444394,96.0,166.71929648465706,166.71702403776982,1.0,4.823914672917051e-07,96.83415042665953
15,Quadratic (Moderate Het),TwoStage_DL_HKSJ,12,True,0.010805690224289741,100.0,1095.359788148827,1095.359788148827,5.522332635713069,5.495392494908455e-07,96.7208983881074
15,Quadratic (Moderate Het),TwoStage_DL_Normal,12,True,0.010805690224289741,94.0,181.32077048284762,181.26176173726873,1.0,5.495392494908455e-07,96.7208983881074
15,Quadratic (Moderate Het),TwoStage_DL_HKSJ,13,True,0.009594365368434625,100.0,449.7730755604073,449.7730755604073,3.5470299771352405,2.3731427750050439e-07,92.05177262850243
15,Quadratic (Moderate Het),TwoStage_DL_Normal,13,True,0.009594365368434625,93.0,116.02544290160135,115.87788532279805,1.0,2.3731427750050439e-07,92.05177262850243
15,Quadratic (Moderate Het),TwoStage_DL_HKSJ,14,True,0.03323617785295158,97.0,1039.3494421392074,1039.3425246874783,5.098470327688907,5.892227451282879e-07,96.15301752600203
15,Quadratic (Moderate Het),TwoStage_DL_Normal,14,True,0.03323617785295158,93.0,186.55819527311257,186.29052498927726,1.0,5.892227451282879e-07,96.15301752600203
15,Quadratic (Moderate Het),TwoStage_DL_HKSJ,15,True,0.012600480971804934,100.0,994.441256733882,994.441256733882,5.250529511907836,4.980185592604316e-07,96.37261383513206
15,Quadratic (Moderate Het),TwoStage_DL_Normal,15,True,0.012600480971804934,97.0,173.08527909451013,173.0804420682425,1.0,4.980185592604316e-07,96.37261383513206
15,Quadratic (Moderate Het),TwoStage_DL_HKSJ,16,True,0.012260197421970093,100.0,1166.8988381936763,1166.8988381936763,6.018909277243824,5.389239099108534e-07,97.23964839000118
15,Quadratic (Moderate Het),TwoStage_DL_Normal,16,True,0.012260197421970093,95.0,177.1999205043547,177.16885404006305,1.0,5.389239099108534e-07,97.23964839000118
15,Quadratic (Moderate Het),TwoStage_DL_HKSJ,17,True,0.009843121931192342,100.0,482.2522927550093,482.2522927550093,3.979599984151015,2.0517551675836173e-07,93.68575892465992
15,Quadratic (Moderate Het),TwoStage_DL_Normal,17,True,0.009843121931192342,100.0,110.74059344800786,110.74059344800786,1.0,2.0517551675836173e-07,93.68575892465992
15,Quadratic (Moderate Het),TwoStage_DL_HKSJ,18,True,0.006901006831885187,100.0,534.8979637416458,534.8979637416458,4.069104345844953,2.427193244300023e-07,93.960481076149
15,Quadratic (Moderate Het),TwoStage_DL_Normal,18,True,0.006901006831885187,100.0,120.12795494874685,120.12795494874685,1.0,2.427193244300023e-07,93.960481076149
15,Quadratic (Moderate Het),TwoStage_DL_HKSJ,19,True,0.005297002831639626,100.0,1299.2951386078175,1299.2951386078175,5.811245436794547,7.522924439184476e-07,97.03884211735286
15,Quadratic (Moderate Het),TwoStage_DL_Normal,19,True,0.005297002831639626,95.0,204.3600126225701,204.31985008323375,1.0,7.522924439184476e-07,97.03884211735286
15,Quadratic (Moderate Het),TwoStage_DL_HKSJ,20,True,0.05193831400946638,100.0,755.4245123463745,755.4245123463745,4.523973168852356,4.0752325670018697e-07,95.11392691284719
15,Quadratic (Moderate Het),TwoStage_DL_Normal,20,True,0.05193831400946638,94.0,152.67591802860792,152.59595386518995,1.0,4.0752325670018697e-07,95.11392691284719
15,Quadratic (Moderate Het),TwoStage_DL_HKSJ,21,True,0.002768749470801565,100.0,589.4127510033162,589.4127510033162,4.26296312986445,2.9230480842588257e-07,94.4972871931929
15,Quadratic (Moderate Het),TwoStage_DL_Normal,21,True,0.002768749470801565,95.0,126.36541140310321,126.35135867804796,1.0,2.9230480842588257e-07,94.4972871931929
15,Quadratic (Moderate Het),TwoStage_DL_HKSJ,22,True,0.005201869348605397,95.0,500.34203705398295,500.31313737836973,3.7305404283704373,2.9406921326829646e-07,92.81450819714534
15,Quadratic (Moderate Het),TwoStage_DL_Normal,22,True,0.005201869348605397,92.0,122.78937133794332,122.55812889509806,1.0,2.9406921326829646e-07,92.81450819714534
15,Quadratic (Moderate Het),TwoStage_DL_HKSJ,23,True,0.010114001448641361,100.0,480.97703986165544,480.97703986165544,3.6741289752455795,2.7284358094608865e-07,92.59216662940989
15,Quadratic (Moderate Het),TwoStage_DL_Normal,23,True,0.010114001448641361,93.0,119.78464471600515,119.63049880722177,1.0,2.7284358094608865e-07,92.59216662940989
15,Quadratic (Moderate Het),TwoStage_DL_HKSJ,24,True,0.013587319599147621,100.0,1809.1459396058647,1809.1459396058647,7.318927131148606,8.78242677004979e-07,98.13316835747555
15,Quadratic (Moderate Het),TwoStage_DL_Normal,24,True,0.013587319599147621,95.0,225.91153499815988,225.89059245644825,1.0,8.78242677004979e-07,98.13316835747555
15,Quadratic (Moderate Het),TwoStage_DL_HKSJ,25,True,0.004594951109122833,100.0,475.35708320632114,475.35708320632114,3.620340721630206,2.526448173451488e-07,92.37041159779213
15,Quadratic (Moderate Het),TwoStage_DL_Normal,25,True,0.004594951109122833,93.0,120.12450303340947,119.98929186258594,1.0,2.526448173451488e-07,92.37041159779213
15,Quadratic (Moderate Het),TwoStage_DL_HKSJ,26,True,0.2754114045348616,100.0,794.6890544769785,794.6890544769785,4.496715433061351,4.2544847245492187e-07,95.05451156857444
15,Quadratic (Moderate Het),TwoStage_DL_Normal,26,True,0.2754114045348616,98.0,161.50208074770327,161.50047069810546,1.0,4.2544847245492187e-07,95.05451156857444
15,Quadratic (Moderate Het),TwoStage_DL_HKSJ,27,True,0.002327222590343653,100.0,1097.0957517477984,1097.0957517477984,5.369065517140594,6.117476556128024e-07,96.53101363469032
15,Quadratic (Moderate Het),TwoStage_DL_Normal,27,True,0.002327222590343653,100.0,186.73159021919184,186.73159021919184,1.0,6.117476556128024e-07,96.53101363469032
15,Quadratic (Moderate Het),TwoStage_DL_HKSJ,28,True,0.03787908013557744,96.0,773.1688330853748,773.1588898677139,4.822607737476392,3.887697240260441e-07,95.70032011869758
15,Quadratic (Moderate Het),TwoStage_DL_Normal,28,True,0.03787908013557744,92.0,146.7642529573702,146.50713684933112,1.0,3.887697240260441e-07,95.70032011869758
15,Quadratic (Moderate Het),TwoStage_DL_HKSJ,29,True,0.01058016988910431,100.0,748.6719009186047,748.6719009186047,4.586374034112557,4.24593337338021e-07,95.24597939207356
15,Quadratic (Moderate Het),TwoStage_DL_Normal,29,True,0.01058016988910431,94.0,149.23268984721804,149.17430716280828,1.0,4.24593337338021e-07,95.24597939207356
15,Quadratic (Moderate Het),TwoStage_DL_HKSJ,30,True,0.0035654424624252516,100.0,824.6824429470137,824.6824429470137,4.81535679352169,4.25829578583131e-07,95.68736148984388
15,Quadratic (Moderate Het),TwoStage_DL_Normal,30,True,0.0035654424624252516,100.0,156.50573014740692,156.50573014740692,1.0,4.25829578583131e-07,95.68736148984388
15,Quadratic (Moderate Het),TwoStage_DL_HKSJ,31,True,0.0724877443486435,100.0,995.8686708024397,995.8686708024397,5.494215673237818,4.6973438754954713e-07,96.68725053090581
15,Quadratic (Moderate Het),TwoStage_DL_Normal,31,True,0.0724877443486435,96.0,165.64803114569222,165.64118640837148,1.0,4.6973438754954713e-07,96.68725053090581
15,Quadratic (Moderate Het),TwoStage_DL_HKSJ,32,True,0.007138056106276842,100.0,508.72996711640883,508.72996711640883,3.667004838042939,2.65846140920144e-07,92.56335527635729
15,Quadratic (Moderate Het),TwoStage_DL_Normal,32,True,0.007138056106276842,93.0,126.86564512295509,126.77914069005324,1.0,2.65846140920144e-07,92.56335527635729
15,Quadratic (Moderate Het),TwoStage_DL_HKSJ,33,True,0.06746797557943372,100.0,1380.0358594694878,1380.0358594694878,6.31098272726059,8.703760897076624e-07,97.48923528356764
15,Quadratic (Moderate Het),TwoStage_DL_Normal,33,True,0.06746797557943372,94.0,199.94902919181393,199.83214302256897,1.0,8.703760897076624e-07,97.48923528356764
15,Quadratic (Moderate Het),TwoStage_DL_HKSJ,34,True,0.0031315092183322336,100.0,343.7201910016039,343.7201910016039,2.931437439742128,1.8220801416008746e-07,88.3630614912529
15,Quadratic (Moderate Het),TwoStage_DL_Normal,34,True,0.0031315092183322336,100.0,107.15103740122204,107.15103740122204,1.0,1.8220801416008746e-07,88.3630614912529
15,Quadratic (Moderate Het),TwoStage_DL_HKSJ,35,True,0.043291081317429966,100.0,887.3675019198221,887.3675019198221,5.107224404314657,4.073630378359141e-07,96.16619412241616
15,Quadratic (Moderate Het),TwoStage_DL_Normal,35,True,0.043291081317429966,100.0,158.7780795770776,158.7780795770776,1.0,4.073630378359141e-07,96.16619412241616
15,Quadratic (Moderate Het),TwoStage_DL_HKSJ,36,True,0.007250429308439161,100.0,846.1833139183224,846.1833139183224,4.754777870267716,4.420613443237058e-07,95.57676987748454
15,Quadratic (Moderate Het),TwoStage_DL_Normal,36,True,0.007250429308439161,94.0,162.68628547850753,162.63207019330292,1.0,4.420613443237058e-07,95.57676987748454
15,Quadratic (Moderate Het),TwoStage_DL_HKSJ,37,True,0.010658514810102306,100.0,1119.1057053033587,1119.1057053033587,6.014048837888012,5.440928384375471e-07,97.23518486020583
15,Quadratic (Moderate Het),TwoStage_DL_Normal,37,True,0.010658514810102306,93.0,170.2475712690717,170.0497998924866,1.0,5.440928384375471e-07,97.23518486020583
15,Quadratic (Moderate Het),TwoStage_DL_HKSJ,38,True,0.00909777598385157,100.0,780.630421300059,780.630421300059,4.661114481177955,4.219973018464649e-07,95.39721742234003
15,Quadratic (Moderate Het),TwoStage_DL_Normal,38,True,0.00909777598385157,95.0,153.0772623842667,153.04800327523458,1.0,4.219973018464649e-07,95.39721742234003
15,Quadratic (Moderate Het),TwoStage_DL_HKSJ,39,True,0.005788309926072259,100.0,697.5613316666849,697.5613316666849,4.7040687638049965,3.037209208001584e-07,95.48089245434569
15,Quadratic (Moderate Het),TwoStage_DL_Normal,39,True,0.005788309926072259,94.0,135.56502965590045,135.51291966960542,1.0,3.037209208001584e-07,95.48089245434569
15,Quadratic (Moderate Het),TwoStage_DL_HKSJ,40,True,1.1627786815290109,97.0,921.0762421385162,921.0702701967219,5.097972434308739,4.596007222162473e-07,96.15226605836848
15,Quadratic (Moderate Het),TwoStage_DL_Normal,40,True,1.1627786815290109,92.0,165.38525375664307,165.1076696268484,1.0,4.596007222162473e-07,96.15226605836848
15,Quadratic (Moderate Het),TwoStage_DL_HKSJ,41,True,0.0684939884737031,100.0,827.2933385046312,827.2933385046312,5.029658765274,3.655046145716883e-07,96.04703511092674
15,Quadratic (Moderate Het),TwoStage_DL_Normal,41,True,0.0684939884737031,94.0,150.39670446017274,150.3117640518885,1.0,3.655046145716883e-07,96.04703511092674
15,Quadratic (Moderate Het),TwoStage_DL_HKSJ,42,True,0.005071971727895058,100.0,474.70624667120103,474.70624667120103,3.736139673433873,2.1313893471401583e-07,92.83602943818703
15,Quadratic (Moderate Het),TwoStage_DL_Normal,42,True,0.005071971727895058,100.0,116.1111185556212,116.1111185556212,1.0,2.1313893471401583e-07,92.83602943818703
15,Quadratic (Moderate Het),TwoStage_DL_HKSJ,43,True,0.18540648466574194,96.0,1311.0435157170314,1311.022764153507,6.105087469877702,7.044541399658847e-07,97.31702751546212
15,Quadratic (Moderate Het),TwoStage_DL_Normal,43,True,0.18540648466574194,92.0,196.574267227346,196.24125291476298,1.0,7.044541399658847e-07,97.31702751546212
15,Quadratic (Moderate Het),TwoStage_DL_HKSJ,44,True,0.010198517621941834,100.0,909.2479823946986,909.2479823946986,4.998686561265596,4.545483940273407e-07,95.9978976696766
15,Quadratic (Moderate Het),TwoStage_DL_Normal,44,True,0.010198517621941834,94.0,166.30588160642182,166.22579030533953,1.0,4.545483940273407e-07,95.9978976696766
15,Quadratic (Moderate Het),TwoStage_DL_HKSJ,45,True,0.11116851446908932,100.0,557.5665609513521,557.5665609513521,3.917444171758244,2.8943729717970785e-07,93.48380056219594
15,Quadratic (Moderate Het),TwoStage_DL_Normal,45,True,0.11116851446908932,100.0,130.06662457298995,130.06662457298995,1.0,2.8943729717970785e-07,93.48380056219594
15,Quadratic (Moderate Het),TwoStage_DL_HKSJ,46,True,0.012865664474118575,100.0,761.2658351236767,761.2658351236767,4.779362659957933,4.2895756136280834e-07,95.62215856332344
15,Quadratic (Moderate Het),TwoStage_DL_Normal,46,True,0.012865664474118575,100.0,145.55875061487927,145.55875061487927,1.0,4.2895756136280834e-07,95.62215856332344
15,Quadratic (Moderate Het),TwoStage_DL_HKSJ,47,True,2.6362825972477903,100.0,968.9188058139381,968.9188058139381,5.3338984428983425,5.080890208290926e-07,96.48511989909878
15,Quadratic (Moderate Het),TwoStage_DL_Normal,47,True,2.6362825972477903,94.0,166.11448838146396,166.0024923911802,1.0,5.080890208290926e-07,96.48511989909878
15,Quadratic (Moderate Het),TwoStage_DL_HKSJ,48,True,0.0012797470751115534,100.0,529.9150231042072,529.9150231042072,3.9023554320985516,2.4710147544020296e-07,93.43331242922584
15,Quadratic (Moderate Het),TwoStage_DL_Normal,48,True,0.0012797470751115534,98.0,124.0963812839063,124.09416891873794,1.0,2.4710147544020296e-07,93.43331242922584
15,Quadratic (Moderate Het),TwoStage_DL_HKSJ,49,True,0.010275173959712723,100.0,1280.4237955773328,1280.4237955773328,6.114443570260066,6.725843146547482e-07,97.32523200844392
15,Quadratic (Moderate Het),TwoStage_DL_Normal,49,True,0.010275173959712723,95.0,191.39576482626043,191.36775461599854,1.0,6.725843146547482e-07,97.32523200844392
15,Log (High Het),TwoStage_DL_HKSJ,0,True,0.10547818386574884,100.0,2296.8250200295142,2296.8250200295142,7.672427416891665,1.3084725130774793e-06,98.30123062581755
15,Log (High Het),TwoStage_DL_Normal,0,True,0.10547818386574884,93.0,273.8229793620603,273.569129025836,1.0,1.3084725130774793e-06,98.30123062581755
15,Log (High Het),TwoStage_DL_HKSJ,1,True,0.49378586287237825,98.0,3010.6278018522753,3010.6170274987903,9.249225988898816,1.5555691850105675e-06,98.83106807917089
15,Log (High Het),TwoStage_DL_Normal,1,True,0.49378586287237825,92.0,298.085197108733,297.4555583448498,1.0,1.5555691850105675e-06,98.83106807917089
15,Log (High Het),TwoStage_DL_HKSJ,2,True,0.043101784127877,97.0,1432.4532095873699,1432.394978163512,6.30965900004775,7.388191688012934e-07,97.4881816874186
15,Log (High Het),TwoStage_DL_Normal,2,True,0.043101784127877,91.0,208.0344034588947,207.4573694920982,1.0,7.388191688012934e-07,97.4881816874186
15,Log (High Het),TwoStage_DL_HKSJ,3,True,0.09097153037796499,99.0,1309.0125514055392,1308.9993863102745,5.3776686371348905,8.325416099899429e-07,96.54210402938634
15,Log (High Het),TwoStage_DL_Normal,3,True,0.09097153037796499,93.0,222.75903648183694,222.44229677925185,1.0,8.325416099899429e-07,96.54210402938634
15,Log (High Het),TwoStage_DL_HKSJ,4,True,0.10717758576288636,97.0,1410.580331846165,1410.501724684449,6.14918387875086,7.001849327916707e-07,97.35536926928788
15,Log (High Het),TwoStage_DL_Normal,4,True,0.10717758576288636,90.0,210.26662111805322,209.6177753306217,1.0,7.001849327916707e-07,97.35536926928788
15,Log (High Het),TwoStage_DL_HKSJ,5,True,0.1286109741874204,95.0,1317.0912877127748,1316.9104730952922,5.584697245727668,7.434112669738102e-07,96.79372527690914
15,Log (High Het),TwoStage_DL_Normal,5,True,0.1286109741874204,91.0,216.32125546673188,215.49072537986714,1.0,7.434112669738102e-07,96.79372527690914
15,Log (High Het),TwoStage_DL_HKSJ,6,True,0.09382992097518486,97.0,1156.9201981444735,1156.8268361173139,5.715068486999411,5.832274586122864e-07,96.93833886213098
15,Log (High Het),TwoStage_DL_Normal,6,True,0.09382992097518486,90.0,185.6227395070999,184.97748978062552,1.0,5.832274586122864e-07,96.93833886213098
15,Log (High Het),TwoStage_DL_HKSJ,7,True,0.08683422653043255,97.0,1614.3427925614699,1614.2991885065055,6.599815670658052,7.94392814883218e-07,97.70418764987036
15,Log (High Het),TwoStage_DL_Normal,7,True,0.08683422653043255,91.0,224.10931468591974,223.52401423396023,1.0,7.94392814883218e-07,97.70418764987036
15,Log (High Het),TwoStage_DL_HKSJ,8,True,0.8863832910097809,95.0,1251.3380294411004,1250.9714548513714,5.594122014009206,7.312870122706202e-07,96.80451980045457
15,Log (High Het),TwoStage_DL_Normal,8,True,0.8863832910097809,89.0,205.51214798646993,204.35601782917962,1.0,7.312870122706202e-07,96.80451980045457
15,Log (High Het),TwoStage_DL_HKSJ,9,True,0.10709141233231965,95.0,1000.3797419160517,999.9996820818907,4.959060563679246,5.49667672750109e-07,95.93368353027799
15,Log (High Het),TwoStage_DL_Normal,9,True,0.10709141233231965,89.0,185.42542104389722,184.27754405829378,1.0,5.49667672750109e-07,95.93368353027799
15,Log (High Het),TwoStage_DL_HKSJ,10,True,0.05907200468420536,96.0,1455.7193303713732,1455.5628216273942,5.917485703150634,8.38138101420408e-07,97.14421462387149
15,Log (High Het),TwoStage_DL_Normal,10,True,0.05907200468420536,91.0,225.56834808388874,224.78415921786313,1.0,8.38138101420408e-07,97.14421462387149
15,Log (High Het),TwoStage_DL_HKSJ,11,True,0.12072227867560914,100.0,2245.7442023079243,2245.7442023079243,8.03547705336175,1.1321022026216403e-06,98.45126658185609
15,Log (High Het),TwoStage_DL_Normal,11,True,0.12072227867560914,92.0,255.76822027823397,255.39982059027517,1.0,1.1321022026216403e-06,98.45126658185609
15,Log (High Het),TwoStage_DL_HKSJ,12,True,0.14855626662837254,98.0,2472.6960775505563,2472.634212093784,7.996854141170536,1.3354135142356294e-06,98.4362704236785
15,Log (High Het),TwoStage_DL_Normal,12,True,0.14855626662837254,92.0,283.3102221179699,282.5612903292882,1.0,1.3354135142356294e-06,98.4362704236785
15,Log (High Het),TwoStage_DL_HKSJ,13,True,0.19662040370819445,99.0,986.4018742827636,986.3676194049419,4.82156237221333,6.17697897661887e-07,95.69845548524637
15,Log (High Het),TwoStage_DL_Normal,13,True,0.19662040370819445,92.0,187.17660009073592,186.94892984394986,1.0,6.17697897661887e-07,95.69845548524637
15,Log (High Het),TwoStage_DL_HKSJ,14,True,0.32997726575066527,96.0,2196.077130024152,2195.8415519529285,7.2915978080951325,1.2858845274867012e-06,98.11914815013405
15,Log (High Het),TwoStage_DL_Normal,14,True,0.32997726575066527,90.0,276.2962379592421,275.20115938442,1.0,1.2858845274867012e-06,98.11914815013405
15,Log (High Het),TwoStage_DL_HKSJ,15,True,0.15083205710119124,97.0,1849.0808304127431,1849.0040963097274,7.217549203644003,9.111564139168652e-07,98.0803568941622
15,Log (High Het),TwoStage_DL_Normal,15,True,0.15083205710119124,91.0,234.82901460739072,234.1100652301147,1.0,9.111564139168652e-07,98.0803568941622
15,Log (High Het),TwoStage_DL_HKSJ,16,True,0.07834234023956502,100.0,2926.0767075561134,2926.0767075561134,9.117406121837043,1.4768287493479548e-06,98.7970227910262
15,Log (High Het),TwoStage_DL_Normal,16,True,0.07834234023956502,92.0,293.6868183493889,293.28265062412777,1.0,1.4768287493479548e-06,98.7970227910262
15,Log (High Het),TwoStage_DL_HKSJ,17,True,0.19029120689160167,97.0,1374.9075400414229,1374.87771417413,6.54260832749341,6.170084170099432e-07,97.66386381789039
15,Log (High Het),TwoStage_DL_Normal,17,True,0.19029120689160167,90.0,192.58972855189455,192.03708995242002,1.0,6.170084170099432e-07,97.66386381789039
15,Log (High Het),TwoStage_DL_HKSJ,18,True,0.03924916555880567,97.0,1425.2013128366304,1425.122734211167,6.354272353874865,7.065469202969816e-07,97.52332882747454
15,Log (High Het),TwoStage_DL_Normal,18,True,0.03924916555880567,90.0,205.6313807668492,204.95494858004236,1.0,7.065469202969816e-07,97.52332882747454
15,Log (High Het),TwoStage_DL_HKSJ,19,True,0.09987852872805272,98.0,2758.1698921243533,2758.1317494203145,8.299742707986614,1.6619324221068966e-06,98.54832050956821
15,Log (High Het),TwoStage_DL_Normal,19,True,0.09987852872805272,92.0,304.3177885589675,303.68430269615703,1.0,1.6619324221068966e-06,98.54832050956821
15,Log (High Het),TwoStage_DL_HKSJ,20,True,0.047685915445065404,96.0,1689.1453513863078,1688.9996155155034,6.590333180572376,9.59974179457916e-07,97.69757624521783
15,Log (High Het),TwoStage_DL_Normal,20,True,0.047685915445065404,91.0,235.03138669600077,234.20391217010368,1.0,9.59974179457916e-07,97.69757624521783
15,Log (High Het),TwoStage_DL_HKSJ,21,True,0.06270390635018423,97.0,1081.7592479094828,1081.643083578656,5.640014167624023,5.623834431648908e-07,96.85631074883437
15,Log (High Het),TwoStage_DL_Normal,21,True,0.06270390635018423,90.0,175.95009050801156,175.2571514454712,1.0,5.623834431648908e-07,96.85631074883437
15,Log (High Het),TwoStage_DL_HKSJ,22,True,0.11789359186118702,95.0,1079.5194187367663,1079.1509303834846,5.207994881791226,7.020027895712616e-07,96.31312084887402
15,Log (High Het),TwoStage_DL_Normal,22,True,0.11789359186118702,90.0,190.45320489805783,189.35797764541715,1.0,7.020027895712616e-07,96.31312084887402
15,Log (High Het),TwoStage_DL_HKSJ,23,True,0.07923877347538501,95.0,1134.3019883218217,1133.9937969338714,5.32438327681599,7.222103062059176e-07,96.47254584101955
15,Log (High Het),TwoStage_DL_Normal,23,True,0.07923877347538501,90.0,195.6349355519088,194.63159161563098,1.0,7.222103062059176e-07,96.47254584101955
15,Log (High Het),TwoStage_DL_HKSJ,24,True,0.14075934151629008,100.0,3568.7537787986444,3568.7537787986444,10.33635116773888,1.713417815082784e-06,99.06402232787089
15,Log (High Het),TwoStage_DL_Normal,24,True,0.14075934151629008,91.0,316.10885300351055,315.51593334488064,1.0,1.713417815082784e-06,99.06402232787089
15,Log (High Het),TwoStage_DL_HKSJ,25,True,0.05655179872051077,99.0,1238.80672055177,1238.7816418296322,5.348978540648579,7.86004911515239e-07,96.50491060057531
15,Log (High Het),TwoStage_DL_Normal,25,True,0.05655179872051077,93.0,211.9150203929253,211.6390829528695,1.0,7.86004911515239e-07,96.50491060057531
15,Log (High Het),TwoStage_DL_HKSJ,26,True,2.0370506850421233,99.0,2033.8367136648244,2033.8350696324205,6.9064377340076915,1.1813362174909405e-06,97.90351481119018
15,Log (High Het),TwoStage_DL_Normal,26,True,2.0370506850421233,91.0,269.5369573027243,269.1123302628464,1.0,1.1813362174909405e-06,97.90351481119018
15,Log (High Het),TwoStage_DL_HKSJ,27,True,0.23324865871084352,100.0,2378.015908037983,2378.015908037983,7.817784237983841,1.3556456557655773e-06,98.36381412340675
15,Log (High Het),TwoStage_DL_Normal,27,True,0.23324865871084352,92.0,278.40064089246187,277.97327334401837,1.0,1.3556456557655773e-06,98.36381412340675
15,Log (High Het),TwoStage_DL_HKSJ,28,True,0.5131525377290701,95.0,1450.8619936055145,1450.5892950552761,6.370873772682339,7.841767205541299e-07,97.53621958181917
15,Log (High Het),TwoStage_DL_Normal,28,True,0.5131525377290701,90.0,209.13883695623386,208.07381677660314,1.0,7.841767205541299e-07,97.53621958181917
15,Log (High Het),TwoStage_DL_HKSJ,29,True,0.1303321493298877,96.0,1446.4886437053472,1446.3694774200187,6.241756201446413,8.556144077771725e-07,97.43323329516562
15,Log (High Het),TwoStage_DL_Normal,29,True,0.1303321493298877,92.0,212.45450963964154,211.76023626622316,1.0,8.556144077771725e-07,97.43323329516562
15,Log (High Het),TwoStage_DL_HKSJ,30,True,0.09792203175195492,99.0,1903.107973572078,1903.1024622390917,7.049168365875229,1.058211662959896e-06,97.98755401372915
15,Log (High Het),TwoStage_DL_Normal,30,True,0.09792203175195492,91.0,247.17551352062932,246.71539683315706,1.0,1.058211662959896e-06,97.98755401372915
15,Log (High Het),TwoStage_DL_HKSJ,31,True,0.5665066634339658,98.0,2390.337861105932,2390.310722608025,8.34937640706833,1.1718307797595273e-06,98.56552851617451
15,Log (High Het),TwoStage_DL_Normal,31,True,0.5665066634339658,91.0,262.2617073313385,261.62080955525215,1.0,1.1718307797595273e-06,98.56552851617451
15,Log (High Het),TwoStage_DL_HKSJ,32,True,0.16697284499819712,95.0,1262.0072822431196,1261.7860440841407,5.589696516402782,7.038505830311723e-07,96.79945791988487
15,Log (High Het),TwoStage_DL_Normal,32,True,0.16697284499819712,91.0,207.17666873047187,206.28585825431196,1.0,7.038505830311723e-07,96.79945791988487
15,Log (High Het),TwoStage_DL_HKSJ,33,True,0.43437150660404616,98.0,2592.697797828019,2592.638025244003,8.77849567348222,1.5876918838649413e-06,98.70234333664165
15,Log (High Het),TwoStage_DL_Normal,33,True,0.43437150660404616,91.0,270.63156902885936,269.89432500713633,1.0,1.5876918838649413e-06,98.70234333664165
15,Log (High Het),TwoStage_DL_HKSJ,34,True,0.07724743948617495,95.0,856.4306695590471,856.1950140410677,4.387800512262388,5.046371838420704e-07,94.80594850534867
15,Log (High Het),TwoStage_DL_Normal,34,True,0.07724743948617495,89.0,179.11912753485203,178.31906810012168,1.0,5.046371838420704e-07,94.80594850534867
15,Log (High Het),TwoStage_DL_HKSJ,35,True,0.09362742396581063,97.0,1709.2497562936933,1709.1897253011264,7.023474828381046,7.991442168706027e-07,97.97280307188225
15,Log (High Het),TwoStage_DL_Normal,35,True,0.09362742396581063,90.0,223.08173498807042,222.38741620758364,1.0,7.991442168706027e-07,97.97280307188225
15,Log (High Het),TwoStage_DL_HKSJ,36,True,0.11533635656487082,99.0,1731.7322814416382,1731.7309558192421,6.574790468248205,9.683123003284026e-07,97.68667758344714
15,Log (High Het),TwoStage_DL_Normal,36,True,0.11533635656487082,91.0,241.10007292187996,240.6968847295002,1.0,9.683123003284026e-07,97.68667758344714
15,Log (High Het),TwoStage_DL_HKSJ,37,True,0.30271611589154934,99.0,2470.323646087866,2470.31090674813,9.046942657603552,1.1715692272322598e-06,98.77821067938639
15,Log (High Het),TwoStage_DL_Normal,37,True,0.30271611589154934,95.0,249.6947215400547,249.52941252919427,1.0,1.1715692272322598e-06,98.77821067938639
15,Log (High Het),TwoStage_DL_HKSJ,38,True,0.2993916197138243,99.0,1729.1327676920469,1729.125868337143,6.897528007366534,9.455167896001803e-07,97.89809513791604
15,Log (High Het),TwoStage_DL_Normal,38,True,0.2993916197138243,91.0,229.5375251910105,229.08945621470843,1.0,9.455167896001803e-07,97.89809513791604
15,Log (High Het),TwoStage_DL_HKSJ,39,True,0.15960036801191146,100.0,1428.8407134513664,1428.8407134513664,6.453497790826532,6.770798623683624e-07,97.59890320219866
15,Log (High Het),TwoStage_DL_Normal,39,True,0.15960036801191146,92.0,202.67591869525322,202.33015616053385,1.0,6.770798623683624e-07,97.59890320219866
15,Log (High Het),TwoStage_DL_HKSJ,40,True,4.3677685666211366,96.0,1709.285474435874,1709.015057441236,6.860702789105015,8.736729834544457e-07,97.87547038925257
15,Log (High Het),TwoStage_DL_Normal,40,True,4.3677685666211366,89.0,228.81589890089788,227.64035241744787,1.0,8.736729834544457e-07,97.87547038925257
15,Log (High Het),TwoStage_DL_HKSJ,41,True,0.09319471999217459,100.0,1700.433120210765,1700.433120210765,6.8793152765086765,8.254378510598855e-07,97.88695097593836
15,Log (High Het),TwoStage_DL_Normal,41,True,0.09319471999217459,92.0,226.25213935080262,225.88443591004273,1.0,8.254378510598855e-07,97.88695097593836
15,Log (High Het),TwoStage_DL_HKSJ,42,True,0.088343244690043,97.0,1202.1198271510932,1202.023924781148,5.5974231970624,6.088600539928806e-07,96.80828787516212
15,Log (High Het),TwoStage_DL_Normal,42,True,0.088343244690043,90.0,196.89103127763528,196.24424719568466,1.0,6.088600539928806e-07,96.80828787516212
15,Log (High Het),TwoStage_DL_HKSJ,43,True,0.8066991890219942,96.0,2780.1786109111936,2780.0075915021116,8.871602777472797,1.5000535893161654e-06,98.72943811329787
15,Log (High Het),TwoStage_DL_Normal,43,True,0.8066991890219942,90.0,287.44026248381635,286.3623116406247,1.0,1.5000535893161654e-06,98.72943811329787
15,Log (High Het),TwoStage_DL_HKSJ,44,True,0.06415294692391099,100.0,1907.6927693699129,1907.6927693699129,7.106582222576734,9.899811866786993e-07,98.01993963894422
15,Log (High Het),TwoStage_DL_Normal,44,True,0.06415294692391099,92.0,245.664142696585,245.3124638264709,1.0,9.899811866786993e-07,98.01993963894422
15,Log (High Het),TwoStage_DL_HKSJ,45,True,0.48022573182987877,99.0,1384.2777239818292,1384.26476213829,6.0976835380215295,7.363448536221364e-07,97.3105081199271
15,Log (High Het),TwoStage_DL_Normal,45,True,0.48022573182987877,91.0,207.89108966418888,207.45611862769235,1.0,7.363448536221364e-07,97.3105081199271
15,Log (High Het),TwoStage_DL_HKSJ,46,True,0.35731153265402044,99.0,1890.8848103844562,1890.8776343967024,7.109367356530804,1.1960583811161437e-06,98.02149073423935
15,Log (High Het),TwoStage_DL_Normal,46,True,0.35731153265402044,92.0,243.49253878465282,243.0549303533727,1.0,1.1960583811161437e-06,98.02149073423935
15,Log (High Het),TwoStage_DL_HKSJ,47,True,4.957638118793086,98.0,1893.1796963995446,1893.1183993319203,7.478971467979289,9.865777248807776e-07,98.21221105605255
15,Log (High Het),TwoStage_DL_Normal,47,True,4.957638118793086,92.0,231.95287874922218,231.31716763869784,1.0,9.865777248807776e-07,98.21221105605255
15,Log (High Het),TwoStage_DL_HKSJ,48,True,0.04963806075192708,97.0,1448.4925647100256,1448.4720599232605,6.080990022741047,7.603189970084339e-07,97.29572148180283
15,Log (High Het),TwoStage_DL_Normal,48,True,0.04963806075192708,91.0,218.16465047183596,217.6746212297905,1.0,7.603189970084339e-07,97.29572148180283
15,Log (High Het),TwoStage_DL_HKSJ,49,True,0.17411770913511698,100.0,2674.786042778491,2674.786042778491,8.927840155288006,1.3767065507090504e-06,98.74539449749125
15,Log (High Het),TwoStage_DL_Normal,49,True,0.17411770913511698,94.0,274.03282194254183,273.7881254266106,1.0,1.3767065507090504e-06,98.74539449749125
15,U-Shaped (Moderate Het),TwoStage_DL_HKSJ,0,True,0.023516813980460172,100.0,964.6059961499975,964.6059961499975,5.283052151632807,4.86742964178699e-07,96.41713698188603
15,U-Shaped (Moderate Het),TwoStage_DL_Normal,0,True,0.023516813980460172,93.0,166.9608902728988,166.8541547659117,1.0,4.86742964178699e-07,96.41713698188603
15,U-Shaped (Moderate Het),TwoStage_DL_HKSJ,1,True,0.008716671005595027,100.0,1401.159465103639,1401.159465103639,6.3716376376368995,7.100008144678746e-07,97.53681028794922
15,U-Shaped (Moderate Het),TwoStage_DL_Normal,1,True,0.008716671005595027,96.0,200.97795412074802,200.95946311787264,1.0,7.100008144678746e-07,97.53681028794922
15,U-Shaped (Moderate Het),TwoStage_DL_HKSJ,2,True,0.033302653463094266,100.0,712.4060876324396,712.4060876324396,4.629403355005161,3.394882194442764e-07,95.33394390118673
15,U-Shaped (Moderate Het),TwoStage_DL_Normal,2,True,0.033302653463094266,97.0,140.63632694257478,140.62889549029467,1.0,3.394882194442764e-07,95.33394390118673
15,U-Shaped (Moderate Het),TwoStage_DL_HKSJ,3,True,0.02216356605708966,100.0,525.4613591802305,525.4613591802305,3.743381865217388,2.768605212071455e-07,92.86372239745614
15,U-Shaped (Moderate Het),TwoStage_DL_Normal,3,True,0.02216356605708966,93.0,128.3992202880038,128.27694804659043,1.0,2.768605212071455e-07,92.86372239745614
15,U-Shaped (Moderate Het),TwoStage_DL_HKSJ,4,True,0.014141283151585759,100.0,627.075321233542,627.075321233542,4.212668589824101,2.9486243604863216e-07,94.36511041057526
15,U-Shaped (Moderate Het),TwoStage_DL_Normal,4,True,0.014141283151585759,100.0,136.0299005799162,136.0299005799162,1.0,2.9486243604863216e-07,94.36511041057526
15,U-Shaped (Moderate Het),TwoStage_DL_HKSJ,5,True,0.004543500443490732,100.0,449.5877098002826,449.5877098002826,3.415633626320153,2.3162953118161168e-07,91.42848796843148
15,U-Shaped (Moderate Het),TwoStage_DL_Normal,5,True,0.004543500443490732,95.0,120.33328951640111,120.286009135146,1.0,2.3162953118161168e-07,91.42848796843148
15,U-Shaped (Moderate Het),TwoStage_DL_HKSJ,6,True,0.0007949281266523732,100.0,688.6450157372263,688.6450157372263,4.507472828504315,3.322498780165016e-07,95.07808890040221
15,U-Shaped (Moderate Het),TwoStage_DL_Normal,6,True,0.0007949281266523732,99.0,139.6164224731221,139.61569963775844,1.0,3.322498780165016e-07,95.07808890040221
15,U-Shaped (Moderate Het),TwoStage_DL_HKSJ,7,True,0.0032738094533613926,100.0,671.7562782126082,671.7562782126082,4.323930273309538,3.2047275057035994e-07,94.65136901393426
15,U-Shaped (Moderate Het),TwoStage_DL_Normal,7,True,0.0032738094533613926,100.0,141.97275760825562,141.97275760825562,1.0,3.2047275057035994e-07,94.65136901393426
15,U-Shaped (Moderate Het),TwoStage_DL_HKSJ,8,True,0.260296641701829,95.0,530.0779024740735,530.027077181609,3.982747961267783,2.589881022102854e-07,93.69573657383626
15,U-Shaped (Moderate Het),TwoStage_DL_Normal,8,True,0.260296641701829,92.0,121.87870629366151,121.61501526213,1.0,2.589881022102854e-07,93.69573657383626
15,U-Shaped (Moderate Het),TwoStage_DL_HKSJ,9,True,0.009421093051754427,96.0,561.8388465025481,561.827888344496,3.9259481763876316,2.768291363200434e-07,93.51199949490427
15,U-Shaped (Moderate Het),TwoStage_DL_Normal,9,True,0.009421093051754427,93.0,130.9644971796692,130.7767970666923,1.0,2.768291363200434e-07,93.51199949490427
15,U-Shaped (Moderate Het),TwoStage_DL_HKSJ,10,True,0.04348105671120221,100.0,480.7461914303413,480.7461914303413,3.6692682001315604,2.3778939159663715e-07,92.57252692995247
15,U-Shaped (Moderate Het),TwoStage_DL_Normal,10,True,0.04348105671120221,93.0,119.8389203169649,119.73148285238051,1.0,2.3778939159663715e-07,92.57252692995247
15,U-Shaped (Moderate Het),TwoStage_DL_HKSJ,11,True,0.005213756723558395,100.0,1029.8417787741062,1029.8417787741062,5.644158251647212,4.825322015853847e-07,96.86092540674461
15,U-Shaped (Moderate Het),TwoStage_DL_Normal,11,True,0.005213756723558395,97.0,166.74688018738703,166.74134110964889,1.0,4.825322015853847e-07,96.86092540674461
15,U-Shaped (Moderate Het),TwoStage_DL_HKSJ,12,True,0.006866493368012407,100.0,1087.2491409655436,1087.2491409655436,5.5003502664350465,5.457674947214733e-07,96.69463589238516
15,U-Shaped (Moderate Het),TwoStage_DL_Normal,12,True,0.006866493368012407,95.0,180.69185246852877,180.6386556750457,1.0,5.457674947214733e-07,96.69463589238516
15,U-Shaped (Moderate Het),TwoStage_DL_HKSJ,13,True,0.015549025684196319,100.0,465.3086275986297,465.3086275986297,3.65165388351374,2.396457740359826e-07,92.50069898265217
15,U-Shaped (Moderate Het),TwoStage_DL_Normal,13,True,0.015549025684196319,92.0,116.60591922379261,116.4457022153116,1.0,2.396457740359826e-07,92.50069898265217
15,U-Shaped (Moderate Het),TwoStage_DL_HKSJ,14,True,0.015343053218423395,97.0,1046.4304618890592,1046.4155044535423,5.123118716908236,5.915363210674689e-07,96.18994574202738
15,U-Shaped (Moderate Het),TwoStage_DL_Normal,14,True,0.015343053218423395,93.0,186.91221780498802,186.65589565235518,1.0,5.915363210674689e-07,96.18994574202738
15,U-Shaped (Moderate Het),TwoStage_DL_HKSJ,15,True,0.004636405912300117,100.0,1045.3482716737788,1045.3482716737788,5.302296088021178,5.396199919741181e-07,96.44309678029701
15,U-Shaped (Moderate Het),TwoStage_DL_Normal,15,True,0.004636405912300117,97.0,180.1728028924621,180.16440665121695,1.0,5.396199919741181e-07,96.44309678029701
15,U-Shaped (Moderate Het),TwoStage_DL_HKSJ,16,True,0.029948286574884683,100.0,1124.9479879813864,1124.9479879813864,5.968498886081384,5.093671355189487e-07,97.19282320180176
15,U-Shaped (Moderate Het),TwoStage_DL_Normal,16,True,0.029948286574884683,94.0,172.2834594461136,172.24209215830135,1.0,5.093671355189487e-07,97.19282320180176
15,U-Shaped (Moderate Het),TwoStage_DL_HKSJ,17,True,0.0013072058150897957,100.0,461.7607107228308,461.7607107228308,3.875189260978828,1.9838256704831368e-07,93.3409210467751
15,U-Shaped (Moderate Het),TwoStage_DL_Normal,17,True,0.0013072058150897957,98.0,108.89456899497371,108.89201287547509,1.0,1.9838256704831368e-07,93.3409210467751
15,U-Shaped (Moderate Het),TwoStage_DL_HKSJ,18,True,0.01485627880491723,100.0,527.5877372369728,527.5877372369728,3.9974741289907154,2.446686149678799e-07,93.74209917020501
15,U-Shaped (Moderate Het),TwoStage_DL_Normal,18,True,0.01485627880491723,100.0,120.60935552607316,120.60935552607316,1.0,2.446686149678799e-07,93.74209917020501
15,U-Shaped (Moderate Het),TwoStage_DL_HKSJ,19,True,0.021523764006706917,100.0,1313.9688396839745,1313.9688396839745,5.8312489549298565,7.641111764906891e-07,97.05912318524305
15,U-Shaped (Moderate Het),TwoStage_DL_Normal,19,True,0.021523764006706917,95.0,205.95823411919514,205.91853929718883,1.0,7.641111764906891e-07,97.05912318524305
15,U-Shaped (Moderate Het),TwoStage_DL_HKSJ,20,True,0.08951470856482066,100.0,759.2592541027028,759.2592541027028,4.5398272139344344,4.0880091278991374e-07,95.14799374354688
15,U-Shaped (Moderate Het),TwoStage_DL_Normal,20,True,0.08951470856482066,94.0,152.90837884797043,152.8349699697765,1.0,4.0880091278991374e-07,95.14799374354688
15,U-Shaped (Moderate Het),TwoStage_DL_HKSJ,21,True,0.009883678025140556,100.0,610.0942539627013,610.0942539627013,4.3049607921977575,3.070972825976254e-07,94.60412849356382
15,U-Shaped (Moderate Het),TwoStage_DL_Normal,21,True,0.009883678025140556,96.0,129.52632743899093,129.50892550583038,1.0,3.070972825976254e-07,94.60412849356382
15,U-Shaped (Moderate Het),TwoStage_DL_HKSJ,22,True,0.011679266507821853,96.0,509.076216193645,509.04634671591356,3.7665862182259513,2.98626411961972e-07,92.95137876404357
15,U-Shaped (Moderate Het),TwoStage_DL_Normal,22,True,0.011679266507821853,93.0,123.71427760540283,123.50410075715432,1.0,2.98626411961972e-07,92.95137876404357
15,U-Shaped (Moderate Het),TwoStage_DL_HKSJ,23,True,0.02439537826315025,100.0,475.717371794373,475.717371794373,3.690030450995231,2.6461329728950605e-07,92.65587432818621
15,U-Shaped (Moderate Het),TwoStage_DL_Normal,23,True,0.02439537826315025,93.0,117.94999601659471,117.8124063615721,1.0,2.6461329728950605e-07,92.65587432818621
15,U-Shaped (Moderate Het),TwoStage_DL_HKSJ,24,True,0.006521631309692216,100.0,1845.9649435235476,1845.9649435235476,7.341309093184249,9.087872190540029e-07,98.14453408544134
15,U-Shaped (Moderate Het),TwoStage_DL_Normal,24,True,0.006521631309692216,96.0,229.81242582516154,229.78512177427737,1.0,9.087872190540029e-07,98.14453408544134
15,U-Shaped (Moderate Het),TwoStage_DL_HKSJ,25,True,0.00886110172300707,100.0,466.5347865552261,466.5347865552261,3.587889536822073,2.477759123931514e-07,92.23177362761464
15,U-Shaped (Moderate Het),TwoStage_DL_Normal,25,True,0.00886110172300707,92.0,118.9771410562945,118.82749290023862,1.0,2.477759123931514e-07,92.23177362761464
15,U-Shaped (Moderate Het),TwoStage_DL_HKSJ,26,True,0.09198437791794412,100.0,783.6143289577785,783.6143289577785,4.519069447110176,4.095902868218381e-07,95.10331723189866
15,U-Shaped (Moderate Het),TwoStage_DL_Normal,26,True,0.09198437791794412,100.0,158.46206796589902,158.46206796589902,1.0,4.095902868218381e-07,95.10331723189866
15,U-Shaped (Moderate Het),TwoStage_DL_HKSJ,27,True,0.0014807006642192139,100.0,1101.5311371104299,1101.5311371104299,5.354306181171748,6.201087774672831e-07,96.51186250633644
15,U-Shaped (Moderate Het),TwoStage_DL_Normal,27,True,0.0014807006642192139,100.0,188.00332990395734,188.00332990395734,1.0,6.201087774672831e-07,96.51186250633644
15,U-Shaped (Moderate Het),TwoStage_DL_HKSJ,28,True,0.015382930379885647,96.0,796.6150924172767,796.597750533709,4.8780769466672425,4.033666008598374e-07,95.797548530611
15,U-Shaped (Moderate Het),TwoStage_DL_Normal,28,True,0.015382930379885647,93.0,149.47818443090148,149.2321496844222,1.0,4.033666008598374e-07,95.797548530611
15,U-Shaped (Moderate Het),TwoStage_DL_HKSJ,29,True,0.03315533932301124,100.0,772.2353753884994,772.2353753884994,4.649556119946734,4.395473808069964e-07,95.37430480521607
15,U-Shaped (Moderate Het),TwoStage_DL_Normal,29,True,0.03315533932301124,95.0,151.8325322761222,151.7784677904896,1.0,4.395473808069964e-07,95.37430480521607
15,U-Shaped (Moderate Het),TwoStage_DL_HKSJ,30,True,0.017920091824670414,100.0,835.8222307619078,835.8222307619078,4.839787741666895,4.330066732168328e-07,95.73079145966324
15,U-Shaped (Moderate Het),TwoStage_DL_Normal,30,True,0.017920091824670414,100.0,157.8191023242249,157.8191023242249,1.0,4.330066732168328e-07,95.73079145966324
15,U-Shaped (Moderate Het),TwoStage_DL_HKSJ,31,True,0.03889735593376148,100.0,976.6443428986873,976.6443428986873,5.4101618027831595,4.65920625576475e-07,96.58351520427577
15,U-Shaped (Moderate Het),TwoStage_DL_Normal,31,True,0.03889735593376148,96.0,164.97555536355347,164.96740805949491,1.0,4.65920625576475e-07,96.58351520427577
15,U-Shaped (Moderate Het),TwoStage_DL_HKSJ,32,True,0.004126799336421133,100.0,499.7327183777213,499.7327183777213,3.6330872582216283,2.6133792258672184e-07,92.42385387461624
15,U-Shaped (Moderate Het),TwoStage_DL_Normal,32,True,0.004126799336421133,94.0,125.77814259796709,125.69960749899943,1.0,2.6133792258672184e-07,92.42385387461624
15,U-Shaped (Moderate Het),TwoStage_DL_HKSJ,33,True,0.04188588179026016,100.0,1412.4055060025594,1412.4055060025594,6.32899774080452,9.065031384921312e-07,97.50350834488188
15,U-Shaped (Moderate Het),TwoStage_DL_Normal,33,True,0.04188588179026016,95.0,204.04415670305355,203.93718821861373,1.0,9.065031384921312e-07,97.50350834488188
15,U-Shaped (Moderate Het),TwoStage_DL_HKSJ,34,True,0.0019081367589489165,100.0,343.45297207016273,343.45297207016273,2.9739822130206086,1.767567892370142e-07,88.69362810168242
15,U-Shaped (Moderate Het),TwoStage_DL_Normal,34,True,0.0019081367589489165,99.0,105.5365768491671,105.53606037366157,1.0,1.767567892370142e-07,88.69362810168242
15,U-Shaped (Moderate Het),TwoStage_DL_HKSJ,35,True,0.050238421613691214,100.0,924.9615588424618,924.9615588424618,5.108519576058536,4.4238696959887553e-07,96.16813785876575
15,U-Shaped (Moderate Het),TwoStage_DL_Normal,35,True,0.050238421613691214,100.0,165.46288329479847,165.46288329479847,1.0,4.4238696959887553e-07,96.16813785876575
15,U-Shaped (Moderate Het),TwoStage_DL_HKSJ,36,True,0.004550732643262158,100.0,843.1581093332825,843.1581093332825,4.768956227562356,4.363001562808203e-07,95.6030317712298
15,U-Shaped (Moderate Het),TwoStage_DL_Normal,36,True,0.004550732643262158,94.0,161.63504817429265,161.56885640258943,1.0,4.363001562808203e-07,95.6030317712298
15,U-Shaped (Moderate Het),TwoStage_DL_HKSJ,37,True,0.006408674895711233,100.0,1118.2715558981376,1118.2715558981376,5.943913009210553,5.56178878405217e-07,97.16955245718636
15,U-Shaped (Moderate Het),TwoStage_DL_Normal,37,True,0.006408674895711233,93.0,172.13582964426078,171.92807458442803,1.0,5.56178878405217e-07,97.16955245718636
15,U-Shaped (Moderate Het),TwoStage_DL_HKSJ,38,True,0.0017360004746046797,100.0,774.7365770134819,774.7365770134819,4.6486704174590745,4.178773235064847e-07,95.37254198717602
15,U-Shaped (Moderate Het),TwoStage_DL_Normal,38,True,0.0017360004746046797,94.0,152.33841568132814,152.2990764649684,1.0,4.178773235064847e-07,95.37254198717602
15,U-Shaped (Moderate Het),TwoStage_DL_HKSJ,39,True,0.004279036185580622,100.0,692.931106706,692.931106706,4.690053463768816,3.014961014784631e-07,95.4538431751933
15,U-Shaped (Moderate Het),TwoStage_DL_Normal,39,True,0.004279036185580622,93.0,135.0672253102668,135.0156869352387,1.0,3.014961014784631e-07,95.4538431751933
15,U-Shaped (Moderate Het),TwoStage_DL_HKSJ,40,True,0.8724848372923415,97.0,965.254284658952,965.2457313524573,5.166160600229083,4.915080616495546e-07,96.25316822924529
15,U-Shaped (Moderate Het),TwoStage_DL_Normal,40,True,0.8724848372923415,93.0,170.99301555525395,170.74262448386244,1.0,4.915080616495546e-07,96.25316822924529
15,U-Shaped (Moderate Het),TwoStage_DL_HKSJ,41,True,0.08718408699024101,100.0,838.3772874776843,838.3772874776843,5.061033533901699,3.707247145531709e-07,96.09589427383838
15,U-Shaped (Moderate Het),TwoStage_DL_Normal,41,True,0.08718408699024101,93.0,151.4857325742597,151.381308662666,1.0,3.707247145531709e-07,96.09589427383838
15,U-Shaped (Moderate Het),TwoStage_DL_HKSJ,42,True,0.0014839772301431587,100.0,455.76459107194967,455.76459107194967,3.685683620413405,2.0188476804058113e-07,92.63854104705584
15,U-Shaped (Moderate Het),TwoStage_DL_Normal,42,True,0.0014839772301431587,100.0,113.00417645055873,113.00417645055873,1.0,2.0188476804058113e-07,92.63854104705584
15,U-Shaped (Moderate Het),TwoStage_DL_HKSJ,43,True,0.14973530186808004,97.0,1324.134834413211,1324.1063207723914,6.097368604045585,7.204054142671005e-07,97.31023028392914
15,U-Shaped (Moderate Het),TwoStage_DL_Normal,43,True,0.14973530186808004,93.0,198.76966671440834,198.4505808676427,1.0,7.204054142671005e-07,97.31023028392914
15,U-Shaped (Moderate Het),TwoStage_DL_HKSJ,44,True,0.006015615026946237,100.0,932.8549173572144,932.8549173572144,4.9999858164269,4.782095795323822e-07,95.99997730618648
15,U-Shaped (Moderate Het),TwoStage_DL_Normal,44,True,0.006015615026946237,93.0,170.58956003306102,170.49721867187466,1.0,4.782095795323822e-07,95.99997730618648
15,U-Shaped (Moderate Het),TwoStage_DL_HKSJ,45,True,0.08634060993056102,100.0,558.1772799207614,558.1772799207614,3.86925662511631,2.973419293558465e-07,93.32048498830486
15,U-Shaped (Moderate Het),TwoStage_DL_Normal,45,True,0.08634060993056102,100.0,131.8307084625768,131.8307084625768,1.0,2.973419293558465e-07,93.32048498830486
15,U-Shaped (Moderate Het),TwoStage_DL_HKSJ,46,True,0.00405048276801999,100.0,739.9023298396154,739.9023298396154,4.744078245765761,4.112693939796818e-07,95.55679538775522
15,U-Shaped (Moderate Het),TwoStage_DL_Normal,46,True,0.00405048276801999,100.0,142.52613802108945,142.52613802108945,1.0,4.112693939796818e-07,95.55679538775522
15,U-Shaped (Moderate Het),TwoStage_DL_HKSJ,47,True,2.758540766861573,100.0,985.7152628087373,985.7152628087373,5.388509603452339,5.152527265325858e-07,96.55600368889681
15,U-Shaped (Moderate Het),TwoStage_DL_Normal,47,True,2.758540766861573,94.0,167.28296964701752,167.16863101781954,1.0,5.152527265325858e-07,96.55600368889681
15,U-Shaped (Moderate Het),TwoStage_DL_HKSJ,48,True,0.00848014955049162,100.0,509.24633955809435,509.24633955809435,3.893080642313007,2.2928984567440195e-07,93.40198649413489
15,U-Shaped (Moderate Het),TwoStage_DL_Normal,48,True,0.00848014955049162,98.0,119.53866640482737,119.53813670478534,1.0,2.2928984567440195e-07,93.40198649413489
15,U-Shaped (Moderate Het),TwoStage_DL_HKSJ,49,True,0.005395433249484906,100.0,1282.7345961547435,1282.7345961547435,6.055749308987898,6.881626547854313e-07,97.27313132227742
15,U-Shaped (Moderate Het),TwoStage_DL_Normal,49,True,0.005395433249484906,96.0,193.59325775985988,193.5712638879231,1.0,6.881626547854313e-07,97.27313132227742
20,Quadratic (Moderate Het),TwoStage_DL_HKSJ,0,True,0.006359699286760759,100.0,682.7987157317278,682.7987157317278,4.808501199101062,3.841113054666319e-07,95.67505546118994
20,Quadratic (Moderate Het),TwoStage_DL_Normal,0,True,0.006359699286760759,94.0,133.04028335921447,132.97341387286625,1.0,3.841113054666319e-07,95.67505546118994
20,Quadratic (Moderate Het),TwoStage_DL_HKSJ,1,True,0.0027304426491687596,100.0,541.6395435174302,541.6395435174302,4.457454503584391,2.8018040963530993e-07,94.96700890734357
20,Quadratic (Moderate Het),TwoStage_DL_Normal,1,True,0.0027304426491687596,94.0,113.83393438956944,113.79031406427188,1.0,2.8018040963530993e-07,94.96700890734357
20,Quadratic (Moderate Het),TwoStage_DL_HKSJ,2,True,0.003277961215712295,99.0,361.51682026976437,361.5165362077577,3.5115201416025914,2.0580376171744484e-07,91.8902088065716
20,Quadratic (Moderate Het),TwoStage_DL_Normal,2,True,0.003277961215712295,92.0,96.54331250586674,96.40839553376351,1.0,2.0580376171744484e-07,91.8902088065716
20,Quadratic (Moderate Het),TwoStage_DL_HKSJ,3,True,0.021243591670952224,100.0,854.0803569951495,854.0803569951495,5.401039344228936,4.940870324444347e-07,96.57196444170128
20,Quadratic (Moderate Het),TwoStage_DL_Normal,3,True,0.021243591670952224,95.0,148.09169088567626,148.08233180308505,1.0,4.940870324444347e-07,96.57196444170128
20,Quadratic (Moderate Het),TwoStage_DL_HKSJ,4,True,0.07339843522187076,100.0,681.4103493520212,681.4103493520212,4.721631532999445,4.4317483832351607e-07,95.51444883500136
20,Quadratic (Moderate Het),TwoStage_DL_Normal,4,True,0.07339843522187076,94.0,135.21994431938373,135.14453385646024,1.0,4.4317483832351607e-07,95.51444883500136
20,Quadratic (Moderate Het),TwoStage_DL_HKSJ,5,True,0.09032213709010975,100.0,806.848011527887,806.848011527887,5.338174774028017,4.5682116443811606e-07,96.49074907811922
20,Quadratic (Moderate Het),TwoStage_DL_Normal,5,True,0.09032213709010975,93.0,141.66193067938954,141.54052304450042,1.0,4.5682116443811606e-07,96.49074907811922
20,Quadratic (Moderate Het),TwoStage_DL_HKSJ,6,True,0.031113447653020238,100.0,529.1959428144105,529.1959428144105,4.473023858657177,3.4617616061140674e-07,95.00198482181267
20,Quadratic (Moderate Het),TwoStage_DL_Normal,6,True,0.031113447653020238,94.0,110.857248083784,110.78912772392901,1.0,3.4617616061140674e-07,95.00198482181267
20,Quadratic (Moderate Het),TwoStage_DL_HKSJ,7,True,0.00521521235509857,100.0,940.9751712764405,940.9751712764405,5.573999705470839,5.734107191041502e-07,96.78140659443483
20,Quadratic (Moderate Het),TwoStage_DL_Normal,7,True,0.00521521235509857,93.0,158.18554801381754,158.08587761960632,1.0,5.734107191041502e-07,96.78140659443483
20,Quadratic (Moderate Het),TwoStage_DL_HKSJ,8,True,0.01190889806555367,100.0,1042.7748907410685,1042.7748907410685,5.902015882354415,6.302991361983741e-07,97.12922436048481
20,Quadratic (Moderate Het),TwoStage_DL_Normal,8,True,0.01190889806555367,95.0,165.4748144597383,165.45200828344318,1.0,6.302991361983741e-07,97.12922436048481
20,Quadratic (Moderate Het),TwoStage_DL_HKSJ,9,True,0.04482896408411482,100.0,502.0065017127609,502.0065017127609,4.142382001388606,2.9259542541940533e-07,94.17226617274197
20,Quadratic (Moderate Het),TwoStage_DL_Normal,9,True,0.04482896408411482,94.0,113.53827921400939,113.485675652073,1.0,2.9259542541940533e-07,94.17226617274197
20,Quadratic (Moderate Het),TwoStage_DL_HKSJ,10,True,0.003507128926505557,100.0,1122.2203080523846,1122.2203080523846,5.93977141422803,6.775631414156899e-07,97.16560393681678
20,Quadratic (Moderate Het),TwoStage_DL_Normal,10,True,0.003507128926505557,94.0,177.03558928040758,176.92542333040885,1.0,6.775631414156899e-07,97.16560393681678
20,Quadratic (Moderate Het),TwoStage_DL_HKSJ,11,True,0.01866542639526708,100.0,351.6510387007906,351.6510387007906,3.5754726471321647,1.918962381370218e-07,92.17772499817208
20,Quadratic (Moderate Het),TwoStage_DL_Normal,11,True,0.01866542639526708,100.0,92.1001412759788,92.1001412759788,1.0,1.918962381370218e-07,92.17772499817208
20,Quadratic (Moderate Het),TwoStage_DL_HKSJ,12,True,0.001543303165558274,100.0,685.7735264204796,685.7735264204796,4.734521281446913,4.0253788947879625e-07,95.53883944110578
20,Quadratic (Moderate Het),TwoStage_DL_Normal,12,True,0.001543303165558274,95.0,135.6576731609794,135.63959812634604,1.0,4.0253788947879625e-07,95.53883944110578
20,Quadratic (Moderate Het),TwoStage_DL_HKSJ,13,True,0.014700497137747782,100.0,741.0597104228301,741.0597104228301,5.072776995254608,4.2936427357327906e-07,96.11394933366243
20,Quadratic (Moderate Het),TwoStage_DL_Normal,13,True,0.014700497137747782,94.0,136.8897862491615,136.80100361104036,1.0,4.2936427357327906e-07,96.11394933366243
20,Quadratic (Moderate Het),TwoStage_DL_HKSJ,14,True,0.009280062213555087,100.0,538.7623976938328,538.7623976938328,4.444277761941777,2.899949083742748e-07,94.93712025506107
20,Quadratic (Moderate Het),TwoStage_DL_Normal,14,True,0.009280062213555087,100.0,113.52145134044906,113.52145134044906,1.0,2.899949083742748e-07,94.93712025506107
20,Quadratic (Moderate Het),TwoStage_DL_HKSJ,15,True,0.004745568277398728,100.0,703.45749153557,703.45749153557,4.936924446817985,4.2845470456062746e-07,95.89713678710841
20,Quadratic (Moderate Het),TwoStage_DL_Normal,15,True,0.004745568277398728,94.0,133.49421768461806,133.43299367888014,1.0,4.2845470456062746e-07,95.89713678710841
20,Quadratic (Moderate Het),TwoStage_DL_HKSJ,16,True,0.0005325350470056636,100.0,594.7645217499847,594.7645217499847,4.268820061382433,4.0229561232477124e-07,94.51237656313143
20,Quadratic (Moderate Het),TwoStage_DL_Normal,16,True,0.0005325350470056636,99.0,130.47269373871944,130.47252206156733,1.0,4.0229561232477124e-07,94.51237656313143
20,Quadratic (Moderate Het),TwoStage_DL_HKSJ,17,True,0.04864273141636755,100.0,570.2243334192469,570.2243334192469,4.479697852663262,3.046501831254056e-07,95.0168661269778
20,Quadratic (Moderate Het),TwoStage_DL_Normal,17,True,0.04864273141636755,100.0,119.20071909725058,119.20071909725058,1.0,3.046501831254056e-07,95.0168661269778
20,Quadratic (Moderate Het),TwoStage_DL_HKSJ,18,True,0.0019027804507758916,100.0,522.3158302465268,522.3158302465268,4.257109341978797,2.967970524452912e-07,94.4821436497583
20,Quadratic (Moderate Het),TwoStage_DL_Normal,18,True,0.0019027804507758916,100.0,114.89476345667961,114.89476345667961,1.0,2.967970524452912e-07,94.4821436497583
20,Quadratic (Moderate Het),TwoStage_DL_HKSJ,19,True,13.505724214178542,95.0,522.7105281421832,522.6763616100279,4.171031737348251,3.106967070859039e-07,94.25204960905378
20,Quadratic (Moderate Het),TwoStage_DL_Normal,19,True,13.505724214178542,92.0,117.59174086825765,117.34679070810175,1.0,3.106967070859039e-07,94.25204960905378
20,Quadratic (Moderate Het),TwoStage_DL_HKSJ,20,True,0.0015047180346978337,100.0,680.8219334467664,680.8219334467664,4.6654563509480935,4.1088725635898214e-07,95.40578052174
20,Quadratic (Moderate Het),TwoStage_DL_Normal,20,True,0.0015047180346978337,94.0,136.71834129867128,136.6536574378959,1.0,4.1088725635898214e-07,95.40578052174
20,Quadratic (Moderate Het),TwoStage_DL_HKSJ,21,True,0.0061070357956535155,98.0,319.73682229195055,319.73467658045104,3.364490602036229,1.7489234235517126e-07,91.16591932689732
20,Quadratic (Moderate Het),TwoStage_DL_Normal,21,True,0.0061070357956535155,93.0,89.10814596352657,88.99226740515633,1.0,1.7489234235517126e-07,91.16591932689732
20,Quadratic (Moderate Het),TwoStage_DL_HKSJ,22,True,0.0202153789929145,100.0,510.91295975249625,510.91295975249625,3.987026735832797,3.2087574039801925e-07,93.7092604599818
20,Quadratic (Moderate Het),TwoStage_DL_Normal,22,True,0.0202153789929145,95.0,120.0529955326458,119.99955152177829,1.0,3.2087574039801925e-07,93.7092604599818
20,Quadratic (Moderate Het),TwoStage_DL_HKSJ,23,True,0.17505382390897783,100.0,354.7512629234309,354.7512629234309,3.433145583391193,2.0369708336308862e-07,91.5157089255996
20,Quadratic (Moderate Het),TwoStage_DL_Normal,23,True,0.17505382390897783,94.0,96.80494586726316,96.7639485428509,1.0,2.0369708336308862e-07,91.5157089255996
20,Quadratic (Moderate Het),TwoStage_DL_HKSJ,24,True,0.0017672710526449981,100.0,612.7445108717907,612.7445108717907,4.777337200409663,3.4463949276352143e-07,95.61844560772556
20,Quadratic (Moderate Het),TwoStage_DL_Normal,24,True,0.0017672710526449981,94.0,120.16764451285268,120.10895401865255,1.0,3.4463949276352143e-07,95.61844560772556
20,Quadratic (Moderate Het),TwoStage_DL_HKSJ,25,True,0.0008935165603470214,100.0,606.7978008744765,606.7978008744765,4.576193459265035,3.452971921701172e-07,95.22480349604916
20,Quadratic (Moderate Het),TwoStage_DL_Normal,25,True,0.0008935165603470214,96.0,124.17428749945435,124.17137032749518,1.0,3.452971921701172e-07,95.22480349604916
20,Quadratic (Moderate Het),TwoStage_DL_HKSJ,26,True,0.018390357784312215,100.0,705.9473050973171,705.9473050973171,5.115768376924957,3.6875029930656657e-07,96.17898929872175
20,Quadratic (Moderate Het),TwoStage_DL_Normal,26,True,0.018390357784312215,94.0,129.29351619756235,129.2240248161373,1.0,3.6875029930656657e-07,96.17898929872175
20,Quadratic (Moderate Het),TwoStage_DL_HKSJ,27,True,0.010801475216713232,100.0,962.9209675778059,962.9209675778059,5.494683633431977,5.862150600545148e-07,96.68781477408142
20,Quadratic (Moderate Het),TwoStage_DL_Normal,27,True,0.010801475216713232,100.0,164.1080190656294,164.1080190656294,1.0,5.862150600545148e-07,96.68781477408142
20,Quadratic (Moderate Het),TwoStage_DL_HKSJ,28,True,0.0028620933902365102,100.0,510.8688931422003,510.8688931422003,4.286799977420773,3.0400747385065404e-07,94.5583129688666
20,Quadratic (Moderate Het),TwoStage_DL_Normal,28,True,0.0028620933902365102,100.0,111.59843165261488,111.59843165261488,1.0,3.0400747385065404e-07,94.5583129688666
20,Quadratic (Moderate Het),TwoStage_DL_HKSJ,29,True,0.0045887171451033685,100.0,439.2453232161465,439.2453232161465,3.914497542935422,2.59793741098616e-07,93.47398676231258
20,Quadratic (Moderate Het),TwoStage_DL_Normal,29,True,0.0045887171451033685,93.0,105.20576597777446,105.07828430588383,1.0,2.59793741098616e-07,93.47398676231258
20,Quadratic (Moderate Het),TwoStage_DL_HKSJ,30,True,0.00847703397635865,100.0,588.1094757837257,588.1094757837257,4.5125831572222275,3.4745102018010435e-07,95.08923034227331
20,Quadratic (Moderate Het),TwoStage_DL_Normal,30,True,0.00847703397635865,97.0,122.04623508696133,122.0435440196558,1.0,3.4745102018010435e-07,95.08923034227331
20,Quadratic (Moderate Het),TwoStage_DL_HKSJ,31,True,0.005820719989099451,100.0,875.8384240065549,875.8384240065549,5.574006252389224,4.680331219467588e-07,96.78141415519276
20,Quadratic (Moderate Het),TwoStage_DL_Normal,31,True,0.005820719989099451,93.0,147.2562616179942,147.14258942615552,1.0,4.680331219467588e-07,96.78141415519276
20,Quadratic (Moderate Het),TwoStage_DL_HKSJ,32,True,0.042963892308857464,100.0,940.7768056995797,940.7768056995797,5.66591917631088,5.384277371682207e-07,96.88499140103117
20,Quadratic (Moderate Het),TwoStage_DL_Normal,32,True,0.042963892308857464,100.0,155.48842996254245,155.48842996254245,1.0,5.384277371682207e-07,96.88499140103117
20,Quadratic (Moderate Het),TwoStage_DL_HKSJ,33,True,1.1128882839233856,100.0,746.428208244423,746.428208244423,5.093831696135798,4.4621849735983726e-07,96.14600792678843
20,Quadratic (Moderate Het),TwoStage_DL_Normal,33,True,1.1128882839233856,95.0,137.24878624091107,137.22249257233167,1.0,4.4621849735983726e-07,96.14600792678843
20,Quadratic (Moderate Het),TwoStage_DL_HKSJ,34,True,0.009322888218486815,100.0,792.5938303332258,792.5938303332258,5.209936609829925,4.6459028114896193e-07,96.3158685147692
20,Quadratic (Moderate Het),TwoStage_DL_Normal,34,True,0.009322888218486815,96.0,142.46604384959738,142.46234868226122,1.0,4.6459028114896193e-07,96.3158685147692
20,Quadratic (Moderate Het),TwoStage_DL_HKSJ,35,True,0.018776193440421363,100.0,574.9993126352816,574.9993126352816,4.6368381226845035,2.9691443755560584e-07,95.34889513740299
20,Quadratic (Moderate Het),TwoStage_DL_Normal,35,True,0.018776193440421363,100.0,116.12540532625293,116.12540532625293,1.0,2.9691443755560584e-07,95.34889513740299
20,Quadratic (Moderate Het),TwoStage_DL_HKSJ,36,True,0.021552856628006736,100.0,795.4083749939964,795.4083749939964,5.413374620985077,4.5797759825364957e-07,96.58756934352785
20,Quadratic (Moderate Het),TwoStage_DL_Normal,36,True,0.021552856628006736,100.0,137.59540430477486,137.59540430477486,1.0,4.5797759825364957e-07,96.58756934352785
20,Quadratic (Moderate Het),TwoStage_DL_HKSJ,37,True,0.007476068739491607,100.0,631.2011539012631,631.2011539012631,4.7423397675422425,3.648157611638999e-07,95.55353715208543
20,Quadratic (Moderate Het),TwoStage_DL_Normal,37,True,0.007476068739491607,100.0,124.639864991244,124.639864991244,1.0,3.648157611638999e-07,95.55353715208543
20,Quadratic (Moderate Het),TwoStage_DL_HKSJ,38,True,0.0050507589743756685,100.0,695.6973758245168,695.6973758245168,5.011415381147013,4.061804054880125e-07,96.01820225045473
20,Quadratic (Moderate Het),TwoStage_DL_Normal,38,True,0.0050507589743756685,93.0,130.1347768273026,129.9995399469552,1.0,4.061804054880125e-07,96.01820225045473
20,Quadratic (Moderate Het),TwoStage_DL_HKSJ,39,True,0.005148772968590809,100.0,1073.400630385266,1073.400630385266,5.742379984503548,6.748643181453298e-07,96.96739291305131
20,Quadratic (Moderate Het),TwoStage_DL_Normal,39,True,0.005148772968590809,98.0,175.04795559293729,175.04583050461903,1.0,6.748643181453298e-07,96.96739291305131
20,Quadratic (Moderate Het),TwoStage_DL_HKSJ,40,True,0.6530797809787372,100.0,442.795864708399,442.795864708399,4.071567954122503,2.400483444770747e-07,93.96778760155387
20,Quadratic (Moderate Het),TwoStage_DL_Normal,40,True,0.6530797809787372,100.0,101.84124985510536,101.84124985510536,1.0,2.400483444770747e-07,93.96778760155387
20,Quadratic (Moderate Het),TwoStage_DL_HKSJ,41,True,0.1007800829701364,100.0,556.861161664571,556.861161664571,4.370501996619015,3.312724442687724e-07,94.76475086089773
20,Quadratic (Moderate Het),TwoStage_DL_Normal,41,True,0.1007800829701364,93.0,119.41430096527706,119.31566273259313,1.0,3.312724442687724e-07,94.76475086089773
20,Quadratic (Moderate Het),TwoStage_DL_HKSJ,42,True,0.028116654766093117,100.0,779.750454048949,779.750454048949,5.09119842624976,4.692505432396287e-07,96.14202017186413
20,Quadratic (Moderate Het),TwoStage_DL_Normal,42,True,0.028116654766093117,100.0,143.4225581106581,143.4225581106581,1.0,4.692505432396287e-07,96.14202017186413
20,Quadratic (Moderate Het),TwoStage_DL_HKSJ,43,True,0.15491855345737077,100.0,557.4930788502503,557.4930788502503,4.346382344961075,3.312291280477595e-07,94.70648504755906
20,Quadratic (Moderate Het),TwoStage_DL_Normal,43,True,0.15491855345737077,100.0,120.11393749518108,120.11393749518108,1.0,3.312291280477595e-07,94.70648504755906
20,Quadratic (Moderate Het),TwoStage_DL_HKSJ,44,True,0.10871354555415338,100.0,630.3416034225232,630.3416034225232,4.763294342116178,3.3515185050491615e-07,95.59257265431631
20,Quadratic (Moderate Het),TwoStage_DL_Normal,44,True,0.10871354555415338,93.0,124.02468150983988,123.92256808203308,1.0,3.3515185050491615e-07,95.59257265431631
20,Quadratic (Moderate Het),TwoStage_DL_HKSJ,45,True,0.009973509139910028,100.0,951.2228037025648,951.2228037025648,5.455193842973908,5.811180869694771e-07,96.6396878251324
20,Quadratic (Moderate Het),TwoStage_DL_Normal,45,True,0.009973509139910028,96.0,163.30068893145278,163.28786762192254,1.0,5.811180869694771e-07,96.6396878251324
20,Quadratic (Moderate Het),TwoStage_DL_HKSJ,46,True,0.011998436662438139,100.0,494.3502554590993,494.3502554590993,4.135097070402008,2.8755666956642184e-07,94.15171428007551
20,Quadratic (Moderate Het),TwoStage_DL_Normal,46,True,0.011998436662438139,93.0,112.03049393768015,111.95175489740312,1.0,2.8755666956642184e-07,94.15171428007551
20,Quadratic (Moderate Het),TwoStage_DL_HKSJ,47,True,0.007814242899669293,100.0,560.099668280488,560.099668280488,4.552862379760565,3.199481254080257e-07,95.17573724246516
20,Quadratic (Moderate Het),TwoStage_DL_Normal,47,True,0.007814242899669293,94.0,115.22770412200457,115.2026964188524,1.0,3.199481254080257e-07,95.17573724246516
20,Quadratic (Moderate Het),TwoStage_DL_HKSJ,48,True,0.004232235206548748,100.0,603.7923994052237,603.7923994052237,4.4350212479132685,3.616008266505422e-07,94.91596431406776
20,Quadratic (Moderate Het),TwoStage_DL_Normal,48,True,0.004232235206548748,93.0,127.62464295936633,127.4893153107939,1.0,3.616008266505422e-07,94.91596431406776
20,Quadratic (Moderate Het),TwoStage_DL_HKSJ,49,True,0.5940220327463305,100.0,792.7171227250781,792.7171227250781,5.1177949877308935,4.94767018613045e-07,96.18201488625299
20,Quadratic (Moderate Het),TwoStage_DL_Normal,49,True,0.5940220327463305,97.0,145.05690746367748,145.04982402246287,1.0,4.94767018613045e-07,96.18201488625299
20,Log (High Het),TwoStage_DL_HKSJ,0,True,0.19063103104272497,96.0,1431.940569978723,1431.7814425964275,6.984999228380794,8.004169585487905e-07,97.95040867113013
20,Log (High Het),TwoStage_DL_Normal,0,True,0.19063103104272497,91.0,192.816705565066,191.9518130443956,1.0,8.004169585487905e-07,97.95040867113013
20,Log (High Het),TwoStage_DL_HKSJ,1,True,0.09875102651537132,95.0,1202.0212953395037,1201.825650458009,6.512946716607324,6.461371210219912e-07,97.64253665043152
20,Log (High Het),TwoStage_DL_Normal,1,True,0.09875102651537132,90.0,173.71364029330974,172.80081860322724,1.0,6.461371210219912e-07,97.64253665043152
20,Log (High Het),TwoStage_DL_HKSJ,2,True,0.14218935865165136,95.0,905.4538850531524,905.1129148830254,4.935617021266127,6.530088509389198e-07,95.89496283452928
20,Log (High Het),TwoStage_DL_Normal,2,True,0.14218935865165136,90.0,172.7260346979805,171.72880993147072,1.0,6.530088509389198e-07,95.89496283452928
20,Log (High Het),TwoStage_DL_HKSJ,3,True,0.15598909632230698,97.0,1875.2543557942272,1875.1919808777104,7.865127537376428,1.1231679232957082e-06,98.38345253333569
20,Log (High Het),TwoStage_DL_Normal,3,True,0.15598909632230698,90.0,223.94779189804362,223.2656030569381,1.0,1.1231679232957082e-06,98.38345253333569
20,Log (High Het),TwoStage_DL_HKSJ,4,True,0.03522796156722616,99.0,1631.554149814746,1631.5447873565533,7.054077528693338,1.1383197167253966e-06,97.99035409276483
20,Log (High Het),TwoStage_DL_Normal,4,True,0.03522796156722616,93.0,216.91716451157953,216.59110816621026,1.0,1.1383197167253966e-06,97.99035409276483
20,Log (High Het),TwoStage_DL_HKSJ,5,True,0.09922740074457913,100.0,1767.2558038918276,1767.2558038918276,7.496287809848423,1.1113722776944736e-06,98.22046106166864
20,Log (High Het),TwoStage_DL_Normal,5,True,0.09922740074457913,93.0,221.0806060957686,220.76743716410525,1.0,1.1113722776944736e-06,98.22046106166864
20,Log (High Het),TwoStage_DL_HKSJ,6,True,0.0599609779328554,98.0,1297.6346199039328,1297.63065911174,6.650322805803484,9.416513636904143e-07,97.73892719177701
20,Log (High Het),TwoStage_DL_Normal,6,True,0.0599609779328554,93.0,183.06009755691156,182.72174050875458,1.0,9.416513636904143e-07,97.73892719177701
20,Log (High Het),TwoStage_DL_HKSJ,7,True,0.08634593606656374,96.0,2120.774042762956,2120.6682460383477,8.405695371216133,1.280693906492544e-06,98.58468631360054
20,Log (High Het),TwoStage_DL_Normal,7,True,0.08634593606656374,91.0,237.10039504250722,236.25496191501173,1.0,1.280693906492544e-06,98.58468631360054
20,Log (High Het),TwoStage_DL_HKSJ,8,True,0.15165748265454007,100.0,2183.3838705092844,2183.3838705092844,8.330137593970058,1.3871568262061586e-06,98.5588949168363
20,Log (High Het),TwoStage_DL_Normal,8,True,0.15165748265454007,91.0,245.86742318311644,245.4481564606118,1.0,1.3871568262061586e-06,98.5588949168363
20,Log (High Het),TwoStage_DL_HKSJ,9,True,0.07071494348941851,96.0,1003.269282916378,1003.2233145502688,5.267250185995273,7.227411605134304e-07,96.39560726453166
20,Log (High Het),TwoStage_DL_Normal,9,True,0.07071494348941851,92.0,178.75873829647443,178.35920220632445,1.0,7.227411605134304e-07,96.39560726453166
20,Log (High Het),TwoStage_DL_HKSJ,10,True,0.08805423520799519,100.0,2380.4974362281364,2380.4974362281364,8.167238196617914,1.6125807483460497e-06,98.50083457999895
20,Log (High Het),TwoStage_DL_Normal,10,True,0.08805423520799519,92.0,273.2802701996211,272.9445003256455,1.0,1.6125807483460497e-06,98.50083457999895
20,Log (High Het),TwoStage_DL_HKSJ,11,True,0.07113798222398068,95.0,690.2569987675311,690.037087385296,4.631443761336527,4.4038175357258727e-07,95.33805430550612
20,Log (High Het),TwoStage_DL_Normal,11,True,0.07113798222398068,89.0,140.26272451912143,139.52045705188445,1.0,4.4038175357258727e-07,95.33805430550612
20,Log (High Het),TwoStage_DL_HKSJ,12,True,0.04413344873429379,96.0,1392.06523439534,1391.9339518208892,6.562362795113164,8.632146803472712e-07,97.67790743827376
20,Log (High Het),TwoStage_DL_Normal,12,True,0.04413344873429379,90.0,199.37903638252791,198.62789662403247,1.0,8.632146803472712e-07,97.67790743827376
20,Log (High Het),TwoStage_DL_HKSJ,13,True,0.07699815186441278,96.0,1605.3929730595355,1605.2297858305722,6.882830781304473,1.094350100859264e-06,97.88910896503444
20,Log (High Het),TwoStage_DL_Normal,13,True,0.07699815186441278,91.0,219.21019262177998,218.3996656624143,1.0,1.094350100859264e-06,97.88910896503444
20,Log (High Het),TwoStage_DL_HKSJ,14,True,0.0509172402692465,97.0,1194.634959726712,1194.584341996519,6.1805514061223406,7.371978598778404e-07,97.38214520350436
20,Log (High Het),TwoStage_DL_Normal,14,True,0.0509172402692465,91.0,181.50127302439432,180.99702925355103,1.0,7.371978598778404e-07,97.38214520350436
20,Log (High Het),TwoStage_DL_HKSJ,15,True,0.1770868724999022,99.0,1506.3668883467335,1506.3631805402338,6.964867747011665,9.871442057785522e-07,97.93854313608442
20,Log (High Het),TwoStage_DL_Normal,15,True,0.1770868724999022,91.0,202.91797098578223,202.53434016934648,1.0,9.871442057785522e-07,97.93854313608442
20,Log (High Het),TwoStage_DL_HKSJ,16,True,0.1305074172235054,97.0,1565.3950231699814,1565.3317934372449,6.729460269586345,1.1213179587967485e-06,97.79179426650717
20,Log (High Het),TwoStage_DL_Normal,16,True,0.1305074172235054,91.0,218.38959198867175,217.8251514474492,1.0,1.1213179587967485e-06,97.79179426650717
20,Log (High Het),TwoStage_DL_HKSJ,17,True,0.19770552390732285,97.0,1111.0123147248562,1110.9173979654324,6.311845390300784,5.824554466173406e-07,97.48992154749706
20,Log (High Het),TwoStage_DL_Normal,17,True,0.19770552390732285,90.0,165.4884633551948,164.81899734558272,1.0,5.824554466173406e-07,97.48992154749706
20,Log (High Het),TwoStage_DL_HKSJ,18,True,0.1363231634644482,97.0,1072.800032600151,1072.7148654682906,5.785629586724998,6.777910498925394e-07,97.01256304307334
20,Log (High Het),TwoStage_DL_Normal,18,True,0.1363231634644482,90.0,174.18438418702019,173.62630598815767,1.0,6.777910498925394e-07,97.01256304307334
20,Log (High Het),TwoStage_DL_HKSJ,19,True,0.9143303155937343,95.0,1191.7963055354057,1191.4601732136668,5.9209892670485615,8.012842530682482e-07,97.14759327088154
20,Log (High Het),TwoStage_DL_Normal,19,True,0.9143303155937343,89.0,189.53941828442083,188.43740191902455,1.0,8.012842530682482e-07,97.14759327088154
20,Log (High Het),TwoStage_DL_HKSJ,20,True,0.08283229065344595,98.0,1533.7325693018852,1533.7261159442103,6.744480392394522,9.97808900311354e-07,97.80161877097146
20,Log (High Het),TwoStage_DL_Normal,20,True,0.08283229065344595,91.0,213.35135364707233,212.95172778518526,1.0,9.97808900311354e-07,97.80161877097146
20,Log (High Het),TwoStage_DL_HKSJ,21,True,0.05014045127101202,96.0,870.5049610416906,870.44292293984,4.8257644172180845,6.300707215828532e-07,95.70594338251296
20,Log (High Het),TwoStage_DL_Normal,21,True,0.05014045127101202,92.0,169.33095890530342,168.91026123751874,1.0,6.300707215828532e-07,95.70594338251296
20,Log (High Het),TwoStage_DL_HKSJ,22,True,0.031361219359760974,96.0,1132.5718052797968,1132.522244341312,5.535953240085889,8.178165890079186e-07,96.73701427608299
20,Log (High Het),TwoStage_DL_Normal,22,True,0.031361219359760974,91.0,192.02381893923666,191.5738289826303,1.0,8.178165890079186e-07,96.73701427608299
20,Log (High Het),TwoStage_DL_HKSJ,23,True,0.2904544711027428,95.0,915.2656454499262,915.0115946844302,5.271982983967164,5.746923910739481e-07,96.40207587627987
20,Log (High Het),TwoStage_DL_Normal,23,True,0.2904544711027428,89.0,163.4171810925174,162.53034202043486,1.0,5.746923910739481e-07,96.40207587627987
20,Log (High Het),TwoStage_DL_HKSJ,24,True,0.14100797759532374,96.0,1383.0111194610029,1382.8420422353345,6.8634436642961205,8.504425108815754e-07,97.877166886837
20,Log (High Het),TwoStage_DL_Normal,24,True,0.14100797759532374,91.0,189.5192667890614,188.6741287964955,1.0,8.504425108815754e-07,97.877166886837
20,Log (High Het),TwoStage_DL_HKSJ,25,True,0.08881374636481774,97.0,1293.1043791443421,1293.0088737620051,6.641384980679116,7.443963158943874e-07,97.73283729580855
20,Log (High Het),TwoStage_DL_Normal,25,True,0.08881374636481774,90.0,182.98127430732404,182.31596541702913,1.0,7.443963158943874e-07,97.73283729580855
20,Log (High Het),TwoStage_DL_HKSJ,26,True,0.15721484924921134,95.0,1359.2744324055375,1359.088545188692,7.02150706128009,7.25518693387031e-07,97.97166667470984
20,Log (High Het),TwoStage_DL_Normal,26,True,0.15721484924921134,90.0,182.20957429764522,181.2588694904136,1.0,7.25518693387031e-07,97.97166667470984
20,Log (High Het),TwoStage_DL_HKSJ,27,True,0.033526779375721516,98.0,2051.142047870738,2051.1024350202483,7.7996497507537885,1.3200462217276753e-06,98.35619688765873
20,Log (High Het),TwoStage_DL_Normal,27,True,0.033526779375721516,91.0,246.8849965132436,246.26012818267645,1.0,1.3200462217276753e-06,98.35619688765873
20,Log (High Het),TwoStage_DL_HKSJ,28,True,0.14942080024025173,96.0,1036.6415868735194,1036.5888865087309,6.026287981778559,6.333590440589564e-07,97.24640390836551
20,Log (High Het),TwoStage_DL_Normal,28,True,0.14942080024025173,90.0,161.56570241754352,161.07884928582678,1.0,6.333590440589564e-07,97.24640390836551
20,Log (High Het),TwoStage_DL_HKSJ,29,True,0.09488252489715698,98.0,1213.2118525733429,1213.1925244686115,5.946548097823229,8.588243386152311e-07,97.17206040883539
20,Log (High Het),TwoStage_DL_Normal,29,True,0.09488252489715698,92.0,191.3891501272892,191.04982376605238,1.0,8.588243386152311e-07,97.17206040883539
20,Log (High Het),TwoStage_DL_HKSJ,30,True,0.1500629540486855,96.0,1293.306869963811,1293.1834871888923,6.4893914151287735,8.123570653098382e-07,97.6253912697308
20,Log (High Het),TwoStage_DL_Normal,30,True,0.1500629540486855,90.0,187.32902406566137,186.61134037108852,1.0,8.123570653098382e-07,97.6253912697308
20,Log (High Het),TwoStage_DL_HKSJ,31,True,0.08400723676771586,96.0,1735.5420651754655,1735.407442040122,7.495059997865428,1.0162955299560708e-06,98.21987797942582
20,Log (High Het),TwoStage_DL_Normal,31,True,0.08400723676771586,91.0,217.64620967450762,216.82442013090585,1.0,1.0162955299560708e-06,98.21987797942582
20,Log (High Het),TwoStage_DL_HKSJ,32,True,0.25549338841189345,98.0,2013.451020186481,2013.4039024665908,8.035183297386066,1.2262222359856837e-06,98.45115334037902
20,Log (High Het),TwoStage_DL_Normal,32,True,0.25549338841189345,91.0,235.29755367529876,234.64806087374487,1.0,1.2262222359856837e-06,98.45115334037902
20,Log (High Het),TwoStage_DL_HKSJ,33,True,2.9716546430021675,99.0,1656.1548215486127,1656.1536749275006,7.030916405735995,1.1530404854322882e-06,97.97709200338294
20,Log (High Het),TwoStage_DL_Normal,33,True,2.9716546430021675,92.0,220.94220139490162,220.5822437345135,1.0,1.1530404854322882e-06,97.97709200338294
20,Log (High Het),TwoStage_DL_HKSJ,34,True,0.2072525697715107,97.0,1643.2287486339533,1643.1360902387441,7.358355725532165,1.0009752357243592e-06,98.15312100607984
20,Log (High Het),TwoStage_DL_Normal,34,True,0.2072525697715107,90.0,209.81453023431416,209.10990627122598,1.0,1.0009752357243592e-06,98.15312100607984
20,Log (High Het),TwoStage_DL_HKSJ,35,True,0.03162754416581522,97.0,1504.7735023113805,1504.730782790068,7.089766189829727,8.697633836946562e-07,98.01053559180332
20,Log (High Het),TwoStage_DL_Normal,35,True,0.03162754416581522,90.0,199.3288172971722,198.75073543442247,1.0,8.697633836946562e-07,98.01053559180332
20,Log (High Het),TwoStage_DL_HKSJ,36,True,0.03646938362867015,98.0,1882.7644668638877,1882.7426649482272,8.028242146539403,1.166665032761278e-06,98.44847394291621
20,Log (High Het),TwoStage_DL_Normal,36,True,0.03646938362867015,91.0,220.1820466483719,219.6101218700516,1.0,1.166665032761278e-06,98.44847394291621
20,Log (High Het),TwoStage_DL_HKSJ,37,True,0.18390975162938494,97.0,1233.579970543621,1233.4957273569742,6.250745068202034,8.019366369421081e-07,97.44061025074612
20,Log (High Het),TwoStage_DL_Normal,37,True,0.18390975162938494,90.0,185.3933951010167,184.79393541042617,1.0,8.019366369421081e-07,97.44061025074612
20,Log (High Het),TwoStage_DL_HKSJ,38,True,0.10990065456583535,99.0,1481.372159832342,1481.3553287481147,7.226349804862993,8.856949396481037e-07,98.08502971702198
20,Log (High Het),TwoStage_DL_Normal,38,True,0.10990065456583535,92.0,192.24491885286193,191.96502743769085,1.0,8.856949396481037e-07,98.08502971702198
20,Log (High Het),TwoStage_DL_HKSJ,39,True,0.04532027252978539,98.0,2111.1452163390145,2111.083839955396,7.902244639751581,1.378445769019134e-06,98.39860282186773
20,Log (High Het),TwoStage_DL_Normal,39,True,0.04532027252978539,91.0,250.84992743152074,250.1709412343429,1.0,1.378445769019134e-06,98.39860282186773
20,Log (High Het),TwoStage_DL_HKSJ,40,True,0.499020136977639,95.0,1016.9396629606509,1016.7931003520695,5.85099807310617,6.12955265433136e-07,97.07894260872378
20,Log (High Het),TwoStage_DL_Normal,40,True,0.499020136977639,90.0,163.45923179588561,162.73631862053335,1.0,6.12955265433136e-07,97.07894260872378
20,Log (High Het),TwoStage_DL_HKSJ,41,True,0.3689515648685482,95.0,1166.2125280301461,1165.998082783933,6.007102680718335,7.688207711823373e-07,97.22878711905283
20,Log (High Het),TwoStage_DL_Normal,41,True,0.3689515648685482,91.0,182.61457007775246,181.7668297478229,1.0,7.688207711823373e-07,97.22878711905283
20,Log (High Het),TwoStage_DL_HKSJ,42,True,0.15786125730118786,97.0,1606.598989112896,1606.5430094418793,6.9097145685411006,1.0814401568469359e-06,97.90550279666662
20,Log (High Het),TwoStage_DL_Normal,42,True,0.15786125730118786,91.0,218.30509739871025,217.72790858587086,1.0,1.0814401568469359e-06,97.90550279666662
20,Log (High Het),TwoStage_DL_HKSJ,43,True,0.7863665929446426,97.0,1216.8821209654545,1216.822886262077,6.486259627800556,7.085601657462052e-07,97.62309763200403
20,Log (High Het),TwoStage_DL_Normal,43,True,0.7863665929446426,91.0,176.20844173692979,175.67699449729804,1.0,7.085601657462052e-07,97.62309763200403
20,Log (High Het),TwoStage_DL_HKSJ,44,True,0.45004053642585523,95.0,1261.0343389215047,1260.8171827947242,6.568914338625592,7.050605599652738e-07,97.68253703249405
20,Log (High Het),TwoStage_DL_Normal,44,True,0.45004053642585523,90.0,180.6677310794359,179.73819339593322,1.0,7.050605599652738e-07,97.68253703249405
20,Log (High Het),TwoStage_DL_HKSJ,45,True,0.0573239982415356,98.0,2026.9188263587855,2026.880643796111,7.784043352087196,1.2958940114420918e-06,98.34959888646114
20,Log (High Het),TwoStage_DL_Normal,45,True,0.0573239982415356,91.0,244.43040396689577,243.83990535199112,1.0,1.2958940114420918e-06,98.34959888646114
20,Log (High Het),TwoStage_DL_HKSJ,46,True,0.14630343165425397,95.0,912.0355062798451,911.7442289064982,5.400011689038521,5.735708723557455e-07,96.5706595653617
20,Log (High Het),TwoStage_DL_Normal,46,True,0.14630343165425397,90.0,159.0688591295455,158.11030444247726,1.0,5.735708723557455e-07,96.5706595653617
20,Log (High Het),TwoStage_DL_HKSJ,47,True,0.1001570166036296,97.0,1361.7659567762873,1361.65557826929,6.82857286765401,8.406184268548705e-07,97.85543060577265
20,Log (High Het),TwoStage_DL_Normal,47,True,0.1001570166036296,90.0,187.47015476543527,186.7321825086543,1.0,8.406184268548705e-07,97.85543060577265
20,Log (High Het),TwoStage_DL_HKSJ,48,True,0.14264351997486532,99.0,1566.496451737005,1566.4718048886439,6.682602022931096,1.0720262828590971e-06,97.76071792156026
20,Log (High Het),TwoStage_DL_Normal,48,True,0.14264351997486532,92.0,219.7791185584052,219.51228792789382,1.0,1.0720262828590971e-06,97.76071792156026
20,Log (High Het),TwoStage_DL_HKSJ,49,True,6.4646444762914514,98.0,1731.45217764302,1731.4227323961122,7.224983329727354,1.18432615811846e-06,98.0843052844208
20,Log (High Het),TwoStage_DL_Normal,49,True,6.4646444762914514,91.0,224.93771197442496,224.41305482701898,1.0,1.18432615811846e-06,98.0843052844208
20,U-Shaped (Moderate Het),TwoStage_DL_HKSJ,0,True,0.006034838166910471,100.0,714.5566636183005,714.5566636183005,4.810933971887014,4.20248687982217e-07,95.67942839466824
20,U-Shaped (Moderate Het),TwoStage_DL_Normal,0,True,0.006034838166910471,94.0,139.14715599659078,139.08782920002852,1.0,4.20248687982217e-07,95.67942839466824
20,U-Shaped (Moderate Het),TwoStage_DL_HKSJ,1,True,0.012018135523071882,100.0,556.5014475788166,556.5014475788166,4.472786937117052,2.9374296811640266e-07,95.00145532249519
20,U-Shaped (Moderate Het),TwoStage_DL_Normal,1,True,0.012018135523071882,95.0,116.54689421126574,116.51180738064613,1.0,2.9374296811640266e-07,95.00145532249519
20,U-Shaped (Moderate Het),TwoStage_DL_HKSJ,2,True,0.004646126728097677,97.0,349.67434212424615,349.6704953258145,3.5252092010593983,1.910445414078739e-07,91.95307024854591
20,U-Shaped (Moderate Het),TwoStage_DL_Normal,2,True,0.004646126728097677,93.0,93.0079275484672,92.8872157992887,1.0,1.910445414078739e-07,91.95307024854591
20,U-Shaped (Moderate Het),TwoStage_DL_HKSJ,3,True,0.01422833518722785,100.0,854.8165607711161,854.8165607711161,5.353325633982315,5.038013486536257e-07,96.51058457299577
20,U-Shaped (Moderate Het),TwoStage_DL_Normal,3,True,0.01422833518722785,96.0,149.54569364352585,149.53095863348096,1.0,5.038013486536257e-07,96.51058457299577
20,U-Shaped (Moderate Het),TwoStage_DL_HKSJ,4,True,0.11915930078217261,100.0,682.1132616441785,682.1132616441785,4.735768268033231,4.414422554516349e-07,95.54118848973194
20,U-Shaped (Moderate Het),TwoStage_DL_Normal,4,True,0.11915930078217261,94.0,134.9602965455724,134.8801069808728,1.0,4.414422554516349e-07,95.54118848973194
20,U-Shaped (Moderate Het),TwoStage_DL_HKSJ,5,True,0.11549572340032817,100.0,800.1336435475728,800.1336435475728,5.337517856589678,4.4936018439662003e-07,96.48988521965533
20,U-Shaped (Moderate Het),TwoStage_DL_Normal,5,True,0.11549572340032817,93.0,140.52769909495316,140.3799368089706,1.0,4.4936018439662003e-07,96.48988521965533
20,U-Shaped (Moderate Het),TwoStage_DL_HKSJ,6,True,0.04772184906772678,100.0,520.9949301304001,520.9949301304001,4.465419542555657,3.3667337324975663e-07,94.98494774468787
20,U-Shaped (Moderate Het),TwoStage_DL_Normal,6,True,0.04772184906772678,93.0,109.33946568871133,109.25795820591468,1.0,3.3667337324975663e-07,94.98494774468787
20,U-Shaped (Moderate Het),TwoStage_DL_HKSJ,7,True,0.013083299915808554,100.0,934.4066695485649,934.4066695485649,5.513635168612052,5.778820653031274e-07,96.71054501077451
20,U-Shaped (Moderate Het),TwoStage_DL_Normal,7,True,0.013083299915808554,94.0,158.7916735322693,158.7010336969016,1.0,5.778820653031274e-07,96.71054501077451
20,U-Shaped (Moderate Het),TwoStage_DL_HKSJ,8,True,0.003319753124465386,100.0,1046.143260226123,1046.143260226123,5.9034205561076165,6.340758878320931e-07,97.13059035614859
20,U-Shaped (Moderate Het),TwoStage_DL_Normal,8,True,0.003319753124465386,95.0,165.971741066711,165.94695584246824,1.0,6.340758878320931e-07,97.13059035614859
20,U-Shaped (Moderate Het),TwoStage_DL_HKSJ,9,True,0.05211574768615952,100.0,518.1708208431871,518.1708208431871,4.25782891427561,2.9506568854948587e-07,94.48400852556274
20,U-Shaped (Moderate Het),TwoStage_DL_Normal,9,True,0.05211574768615952,94.0,114.01393535709654,113.96371509481298,1.0,2.9506568854948587e-07,94.48400852556274
20,U-Shaped (Moderate Het),TwoStage_DL_HKSJ,10,True,0.008995552698001721,100.0,1120.0482152773004,1120.0482152773004,6.001711304878672,6.610831599027352e-07,97.22380608612582
20,U-Shaped (Moderate Het),TwoStage_DL_Normal,10,True,0.008995552698001721,93.0,174.88330845493812,174.76057664746406,1.0,6.610831599027352e-07,97.22380608612582
20,U-Shaped (Moderate Het),TwoStage_DL_HKSJ,11,True,0.04715152456858764,100.0,368.934291668871,368.934291668871,3.6161883306024323,2.0649350363426433e-07,92.35287975439627
20,U-Shaped (Moderate Het),TwoStage_DL_Normal,11,True,0.04715152456858764,100.0,95.53881169686787,95.53881169686787,1.0,2.0649350363426433e-07,92.35287975439627
20,U-Shaped (Moderate Het),TwoStage_DL_HKSJ,12,True,0.0025085663534124545,100.0,703.0757430573196,703.0757430573196,4.807303462090442,4.1039189837364345e-07,95.67290007761613
20,U-Shaped (Moderate Het),TwoStage_DL_Normal,12,True,0.0025085663534124545,96.0,136.97694069792124,136.95643047960192,1.0,4.1039189837364345e-07,95.67290007761613
20,U-Shaped (Moderate Het),TwoStage_DL_HKSJ,13,True,0.033393949178219966,100.0,738.0790909213417,738.0790909213417,5.122806341548721,4.1763873362116275e-07,96.18948107353283
20,U-Shaped (Moderate Het),TwoStage_DL_Normal,13,True,0.033393949178219966,94.0,135.00178965430098,134.92015010051713,1.0,4.1763873362116275e-07,96.18948107353283
20,U-Shaped (Moderate Het),TwoStage_DL_HKSJ,14,True,0.01032493447138338,100.0,536.1259732335624,536.1259732335624,4.429641077355511,2.8906452404724773e-07,94.9036068386527
20,U-Shaped (Moderate Het),TwoStage_DL_Normal,14,True,0.01032493447138338,96.0,113.34704754291911,113.33920487716276,1.0,2.8906452404724773e-07,94.9036068386527
20,U-Shaped (Moderate Het),TwoStage_DL_HKSJ,15,True,0.013912146970667307,100.0,711.0444862732473,711.0444862732473,4.943147597837195,4.366451990483412e-07,95.90746084267168
20,U-Shaped (Moderate Het),TwoStage_DL_Normal,15,True,0.013912146970667307,93.0,134.77183364044745,134.7023109643733,1.0,4.366451990483412e-07,95.90746084267168
20,U-Shaped (Moderate Het),TwoStage_DL_HKSJ,16,True,0.004320180259156694,100.0,579.9874520821339,579.9874520821339,4.195692694953919,3.9600495419864e-07,94.31942031058864
20,U-Shaped (Moderate Het),TwoStage_DL_Normal,16,True,0.004320180259156694,97.0,129.45409533323416,129.44842713886544,1.0,3.9600495419864e-07,94.31942031058864
20,U-Shaped (Moderate Het),TwoStage_DL_HKSJ,17,True,0.037114700726437626,100.0,618.0709269965733,618.0709269965733,4.515616040194599,3.522501489319755e-07,95.09582469745632
20,U-Shaped (Moderate Het),TwoStage_DL_Normal,17,True,0.037114700726437626,99.0,128.17616137935377,128.17495107409067,1.0,3.522501489319755e-07,95.09582469745632
20,U-Shaped (Moderate Het),TwoStage_DL_HKSJ,18,True,0.0038945223485950618,100.0,538.4147131682673,538.4147131682673,4.32207481931456,3.0596543005244703e-07,94.64677572513315
20,U-Shaped (Moderate Het),TwoStage_DL_Normal,18,True,0.0038945223485950618,100.0,116.65584138534572,116.65584138534572,1.0,3.0596543005244703e-07,94.64677572513315
20,U-Shaped (Moderate Het),TwoStage_DL_HKSJ,19,True,17.70065914903455,96.0,537.7943061146832,537.7522140807379,4.216890266893317,3.2176659427652903e-07,94.37638733495243
20,U-Shaped (Moderate Het),TwoStage_DL_Normal,19,True,17.70065914903455,92.0,119.64875095263713,119.41854052448387,1.0,3.2176659427652903e-07,94.37638733495243
20,U-Shaped (Moderate Het),TwoStage_DL_HKSJ,20,True,0.009861677565149198,100.0,685.4854446609143,685.4854446609143,4.677311861808043,4.1442670942510356e-07,95.42904080132713
20,U-Shaped (Moderate Het),TwoStage_DL_Normal,20,True,0.009861677565149198,94.0,137.3105954469561,137.2409645628367,1.0,4.1442670942510356e-07,95.42904080132713
20,U-Shaped (Moderate Het),TwoStage_DL_HKSJ,21,True,0.022854011663999568,98.0,314.1846113907488,314.18278844813335,3.3837046008835876,1.6695877831094915e-07,91.26596121376177
20,U-Shaped (Moderate Het),TwoStage_DL_Normal,21,True,0.022854011663999568,92.0,87.09267602243006,86.95044314675792,1.0,1.6695877831094915e-07,91.26596121376177
20,U-Shaped (Moderate Het),TwoStage_DL_HKSJ,22,True,0.0358182711178603,100.0,516.7402637184834,516.7402637184834,4.039458846427432,3.1977134337909887e-07,93.8715079915894
20,U-Shaped (Moderate Het),TwoStage_DL_Normal,22,True,0.0358182711178603,94.0,119.8507583909566,119.79286903149931,1.0,3.1977134337909887e-07,93.8715079915894
20,U-Shaped (Moderate Het),TwoStage_DL_HKSJ,23,True,0.18583294575469883,100.0,359.5527031976594,359.5527031976594,3.4201484627672554,2.108419162541004e-07,91.4511030289553
20,U-Shaped (Moderate Het),TwoStage_DL_Normal,23,True,0.18583294575469883,95.0,98.4818987785954,98.44631208012817,1.0,2.108419162541004e-07,91.4511030289553
20,U-Shaped (Moderate Het),TwoStage_DL_HKSJ,24,True,0.0028763609150897072,100.0,609.5698537815997,609.5698537815997,4.784008107128257,3.401269213801651e-07,95.63065652430417
20,U-Shaped (Moderate Het),TwoStage_DL_Normal,24,True,0.0028763609150897072,95.0,119.3685368626592,119.32004973491594,1.0,3.401269213801651e-07,95.63065652430417
20,U-Shaped (Moderate Het),TwoStage_DL_HKSJ,25,True,0.0012639431825808092,100.0,632.5933183178614,632.5933183178614,4.6041513849510345,3.7073565283397387e-07,95.28262055544519
20,U-Shaped (Moderate Het),TwoStage_DL_Normal,25,True,0.0012639431825808092,96.0,128.6773818771941,128.6639432494742,1.0,3.7073565283397387e-07,95.28262055544519
20,U-Shaped (Moderate Het),TwoStage_DL_HKSJ,26,True,0.009674729037891648,100.0,743.8230386432729,743.8230386432729,5.17263342830703,4.0042946106687595e-07,96.26253963507021
20,U-Shaped (Moderate Het),TwoStage_DL_Normal,26,True,0.009674729037891648,95.0,134.71638752878087,134.6603613174798,1.0,4.0042946106687595e-07,96.26253963507021
20,U-Shaped (Moderate Het),TwoStage_DL_HKSJ,27,True,0.022799538475437878,100.0,970.5683728954563,970.5683728954563,5.53513540588907,5.868901850621312e-07,96.73604997141516
20,U-Shaped (Moderate Het),TwoStage_DL_Normal,27,True,0.022799538475437878,100.0,164.20248960839538,164.20248960839538,1.0,5.868901850621312e-07,96.73604997141516
20,U-Shaped (Moderate Het),TwoStage_DL_HKSJ,28,True,0.0005856126047523681,100.0,536.1357131203794,536.1357131203794,4.351630136920202,3.2492104889251583e-07,94.71924464077219
20,U-Shaped (Moderate Het),TwoStage_DL_Normal,28,True,0.0005856126047523681,100.0,115.37311367492214,115.37311367492214,1.0,3.2492104889251583e-07,94.71924464077219
20,U-Shaped (Moderate Het),TwoStage_DL_HKSJ,29,True,0.013373006403085126,100.0,425.5513936970348,425.5513936970348,3.893560028568976,2.4647688262895805e-07,93.40361112673311
20,U-Shaped (Moderate Het),TwoStage_DL_Normal,29,True,0.013373006403085126,92.0,102.49970218241177,102.34979902179222,1.0,2.4647688262895805e-07,93.40361112673311
20,U-Shaped (Moderate Het),TwoStage_DL_HKSJ,30,True,0.026037574283756748,100.0,592.6312539698413,592.6312539698413,4.514486838081599,3.5251706932643463e-07,95.09337104197148
20,U-Shaped (Moderate Het),TwoStage_DL_Normal,30,True,0.026037574283756748,97.0,122.93691247112979,122.93003691033026,1.0,3.5251706932643463e-07,95.09337104197148
20,U-Shaped (Moderate Het),TwoStage_DL_HKSJ,31,True,0.0023214784303698306,100.0,885.3634117151953,885.3634117151953,5.646727041091177,4.66029091038099e-07,96.8637807909284
20,U-Shaped (Moderate Het),TwoStage_DL_Normal,31,True,0.0023214784303698306,94.0,146.941732691555,146.82723741393903,1.0,4.66029091038099e-07,96.8637807909284
20,U-Shaped (Moderate Het),TwoStage_DL_HKSJ,32,True,0.027263955485715342,100.0,938.3900507944213,938.3900507944213,5.650935948702231,5.385437528793458e-07,96.86845086371346
20,U-Shaped (Moderate Het),TwoStage_DL_Normal,32,True,0.027263955485715342,100.0,155.50518046530928,155.50518046530928,1.0,5.385437528793458e-07,96.86845086371346
20,U-Shaped (Moderate Het),TwoStage_DL_HKSJ,33,True,1.0141842119794955,100.0,739.7121628081886,739.7121628081886,5.109536411436179,4.355348939761052e-07,96.16966284458454
20,U-Shaped (Moderate Het),TwoStage_DL_Normal,33,True,1.0141842119794955,94.0,135.590691448947,135.56984925277203,1.0,4.355348939761052e-07,96.16966284458454
20,U-Shaped (Moderate Het),TwoStage_DL_HKSJ,34,True,0.0012342407060670897,100.0,794.6614588433805,794.6614588433805,5.198744070562154,4.690305315891558e-07,96.29998807380554
20,U-Shaped (Moderate Het),TwoStage_DL_Normal,34,True,0.0012342407060670897,97.0,143.14893841960603,143.14150000739414,1.0,4.690305315891558e-07,96.29998807380554
20,U-Shaped (Moderate Het),TwoStage_DL_HKSJ,35,True,0.029932187556204585,100.0,558.4039866485015,558.4039866485015,4.556626910391405,2.8996822014697975e-07,95.18370523424623
20,U-Shaped (Moderate Het),TwoStage_DL_Normal,35,True,0.029932187556204585,100.0,114.75903597503468,114.75903597503468,1.0,2.8996822014697975e-07,95.18370523424623
20,U-Shaped (Moderate Het),TwoStage_DL_HKSJ,36,True,0.036207782035986374,100.0,778.7039813055642,778.7039813055642,5.368035072414826,4.4638952461580543e-07,96.52968169786631
20,U-Shaped (Moderate Het),TwoStage_DL_Normal,36,True,0.036207782035986374,100.0,135.8435124010393,135.8435124010393,1.0,4.4638952461580543e-07,96.52968169786631
20,U-Shaped (Moderate Het),TwoStage_DL_HKSJ,37,True,0.0013122336521543972,100.0,644.1984968528407,644.1984968528407,4.797479469905681,3.713100142686988e-07,95.6551603790143
20,U-Shaped (Moderate Het),TwoStage_DL_Normal,37,True,0.0013122336521543972,100.0,125.7443366060961,125.7443366060961,1.0,3.713100142686988e-07,95.6551603790143
20,U-Shaped (Moderate Het),TwoStage_DL_HKSJ,38,True,0.005093019900296117,100.0,703.8174086907778,703.8174086907778,4.981300394172376,4.2075942002774195e-07,95.96991194565648
20,U-Shaped (Moderate Het),TwoStage_DL_Normal,38,True,0.005093019900296117,93.0,132.46040744439534,132.31196648334907,1.0,4.2075942002774195e-07,95.96991194565648
20,U-Shaped (Moderate Het),TwoStage_DL_HKSJ,39,True,0.011560324773204208,100.0,1076.389387452052,1076.389387452052,5.756131822271003,6.753890030433457e-07,96.98186586295424
20,U-Shaped (Moderate Het),TwoStage_DL_Normal,39,True,0.011560324773204208,97.0,175.12000414732037,175.11386265402467,1.0,6.753890030433457e-07,96.98186586295424
20,U-Shaped (Moderate Het),TwoStage_DL_HKSJ,40,True,0.8182105182657641,100.0,434.0306259314961,434.0306259314961,4.041345470001148,2.34101103039761e-07,93.87722859072946
20,U-Shaped (Moderate Het),TwoStage_DL_Normal,40,True,0.8182105182657641,100.0,100.57180617441293,100.57180617441293,1.0,2.34101103039761e-07,93.87722859072946
20,U-Shaped (Moderate Het),TwoStage_DL_HKSJ,41,True,0.08325253796849261,100.0,553.0393422488016,553.0393422488016,4.367207309046417,3.2723401058888143e-07,94.75684877825036
20,U-Shaped (Moderate Het),TwoStage_DL_Normal,41,True,0.08325253796849261,94.0,118.68195314345206,118.58617770077255,1.0,3.2723401058888143e-07,94.75684877825036
20,U-Shaped (Moderate Het),TwoStage_DL_HKSJ,42,True,0.021037953232852794,100.0,775.4571195479543,775.4571195479543,5.104944888690268,4.616011739723001e-07,96.16276953243317
20,U-Shaped (Moderate Het),TwoStage_DL_Normal,42,True,0.021037953232852794,100.0,142.24879019613053,142.24879019613053,1.0,4.616011739723001e-07,96.16276953243317
20,U-Shaped (Moderate Het),TwoStage_DL_HKSJ,43,True,0.10453307851412791,100.0,558.5524238628531,558.5524238628531,4.300269238384025,3.396582920086517e-07,94.59234837963743
20,U-Shaped (Moderate Het),TwoStage_DL_Normal,43,True,0.10453307851412791,99.0,121.63311151839923,121.63264337436351,1.0,3.396582920086517e-07,94.59234837963743
20,U-Shaped (Moderate Het),TwoStage_DL_HKSJ,44,True,0.07197785180120791,100.0,642.9394854019947,642.9394854019947,4.7758225728434285,3.468555306199356e-07,95.61566599214396
20,U-Shaped (Moderate Het),TwoStage_DL_Normal,44,True,0.07197785180120791,94.0,126.15500651702312,126.06768160095199,1.0,3.468555306199356e-07,95.61566599214396
20,U-Shaped (Moderate Het),TwoStage_DL_HKSJ,45,True,0.031220054605016957,100.0,955.1657094481889,955.1657094481889,5.4217320736992525,5.932007781007931e-07,96.59808157344146
20,U-Shaped (Moderate Het),TwoStage_DL_Normal,45,True,0.031220054605016957,96.0,164.9957131595112,164.9766658876624,1.0,5.932007781007931e-07,96.59808157344146
20,U-Shaped (Moderate Het),TwoStage_DL_HKSJ,46,True,0.007310688217403915,100.0,517.1781303607207,517.1781303607207,4.217656786751862,3.025266411383635e-07,94.37843122770889
20,U-Shaped (Moderate Het),TwoStage_DL_Normal,46,True,0.007310688217403915,94.0,114.90026947660436,114.82878447994172,1.0,3.025266411383635e-07,94.37843122770889
20,U-Shaped (Moderate Het),TwoStage_DL_HKSJ,47,True,0.022105554295933257,100.0,565.881256590256,565.881256590256,4.520590939743931,3.3126723562505023e-07,95.10661282448594
20,U-Shaped (Moderate Het),TwoStage_DL_Normal,47,True,0.022105554295933257,95.0,117.2417534840121,117.22276220581205,1.0,3.3126723562505023e-07,95.10661282448594
20,U-Shaped (Moderate Het),TwoStage_DL_HKSJ,48,True,0.005386335326747867,100.0,590.1938019170316,590.1938019170316,4.409171935696131,3.495590107139568e-07,94.85617800625417
20,U-Shaped (Moderate Het),TwoStage_DL_Normal,48,True,0.005386335326747867,92.0,125.4969990653537,125.3485924646217,1.0,3.495590107139568e-07,94.85617800625417
20,U-Shaped (Moderate Het),TwoStage_DL_HKSJ,49,True,0.32483926603359037,100.0,780.7109888508519,780.7109888508519,5.122836091894184,4.789489596988974e-07,96.18952533180043
20,U-Shaped (Moderate Het),TwoStage_DL_Normal,49,True,0.32483926603359037,96.0,142.7203297436225,142.71239137130215,1.0,4.789489596988974e-07,96.18952533180043
25,Quadratic (Moderate Het),TwoStage_DL_HKSJ,0,True,0.011398376173904623,100.0,606.4172079474599,606.4172079474599,4.859873367301978,3.762863908381655e-07,95.76600740800758
25,Quadratic (Moderate Het),TwoStage_DL_Normal,0,True,0.011398376173904623,95.0,118.51791193661029,118.49889113421835,1.0,3.762863908381655e-07,95.76600740800758
25,Quadratic (Moderate Het),TwoStage_DL_HKSJ,1,True,0.002507590404108648,100.0,542.7854760691246,542.7854760691246,4.582422524825504,3.518503773178167e-07,95.23777689391851
25,Quadratic (Moderate Het),TwoStage_DL_Normal,1,True,0.002507590404108648,94.0,112.55279907930863,112.48660519981188,1.0,3.518503773178167e-07,95.23777689391851
25,Quadratic (Moderate Het),TwoStage_DL_HKSJ,2,True,0.008644346891897055,100.0,512.4528019319307,512.4528019319307,4.337708059957274,3.423939008974031e-07,94.68529257992195
25,Quadratic (Moderate Het),TwoStage_DL_Normal,2,True,0.008644346891897055,99.0,112.19231162083224,112.1918412679963,1.0,3.423939008974031e-07,94.68529257992195
25,Quadratic (Moderate Het),TwoStage_DL_HKSJ,3,True,0.10613589815323031,100.0,618.8659775347455,618.8659775347455,4.915105133045808,4.051475353211336e-07,95.86062877302342
25,Quadratic (Moderate Het),TwoStage_DL_Normal,3,True,0.10613589815323031,94.0,119.65616932037472,119.57255769449141,1.0,4.051475353211336e-07,95.86062877302342
25,Quadratic (Moderate Het),TwoStage_DL_HKSJ,4,True,0.012388520148745648,100.0,887.6910858304011,887.6910858304011,5.795760659415934,6.047622565062975e-07,97.02299808002464
25,Quadratic (Moderate Het),TwoStage_DL_Normal,4,True,0.012388520148745648,93.0,145.57561486863855,145.45181304999326,1.0,6.047622565062975e-07,97.02299808002464
25,Quadratic (Moderate Het),TwoStage_DL_HKSJ,5,True,0.0066578074244266336,100.0,587.6825309472052,587.6825309472052,4.548344069381018,4.2934819308295843e-07,95.1661476674683
25,Quadratic (Moderate Het),TwoStage_DL_Normal,5,True,0.0066578074244266336,95.0,122.72719549238842,122.70356871083244,1.0,4.2934819308295843e-07,95.1661476674683
25,Quadratic (Moderate Het),TwoStage_DL_HKSJ,6,True,0.0026465775374675425,100.0,437.4050274411919,437.4050274411919,4.187217261202679,3.073824656065364e-07,94.29640067733327
25,Quadratic (Moderate Het),TwoStage_DL_Normal,6,True,0.0026465775374675425,100.0,99.20327226290517,99.20327226290517,1.0,3.073824656065364e-07,94.29640067733327
25,Quadratic (Moderate Het),TwoStage_DL_HKSJ,7,True,0.0027392973520232373,100.0,667.8830488998153,667.8830488998153,4.980953701400125,4.4488355759751227e-07,95.96935090810868
25,Quadratic (Moderate Het),TwoStage_DL_Normal,7,True,0.0027392973520232373,94.0,127.41127538395548,127.33730060460267,1.0,4.4488355759751227e-07,95.96935090810868
25,Quadratic (Moderate Het),TwoStage_DL_HKSJ,8,True,0.01087789032405725,100.0,467.43558260913125,467.43558260913125,4.351809289354656,3.018129788314876e-07,94.71967942117824
25,Quadratic (Moderate Het),TwoStage_DL_Normal,8,True,0.01087789032405725,95.0,102.01727650434881,102.00457182969781,1.0,3.018129788314876e-07,94.71967942117824
25,Quadratic (Moderate Het),TwoStage_DL_HKSJ,9,True,0.0048742477646830555,100.0,466.56759653696224,466.56759653696224,4.080654739436084,3.342691001408383e-07,93.99462270198647
25,Quadratic (Moderate Het),TwoStage_DL_Normal,9,True,0.0048742477646830555,95.0,108.60078923999941,108.58065204886569,1.0,3.342691001408383e-07,93.99462270198647
25,Quadratic (Moderate Het),TwoStage_DL_HKSJ,10,True,0.025530175816309,100.0,461.89922366773345,461.89922366773345,4.209128371753215,3.348734936498364e-07,94.35562762675782
25,Quadratic (Moderate Het),TwoStage_DL_Normal,10,True,0.025530175816309,94.0,104.25672462222285,104.21321256789983,1.0,3.348734936498364e-07,94.35562762675782
25,Quadratic (Moderate Het),TwoStage_DL_HKSJ,11,True,0.00965043462091378,100.0,374.9576710086733,374.9576710086733,3.8580407573983795,2.3368321429354586e-07,93.28159195528704
25,Quadratic (Moderate Het),TwoStage_DL_Normal,11,True,0.00965043462091378,100.0,92.2960584399978,92.2960584399978,1.0,2.3368321429354586e-07,93.28159195528704
25,Quadratic (Moderate Het),TwoStage_DL_HKSJ,12,True,0.0027788063731496704,100.0,889.6438170013021,889.6438170013021,5.904416005219118,6.295786081661217e-07,97.1315578050872
25,Quadratic (Moderate Het),TwoStage_DL_Normal,12,True,0.0027788063731496704,94.0,143.22305522590995,143.08922746086432,1.0,6.295786081661217e-07,97.1315578050872
25,Quadratic (Moderate Het),TwoStage_DL_HKSJ,13,True,0.0005562885290261554,100.0,430.48857767571195,430.48857767571195,4.174323775525383,2.5970622787839467e-07,94.26111215984591
25,Quadratic (Moderate Het),TwoStage_DL_Normal,13,True,0.0005562885290261554,95.0,97.96405217121266,97.93619438286481,1.0,2.5970622787839467e-07,94.26111215984591
25,Quadratic (Moderate Het),TwoStage_DL_HKSJ,14,True,0.22085423731415038,96.0,448.48131345596744,448.46990345643326,4.158768444965744,3.384437383675424e-07,94.21810074888148
25,Quadratic (Moderate Het),TwoStage_DL_Normal,14,True,0.22085423731415038,93.0,102.56317128047353,102.40856627397451,1.0,3.384437383675424e-07,94.21810074888148
25,Quadratic (Moderate Het),TwoStage_DL_HKSJ,15,True,0.007803717695605289,100.0,567.3662259457235,567.3662259457235,4.677074014223244,3.7640632879198553e-07,95.42857588704685
25,Quadratic (Moderate Het),TwoStage_DL_Normal,15,True,0.007803717695605289,95.0,115.2167173662385,115.2011886007371,1.0,3.7640632879198553e-07,95.42857588704685
25,Quadratic (Moderate Het),TwoStage_DL_HKSJ,16,True,0.00480885711395959,95.0,443.51204184213316,443.4864739045361,4.169273487448704,2.768519140774222e-07,94.24720057997004
25,Quadratic (Moderate Het),TwoStage_DL_Normal,16,True,0.00480885711395959,92.0,101.22529048476218,101.01543016573407,1.0,2.768519140774222e-07,94.24720057997004
25,Quadratic (Moderate Het),TwoStage_DL_HKSJ,17,True,0.0014310838125861322,100.0,540.3550155811379,540.3550155811379,4.492142504510864,3.490675787169214e-07,95.04443758883768
25,Quadratic (Moderate Het),TwoStage_DL_Normal,17,True,0.0014310838125861322,100.0,114.23347412362227,114.23347412362227,1.0,3.490675787169214e-07,95.04443758883768
25,Quadratic (Moderate Het),TwoStage_DL_HKSJ,18,True,0.0011538681599841103,100.0,525.2946476259727,525.2946476259727,4.438068579935187,3.40529772172536e-07,94.92294366805434
25,Quadratic (Moderate Het),TwoStage_DL_Normal,18,True,0.0011538681599841103,100.0,112.4026860906862,112.4026860906862,1.0,3.40529772172536e-07,94.92294366805434
25,Quadratic (Moderate Het),TwoStage_DL_HKSJ,19,True,0.002793258433868644,100.0,466.2866245060871,466.2866245060871,4.291845364453082,2.9539077137266654e-07,94.57109967337097
25,Quadratic (Moderate Het),TwoStage_DL_Normal,19,True,0.002793258433868644,94.0,103.20336030774223,103.17550777172633,1.0,2.9539077137266654e-07,94.57109967337097
25,Quadratic (Moderate Het),TwoStage_DL_HKSJ,20,True,1.122082863908486,100.0,734.8611760168371,734.8611760168371,5.274865418955386,4.989221870024851e-07,96.4060069524358
25,Quadratic (Moderate Het),TwoStage_DL_Normal,20,True,1.122082863908486,94.0,132.34549759243063,132.30054790458004,1.0,4.989221870024851e-07,96.4060069524358
25,Quadratic (Moderate Het),TwoStage_DL_HKSJ,21,True,0.004914153422014964,95.0,337.9528232616924,337.9209596009561,3.479297226539805,2.3814979244948059e-07,91.73929832893043
25,Quadratic (Moderate Het),TwoStage_DL_Normal,21,True,0.004914153422014964,92.0,92.41123681551682,92.23405912123728,1.0,2.3814979244948059e-07,91.73929832893043
25,Quadratic (Moderate Het),TwoStage_DL_HKSJ,22,True,0.001265001479937149,100.0,588.4509087163897,588.4509087163897,4.752592885297788,3.8561640424536666e-07,95.57270181896553
25,Quadratic (Moderate Het),TwoStage_DL_Normal,22,True,0.001265001479937149,97.0,117.5863115264526,117.58376100096335,1.0,3.8561640424536666e-07,95.57270181896553
25,Quadratic (Moderate Het),TwoStage_DL_HKSJ,23,True,0.07713025452401484,100.0,677.691191156273,677.691191156273,5.154205660754773,4.254471397538735e-07,96.23576686895878
25,Quadratic (Moderate Het),TwoStage_DL_Normal,23,True,0.07713025452401484,100.0,124.86416577843256,124.86416577843256,1.0,4.254471397538735e-07,96.23576686895878
25,Quadratic (Moderate Het),TwoStage_DL_HKSJ,24,True,0.0005803259258819869,100.0,324.0532999354058,324.0532999354058,3.845264326317925,2.201415397754127e-07,93.2368720747975
25,Quadratic (Moderate Het),TwoStage_DL_Normal,24,True,0.0005803259258819869,94.0,80.04695221886625,80.03095005177839,1.0,2.201415397754127e-07,93.2368720747975
25,Quadratic (Moderate Het),TwoStage_DL_HKSJ,25,True,0.004051760902919177,100.0,577.2214480505862,577.2214480505862,4.779332695976903,3.5497869031067843e-07,95.6221036694806
25,Quadratic (Moderate Het),TwoStage_DL_Normal,25,True,0.004051760902919177,93.0,114.8085615456312,114.69458637744575,1.0,3.5497869031067843e-07,95.6221036694806
25,Quadratic (Moderate Het),TwoStage_DL_HKSJ,26,True,0.08135767288918531,100.0,1061.967933002934,1061.967933002934,6.113094459828579,7.652849139680909e-07,97.3240512789091
25,Quadratic (Moderate Het),TwoStage_DL_Normal,26,True,0.08135767288918531,95.0,165.0083334411037,164.97495533781267,1.0,7.652849139680909e-07,97.3240512789091
25,Quadratic (Moderate Het),TwoStage_DL_HKSJ,27,True,0.04720232669510846,100.0,888.6936608295478,888.6936608295478,5.903080311667625,5.800897297963279e-07,97.13025956992782
25,Quadratic (Moderate Het),TwoStage_DL_Normal,27,True,0.04720232669510846,93.0,143.08892124905748,142.9687478069024,1.0,5.800897297963279e-07,97.13025956992782
25,Quadratic (Moderate Het),TwoStage_DL_HKSJ,28,True,0.22855712259652086,100.0,608.3303088482021,608.3303088482021,4.987948326709508,3.820099918706948e-07,95.98064738144659
25,Quadratic (Moderate Het),TwoStage_DL_Normal,28,True,0.22855712259652086,95.0,115.8563342010093,115.82044577672742,1.0,3.820099918706948e-07,95.98064738144659
25,Quadratic (Moderate Het),TwoStage_DL_HKSJ,29,True,0.006440679234044356,100.0,539.0047875804706,539.0047875804706,4.569499180777277,3.3656104380875925e-07,95.21080200079065
25,Quadratic (Moderate Het),TwoStage_DL_Normal,29,True,0.006440679234044356,100.0,112.0190130303826,112.0190130303826,1.0,3.3656104380875925e-07,95.21080200079065
25,Quadratic (Moderate Het),TwoStage_DL_HKSJ,30,True,0.046232148323669356,100.0,952.3515996022916,952.3515996022916,5.860396527151603,6.407349081301232e-07,97.08830423116086
25,Quadratic (Moderate Het),TwoStage_DL_Normal,30,True,0.046232148323669356,100.0,154.3256220729878,154.3256220729878,1.0,6.407349081301232e-07,97.08830423116086
25,Quadratic (Moderate Het),TwoStage_DL_HKSJ,31,True,0.06915323464744352,100.0,606.0045289934579,606.0045289934579,4.974749094579848,3.8809395654666255e-07,95.95929042546759
25,Quadratic (Moderate Het),TwoStage_DL_Normal,31,True,0.06915323464744352,96.0,115.69431518270001,115.6837641100501,1.0,3.8809395654666255e-07,95.95929042546759
25,Quadratic (Moderate Het),TwoStage_DL_HKSJ,32,True,0.002444346596968914,100.0,821.7547172278518,821.7547172278518,5.505721224514514,5.430487545825601e-07,96.7010816647441
25,Quadratic (Moderate Het),TwoStage_DL_Normal,32,True,0.002444346596968914,100.0,141.74107137698925,141.74107137698925,1.0,5.430487545825601e-07,96.7010816647441
25,Quadratic (Moderate Het),TwoStage_DL_HKSJ,33,True,0.04132030610638591,100.0,481.81243931728983,481.81243931728983,4.245395430444819,3.234656345461303e-07,94.45165185990484
25,Quadratic (Moderate Het),TwoStage_DL_Normal,33,True,0.04132030610638591,100.0,107.7773703750174,107.7773703750174,1.0,3.234656345461303e-07,94.45165185990484
25,Quadratic (Moderate Het),TwoStage_DL_HKSJ,34,True,0.001531429630377914,100.0,395.5899014074106,395.5899014074106,3.8595332810318794,2.910412347753543e-07,93.28678711397959
25,Quadratic (Moderate Het),TwoStage_DL_Normal,34,True,0.001531429630377914,94.0,97.38990431158254,97.33703862624738,1.0,2.910412347753543e-07,93.28678711397959
25,Quadratic (Moderate Het),TwoStage_DL_HKSJ,35,True,0.027043033366827864,100.0,1067.7113021781524,1067.7113021781524,6.513018881290447,7.311810857263702e-07,97.64258889184406
25,Quadratic (Moderate Het),TwoStage_DL_Normal,35,True,0.027043033366827864,100.0,155.68229520416358,155.68229520416358,1.0,7.311810857263702e-07,97.64258889184406
25,Quadratic (Moderate Het),TwoStage_DL_HKSJ,36,True,0.001265773616768869,100.0,460.9668023962068,460.9668023962068,4.100442509904061,3.170499956403587e-07,94.05244392354938
25,Quadratic (Moderate Het),TwoStage_DL_Normal,36,True,0.001265773616768869,94.0,106.79716296941783,106.75952811215642,1.0,3.170499956403587e-07,94.05244392354938
25,Quadratic (Moderate Het),TwoStage_DL_HKSJ,37,True,0.019593373910477524,100.0,757.5705096312226,757.5705096312226,5.354599152273179,5.339546983194974e-07,96.51224419523516
25,Quadratic (Moderate Het),TwoStage_DL_Normal,37,True,0.019593373910477524,95.0,134.38483091241028,134.3580890665144,1.0,5.339546983194974e-07,96.51224419523516
25,Quadratic (Moderate Het),TwoStage_DL_HKSJ,38,True,0.004589338929152555,100.0,592.8561114973788,592.8561114973788,4.708544119683018,3.9004771263254815e-07,95.48947897387428
25,Quadratic (Moderate Het),TwoStage_DL_Normal,38,True,0.004589338929152555,100.0,119.57224408425056,119.57224408425056,1.0,3.9004771263254815e-07,95.48947897387428
25,Quadratic (Moderate Het),TwoStage_DL_HKSJ,39,True,0.017277714094237985,100.0,642.4436356749087,642.4436356749087,5.080373766274173,4.3340925282986327e-07,96.12556240249604
25,Quadratic (Moderate Het),TwoStage_DL_Normal,39,True,0.017277714094237985,97.0,120.0963280473613,120.09006762022719,1.0,4.3340925282986327e-07,96.12556240249604
25,Quadratic (Moderate Het),TwoStage_DL_HKSJ,40,True,0.2760730734518918,100.0,585.5174872237521,585.5174872237521,4.774387380325448,3.8597523889844515e-07,95.61302971292614
25,Quadratic (Moderate Het),TwoStage_DL_Normal,40,True,0.2760730734518918,100.0,116.46352742726678,116.46352742726678,1.0,3.8597523889844515e-07,95.61302971292614
25,Quadratic (Moderate Het),TwoStage_DL_HKSJ,41,True,0.010062004780959281,100.0,792.1006789936722,792.1006789936722,5.287768829948587,6.367407358825303e-07,96.42352594321125
25,Quadratic (Moderate Het),TwoStage_DL_Normal,41,True,0.010062004780959281,100.0,142.25765586998318,142.25765586998318,1.0,6.367407358825303e-07,96.42352594321125
25,Quadratic (Moderate Het),TwoStage_DL_HKSJ,42,True,0.11111522781016889,100.0,393.51025551301586,393.51025551301586,3.796204721237111,2.878256802998759e-07,93.06093828477493
25,Quadratic (Moderate Het),TwoStage_DL_Normal,42,True,0.11111522781016889,94.0,98.49165239029433,98.4405776029456,1.0,2.878256802998759e-07,93.06093828477493
25,Quadratic (Moderate Het),TwoStage_DL_HKSJ,43,True,0.0085102328552866,100.0,626.0425354674123,626.0425354674123,4.9638061121186405,4.1217563251588474e-07,95.94145485620453
25,Quadratic (Moderate Het),TwoStage_DL_Normal,43,True,0.0085102328552866,94.0,119.80960726799516,119.77240086309472,1.0,4.1217563251588474e-07,95.94145485620453
25,Quadratic (Moderate Het),TwoStage_DL_HKSJ,44,True,0.002908722169148829,100.0,582.8186028469153,582.8186028469153,4.7106134853433055,4.418984039185865e-07,95.49344103408676
25,Quadratic (Moderate Het),TwoStage_DL_Normal,44,True,0.002908722169148829,94.0,117.59921972368679,117.49615571237075,1.0,4.418984039185865e-07,95.49344103408676
25,Quadratic (Moderate Het),TwoStage_DL_HKSJ,45,True,0.00041253158346308606,100.0,647.3391791446596,647.3391791446596,4.895472147529749,4.3517054889518706e-07,95.82736081706591
25,Quadratic (Moderate Het),TwoStage_DL_Normal,45,True,0.00041253158346308606,100.0,125.57553344956561,125.57553344956561,1.0,4.3517054889518706e-07,95.82736081706591
25,Quadratic (Moderate Het),TwoStage_DL_HKSJ,46,True,0.0038423949643802673,100.0,577.3455303375994,577.3455303375994,4.659571204282112,3.7445764602934145e-07,95.39416798107797
25,Quadratic (Moderate Het),TwoStage_DL_Normal,46,True,0.0038423949643802673,95.0,117.69733757404244,117.66778498660565,1.0,3.7445764602934145e-07,95.39416798107797
25,Quadratic (Moderate Het),TwoStage_DL_HKSJ,47,True,0.0014163368825801112,100.0,640.1813361614118,640.1813361614118,4.928787815109468,4.400592997480294e-07,95.88357927822936
25,Quadratic (Moderate Het),TwoStage_DL_Normal,47,True,0.0014163368825801112,94.0,123.3908342994688,123.34757321052523,1.0,4.400592997480294e-07,95.88357927822936
25,Quadratic (Moderate Het),TwoStage_DL_HKSJ,48,True,0.0003533352796175462,100.0,389.4101970492556,389.4101970492556,3.9530642438532784,2.5381484231866053e-07,93.60070317154008
25,Quadratic (Moderate Het),TwoStage_DL_Normal,48,True,0.0003533352796175462,96.0,93.55523306952156,93.54943530259229,1.0,2.5381484231866053e-07,93.60070317154008
25,Quadratic (Moderate Het),TwoStage_DL_HKSJ,49,True,0.07073026654809568,100.0,643.4208416132924,643.4208416132924,4.895088197781344,4.4910737247074e-07,95.82670622351007
25,Quadratic (Moderate Het),TwoStage_DL_Normal,49,True,0.07073026654809568,100.0,124.82521599771681,124.82521599771681,1.0,4.4910737247074e-07,95.82670622351007
25,Log (High Het),TwoStage_DL_HKSJ,0,True,0.03916424624574278,97.0,1218.8955785285987,1218.844936021559,6.748343125491287,7.883742165162528e-07,97.80413474546913
25,Log (High Het),TwoStage_DL_Normal,0,True,0.03916424624574278,90.0,172.0724136201139,171.5216807471675,1.0,7.883742165162528e-07,97.80413474546913
25,Log (High Het),TwoStage_DL_HKSJ,1,True,0.04907290229460151,97.0,1192.6089218158777,1192.5782681229168,6.5384681137623915,8.342934717591067e-07,97.66090435853098
25,Log (High Het),TwoStage_DL_Normal,1,True,0.04907290229460151,91.0,173.6548610540975,173.21225031371847,1.0,8.342934717591067e-07,97.66090435853098
25,Log (High Het),TwoStage_DL_HKSJ,2,True,0.04606770984167847,97.0,1108.5971835854143,1108.4762703599583,5.9680304243435005,8.463213936139386e-07,97.19238248470059
25,Log (High Het),TwoStage_DL_Normal,2,True,0.04606770984167847,90.0,177.0605286980634,176.38558708591532,1.0,8.463213936139386e-07,97.19238248470059
25,Log (High Het),TwoStage_DL_HKSJ,3,True,0.42487181870130786,99.0,1456.9209457773043,1456.9055285308837,7.17918964969898,1.0524528129295454e-06,98.05978817176856
25,Log (High Het),TwoStage_DL_Normal,3,True,0.42487181870130786,92.0,193.0646354185991,192.71862492178417,1.0,1.0524528129295454e-06,98.05978817176856
25,Log (High Het),TwoStage_DL_HKSJ,4,True,0.10100782061091654,96.0,1753.843220842289,1753.6810462510769,8.033591799062352,1.228476074360883e-06,98.45053960966237
25,Log (High Het),TwoStage_DL_Normal,4,True,0.10100782061091654,91.0,208.15587541216573,207.3044240724066,1.0,1.228476074360883e-06,98.45053960966237
25,Log (High Het),TwoStage_DL_HKSJ,5,True,0.07477329289040796,97.0,1339.769508112668,1339.7280196498002,6.596997476040111,1.0606599167176386e-06,97.70222571854832
25,Log (High Het),TwoStage_DL_Normal,5,True,0.07477329289040796,91.0,193.34556959690747,192.85817179830102,1.0,1.0606599167176386e-06,97.70222571854832
25,Log (High Het),TwoStage_DL_HKSJ,6,True,0.2238435727527098,95.0,984.211812848984,984.0818664494092,5.936011851554618,7.741800260976528e-07,97.16201248032539
25,Log (High Het),TwoStage_DL_Normal,6,True,0.2238435727527098,90.0,158.09095479602797,157.43605284114963,1.0,7.741800260976528e-07,97.16201248032539
25,Log (High Het),TwoStage_DL_HKSJ,7,True,0.06515066784711351,99.0,1465.6312457626202,1465.6193464436537,7.186201126121884,1.029244703093387e-06,98.06357240011283
25,Log (High Het),TwoStage_DL_Normal,7,True,0.06515066784711351,91.0,194.13411839365637,193.6821262275321,1.0,1.029244703093387e-06,98.06357240011283
25,Log (High Het),TwoStage_DL_HKSJ,8,True,0.22792466326729843,95.0,965.1658024918362,964.9760293444554,5.9961679906623315,6.775248918875575e-07,97.21867066338872
25,Log (High Het),TwoStage_DL_Normal,8,True,0.22792466326729843,90.0,153.59033456612977,152.83064873299486,1.0,6.775248918875575e-07,97.21867066338872
25,Log (High Het),TwoStage_DL_HKSJ,9,True,0.13157320184628016,97.0,1131.1944958910024,1131.123146598382,6.108617053186696,8.767317814575147e-07,97.320127084147
25,Log (High Het),TwoStage_DL_Normal,9,True,0.13157320184628016,90.0,176.38322695324752,175.84689829853215,1.0,8.767317814575147e-07,97.320127084147
25,Log (High Het),TwoStage_DL_HKSJ,10,True,0.04511043763202711,95.0,1061.621883779927,1061.407928244801,6.21642199473891,8.107002373011713e-07,97.41226962738492
25,Log (High Het),TwoStage_DL_Normal,10,True,0.04511043763202711,90.0,162.9803742999176,162.14724044445927,1.0,8.107002373011713e-07,97.41226962738492
25,Log (High Het),TwoStage_DL_HKSJ,11,True,0.2844001542100918,96.0,980.4142692624608,980.2937327214185,5.753007966380475,7.183386938969967e-07,96.97858730818926
25,Log (High Het),TwoStage_DL_Normal,11,True,0.2844001542100918,90.0,162.47480762158247,161.81879903404436,1.0,7.183386938969967e-07,96.97858730818926
25,Log (High Het),TwoStage_DL_HKSJ,12,True,0.11988977601001924,99.0,2255.415892540578,2255.4006252822505,8.912196814801574,1.7760432717651217e-06,98.74098628116698
25,Log (High Het),TwoStage_DL_Normal,12,True,0.11988977601001924,92.0,240.5899313978095,240.32926081396056,1.0,1.7760432717651217e-06,98.74098628116698
25,Log (High Het),TwoStage_DL_HKSJ,13,True,0.07374125453708393,96.0,967.3566206804863,967.2726720654036,5.786918150389267,6.82246803583669e-07,97.01389331042142
25,Log (High Het),TwoStage_DL_Normal,13,True,0.07374125453708393,90.0,159.30408646853715,158.73375908493276,1.0,6.82246803583669e-07,97.01389331042142
25,Log (High Het),TwoStage_DL_HKSJ,14,True,0.6278947960256731,99.0,1209.0406483978215,1209.008085452665,6.517288392439518,1.0015700565590223e-06,97.64567658586262
25,Log (High Het),TwoStage_DL_Normal,14,True,0.6278947960256731,92.0,176.41747123325993,176.16920283250184,1.0,1.0015700565590223e-06,97.64567658586262
25,Log (High Het),TwoStage_DL_HKSJ,15,True,0.16570074471294216,97.0,1125.4971993826543,1125.4241736156212,6.546726828967654,7.55904219044953e-07,97.66680218822071
25,Log (High Het),TwoStage_DL_Normal,15,True,0.16570074471294216,90.0,163.82333643685652,163.25246313213265,1.0,7.55904219044953e-07,97.66680218822071
25,Log (High Het),TwoStage_DL_HKSJ,16,True,0.07245886347309806,94.0,798.1780315022992,797.6940582475855,5.336507159978729,5.467278488670516e-07,96.48855551205556
25,Log (High Het),TwoStage_DL_Normal,16,True,0.07245886347309806,88.0,143.26650833668418,141.9537872230955,1.0,5.467278488670516e-07,96.48855551205556
25,Log (High Het),TwoStage_DL_HKSJ,17,True,0.038732444246791384,96.0,1030.4754210858468,1030.3455020018007,6.038571016597158,7.023605072595394e-07,97.2575946743429
25,Log (High Het),TwoStage_DL_Normal,17,True,0.038732444246791384,90.0,162.745866953244,162.0378321636846,1.0,7.023605072595394e-07,97.2575946743429
25,Log (High Het),TwoStage_DL_HKSJ,18,True,0.08810854030738634,97.0,1234.0115954668895,1233.9331687251447,6.423803384714003,8.968949276216146e-07,97.57665347524542
25,Log (High Het),TwoStage_DL_Normal,18,True,0.08810854030738634,90.0,182.99671901836354,182.41776126769292,1.0,8.968949276216146e-07,97.57665347524542
25,Log (High Het),TwoStage_DL_HKSJ,19,True,0.07966577591769981,95.0,1008.6086188437068,1008.3819715178058,6.117551088451643,6.799545437799338e-07,97.32794870961604
25,Log (High Het),TwoStage_DL_Normal,19,True,0.07966577591769981,89.0,157.4088599997054,156.53634550744357,1.0,6.799545437799338e-07,97.32794870961604
25,Log (High Het),TwoStage_DL_HKSJ,20,True,1.8668299568453515,96.0,1534.6028081776883,1534.446311985763,7.592703139141888,1.0499283347440231e-06,98.26536877503717
25,Log (High Het),TwoStage_DL_Normal,20,True,1.8668299568453515,91.0,192.76690644258338,191.92122217465464,1.0,1.0499283347440231e-06,98.26536877503717
25,Log (High Het),TwoStage_DL_HKSJ,21,True,0.15135598569006548,94.0,864.3821681481469,863.9858636716489,5.518591218645178,6.188239474486287e-07,96.71645064227513
25,Log (High Het),TwoStage_DL_Normal,21,True,0.15135598569006548,89.0,149.81364252833862,148.67780273043283,1.0,6.188239474486287e-07,96.71645064227513
25,Log (High Het),TwoStage_DL_HKSJ,22,True,0.06650098853656336,97.0,1127.0948424030714,1127.0079533003086,6.510144093534528,7.538295402350608e-07,97.64050643320157
25,Log (High Het),TwoStage_DL_Normal,22,True,0.06650098853656336,90.0,165.02135580027448,164.40086665613137,1.0,7.538295402350608e-07,97.64050643320157
25,Log (High Het),TwoStage_DL_HKSJ,23,True,0.40083870701628316,97.0,1349.7175716333638,1349.625596610992,7.282167404543766,8.453073835491982e-07,98.11427359128186
25,Log (High Het),TwoStage_DL_Normal,23,True,0.40083870701628316,90.0,176.65931667082705,176.00312175935767,1.0,8.453073835491982e-07,98.11427359128186
25,Log (High Het),TwoStage_DL_HKSJ,24,True,0.2795119349065844,95.0,919.7178326954609,919.5442050622928,6.035811192075904,7.194581847146597e-07,97.25508621688653
25,Log (High Het),TwoStage_DL_Normal,24,True,0.2795119349065844,90.0,145.41240520573456,144.6787303129138,1.0,7.194581847146597e-07,97.25508621688653
25,Log (High Het),TwoStage_DL_HKSJ,25,True,0.05117818625589877,98.0,1340.246516014737,1340.2239580833766,6.748795289314458,9.597537395125027e-07,97.80442897800239
25,Log (High Het),TwoStage_DL_Normal,25,True,0.05117818625589877,92.0,188.95758883941664,188.5900802231523,1.0,9.597537395125027e-07,97.80442897800239
25,Log (High Het),TwoStage_DL_HKSJ,26,True,0.04525960163347084,98.0,2246.8704000517523,2246.8173858703303,8.63044676784517,1.7186779296257954e-06,98.6574408041676
25,Log (High Het),TwoStage_DL_Normal,26,True,0.04525960163347084,91.0,247.85282955618186,247.2305987071925,1.0,1.7186779296257954e-06,98.6574408041676
25,Log (High Het),TwoStage_DL_HKSJ,27,True,0.34471233640767435,96.0,1825.1462447376098,1824.98055719003,8.494636069783075,1.181350248709466e-06,98.61416844718597
25,Log (High Het),TwoStage_DL_Normal,27,True,0.34471233640767435,90.0,204.93850285263892,204.02396695317256,1.0,1.181350248709466e-06,98.61416844718597
25,Log (High Het),TwoStage_DL_HKSJ,28,True,1.3447608957733252,96.0,1317.2192928997285,1317.200185812533,7.065240971138043,8.926806507846683e-07,97.99669976239717
25,Log (High Het),TwoStage_DL_Normal,28,True,1.3447608957733252,91.0,177.51982061349617,177.04861247362027,1.0,8.926806507846683e-07,97.99669976239717
25,Log (High Het),TwoStage_DL_HKSJ,29,True,0.14875430794550792,97.0,1305.321058347469,1305.2155748040834,6.783915497659944,8.954168422647714e-07,97.82710299746292
25,Log (High Het),TwoStage_DL_Normal,29,True,0.14875430794550792,90.0,183.39720519913405,182.71303888566825,1.0,8.954168422647714e-07,97.82710299746292
25,Log (High Het),TwoStage_DL_HKSJ,30,True,0.05013126167408692,98.0,2141.660416383884,2141.6344371530145,8.37420911764671,1.586881301700679e-06,98.57402340771245
25,Log (High Het),TwoStage_DL_Normal,30,True,0.05013126167408692,91.0,243.40762616457852,242.8674219992775,1.0,1.586881301700679e-06,98.57402340771245
25,Log (High Het),TwoStage_DL_HKSJ,31,True,0.08866498392999538,97.0,1395.155828289744,1395.1239628188373,7.143411847416329,9.975788514003783e-07,98.04030438640427
25,Log (High Het),TwoStage_DL_Normal,31,True,0.08866498392999538,91.0,185.9844566488759,185.47049520092972,1.0,9.975788514003783e-07,98.04030438640427
25,Log (High Het),TwoStage_DL_HKSJ,32,True,0.08961918424654261,97.0,1795.4138043881567,1795.3311679686515,8.031166845492535,1.2181997143733017e-06,98.44960377136324
25,Log (High Het),TwoStage_DL_Normal,32,True,0.08961918424654261,90.0,213.00749237023712,212.29200812580314,1.0,1.2181997143733017e-06,98.44960377136324
25,Log (High Het),TwoStage_DL_HKSJ,33,True,0.1833022493732151,96.0,1027.57239494218,1027.4370761801645,6.2083765556304895,6.87808829537563e-07,97.40555839880217
25,Log (High Het),TwoStage_DL_Normal,33,True,0.1833022493732151,90.0,157.8668654747872,157.16104446563844,1.0,6.87808829537563e-07,97.40555839880217
25,Log (High Het),TwoStage_DL_HKSJ,34,True,0.1170648485705919,96.0,890.106541429277,890.0389536018453,5.508004526262877,7.233850620437806e-07,96.70381618128687
25,Log (High Het),TwoStage_DL_Normal,34,True,0.1170648485705919,91.0,153.89918061212956,153.45549660007703,1.0,7.233850620437806e-07,96.70381618128687
25,Log (High Het),TwoStage_DL_HKSJ,35,True,0.24581885763297584,98.0,1952.7871572837275,1952.748663747654,8.723187807676116,1.3634112028820782e-06,98.68583603522859
25,Log (High Het),TwoStage_DL_Normal,35,True,0.24581885763297584,91.0,213.18640241357645,212.58805056370386,1.0,1.3634112028820782e-06,98.68583603522859
25,Log (High Het),TwoStage_DL_HKSJ,36,True,0.07864197946269191,95.0,995.2626141845299,995.0163511102836,5.8233582519501415,7.324345412375144e-07,97.05114795640453
25,Log (High Het),TwoStage_DL_Normal,36,True,0.07864197946269191,90.0,163.1396565105445,162.2648422505902,1.0,7.324345412375144e-07,97.05114795640453
25,Log (High Het),TwoStage_DL_HKSJ,37,True,0.037015881820307836,98.0,1540.3088967649226,1540.2877631355304,7.227979928865716,1.2113957765577037e-06,98.08589338489112
25,Log (High Het),TwoStage_DL_Normal,37,True,0.037015881820307836,91.0,202.85268246789093,202.3730374970164,1.0,1.2113957765577037e-06,98.08589338489112
25,Log (High Het),TwoStage_DL_HKSJ,38,True,0.1162642050819953,97.0,1251.0652553437167,1250.968213428098,6.547096876393853,8.982395942928491e-07,97.66706592937545
25,Log (High Het),TwoStage_DL_Normal,38,True,0.1162642050819953,90.0,182.0906719700354,181.45345020795395,1.0,8.982395942928491e-07,97.66706592937545
25,Log (High Het),TwoStage_DL_HKSJ,39,True,0.24937426025958728,97.0,1502.4438766210762,1502.4016905072958,7.52630512218224,1.0800230418641441e-06,98.2346274961309
25,Log (High Het),TwoStage_DL_Normal,39,True,0.24937426025958728,91.0,190.12089618040307,189.57102818749016,1.0,1.0800230418641441e-06,98.2346274961309
25,Log (High Het),TwoStage_DL_HKSJ,40,True,0.0698989857895306,97.0,1338.6738280721509,1338.6055624893113,7.018037467050228,9.336739463373957e-07,97.9696606343485
25,Log (High Het),TwoStage_DL_Normal,40,True,0.0698989857895306,90.0,181.73912166156148,181.13595530462055,1.0,9.336739463373957e-07,97.9696606343485
25,Log (High Het),TwoStage_DL_HKSJ,41,True,0.19180427524046822,98.0,1795.926367851713,1795.9014592911699,7.787106775363762,1.5092602636625507e-06,98.3508971562421
25,Log (High Het),TwoStage_DL_Normal,41,True,0.19180427524046822,91.0,219.5069863760519,219.0151193186165,1.0,1.5092602636625507e-06,98.3508971562421
25,Log (High Het),TwoStage_DL_HKSJ,42,True,0.24179986946327334,95.0,821.6696315306598,821.4310026069566,5.198744309991422,6.687574063638616e-07,96.2999884146152
25,Log (High Het),TwoStage_DL_Normal,42,True,0.24179986946327334,89.0,150.82792488302,150.0515047525759,1.0,6.687574063638616e-07,96.2999884146152
25,Log (High Het),TwoStage_DL_HKSJ,43,True,0.2007565834781269,96.0,1324.4981775257195,1324.3566351614354,6.965514964778361,9.367256814612525e-07,97.9389262088446
25,Log (High Het),TwoStage_DL_Normal,43,True,0.2007565834781269,90.0,181.2965001405547,180.5591265202971,1.0,9.367256814612525e-07,97.9389262088446
25,Log (High Het),TwoStage_DL_HKSJ,44,True,0.20486375783392088,98.0,1299.5276412420808,1299.514126000065,6.712314017215473,1.0820145243356446e-06,97.78049836720449
25,Log (High Het),TwoStage_DL_Normal,44,True,0.20486375783392088,93.0,184.18280517377067,183.85543053491386,1.0,1.0820145243356446e-06,97.78049836720449
25,Log (High Het),TwoStage_DL_HKSJ,45,True,0.0686376189984594,97.0,1354.3719606917805,1354.2847143616289,6.741422807426222,1.0043987382346054e-06,97.79962415887819
25,Log (High Het),TwoStage_DL_Normal,45,True,0.0686376189984594,90.0,191.4046880445542,190.77705205093972,1.0,1.0043987382346054e-06,97.79962415887819
25,Log (High Het),TwoStage_DL_HKSJ,46,True,0.05535043668715514,97.0,1202.3506511835512,1202.3075997047144,6.522175837460408,8.288464268990815e-07,97.6492037262658
25,Log (High Het),TwoStage_DL_Normal,46,True,0.05535043668715514,91.0,175.54593146705545,175.06156719461393,1.0,8.288464268990815e-07,97.6492037262658
25,Log (High Het),TwoStage_DL_HKSJ,47,True,0.09536876360261431,96.0,1452.627171354604,1452.4663699945656,7.193398226115913,1.0634919920723595e-06,98.06744530988712
25,Log (High Het),TwoStage_DL_Normal,47,True,0.09536876360261431,91.0,192.57296212748494,191.7519129058136,1.0,1.0634919920723595e-06,98.06744530988712
25,Log (High Het),TwoStage_DL_HKSJ,48,True,0.05093240182675727,95.0,774.0964064446981,773.8849489949121,5.506110997865376,5.167003267837512e-07,96.70154870398204
25,Log (High Het),TwoStage_DL_Normal,48,True,0.05093240182675727,89.0,134.29205411091323,133.47476385878304,1.0,5.167003267837512e-07,96.70154870398204
25,Log (High Het),TwoStage_DL_HKSJ,49,True,0.44325685977645557,96.0,1294.237316228106,1294.109840873551,6.956727672532711,8.995332871721499e-07,97.93371608791263
25,Log (High Het),TwoStage_DL_Normal,49,True,0.44325685977645557,90.0,177.3836956706848,176.6582239457102,1.0,8.995332871721499e-07,97.93371608791263
25,U-Shaped (Moderate Het),TwoStage_DL_HKSJ,0,True,0.014211154072491001,100.0,621.4635686207723,621.4635686207723,4.898711883003714,3.889494711426705e-07,95.83287809483014
25,U-Shaped (Moderate Het),TwoStage_DL_Normal,0,True,0.014211154072491001,95.0,120.50099664451895,120.47626644314224,1.0,3.889494711426705e-07,95.83287809483014
25,U-Shaped (Moderate Het),TwoStage_DL_HKSJ,1,True,0.009480335400984167,100.0,540.1608397115565,540.1608397115565,4.580969095544733,3.486769533783195e-07,95.23475454105849
25,U-Shaped (Moderate Het),TwoStage_DL_Normal,1,True,0.009480335400984167,93.0,112.05485874187129,111.97819347237326,1.0,3.486769533783195e-07,95.23475454105849
25,U-Shaped (Moderate Het),TwoStage_DL_HKSJ,2,True,0.021844714723650835,100.0,511.2231844231847,511.2231844231847,4.389036238985118,3.328292051827022e-07,94.80887284879547
25,U-Shaped (Moderate Het),TwoStage_DL_Normal,2,True,0.021844714723650835,98.0,110.61488658457475,110.61374531172645,1.0,3.328292051827022e-07,94.80887284879547
25,U-Shaped (Moderate Het),TwoStage_DL_HKSJ,3,True,0.08870379622174834,100.0,610.3805227986911,610.3805227986911,4.871963689130575,4.011241276613699e-07,95.7869955840516
25,U-Shaped (Moderate Het),TwoStage_DL_Normal,3,True,0.08870379622174834,93.0,119.0675551057654,118.97736518209882,1.0,4.011241276613699e-07,95.7869955840516
25,U-Shaped (Moderate Het),TwoStage_DL_HKSJ,4,True,0.038900038944411006,100.0,896.6115479304043,896.6115479304043,5.794631155788349,6.172186224606468e-07,97.02183739797456
25,U-Shaped (Moderate Het),TwoStage_DL_Normal,4,True,0.038900038944411006,94.0,147.05471831748991,146.94210396056158,1.0,6.172186224606468e-07,97.02183739797456
25,U-Shaped (Moderate Het),TwoStage_DL_HKSJ,5,True,0.0257225630204034,100.0,581.8321550643932,581.8321550643932,4.529346908892583,4.243799754553399e-07,95.12551397447517
25,U-Shaped (Moderate Het),TwoStage_DL_Normal,5,True,0.0257225630204034,94.0,122.01639222057082,121.99158015489445,1.0,4.243799754553399e-07,95.12551397447517
25,U-Shaped (Moderate Het),TwoStage_DL_HKSJ,6,True,0.0013240170877476265,100.0,436.8011513944277,436.8011513944277,4.173546016766871,3.085458517125991e-07,94.25897302628535
25,U-Shaped (Moderate Het),TwoStage_DL_Normal,6,True,0.0013240170877476265,100.0,99.39082400247995,99.39082400247995,1.0,3.085458517125991e-07,94.25897302628535
25,U-Shaped (Moderate Het),TwoStage_DL_HKSJ,7,True,0.0074467702974627455,100.0,658.4095707822837,658.4095707822837,4.93528025145377,4.403916587482082e-07,95.89440258275314
25,U-Shaped (Moderate Het),TwoStage_DL_Normal,7,True,0.0074467702974627455,93.0,126.7752775206553,126.69283048669273,1.0,4.403916587482082e-07,95.89440258275314
25,U-Shaped (Moderate Het),TwoStage_DL_HKSJ,8,True,0.0011660574110766715,100.0,478.06869996749714,478.06869996749714,4.383529272469626,3.1114810136151416e-07,94.79582157500501
25,U-Shaped (Moderate Het),TwoStage_DL_Normal,8,True,0.0011660574110766715,96.0,103.58633750158685,103.57003487962828,1.0,3.1114810136151416e-07,94.79582157500501
25,U-Shaped (Moderate Het),TwoStage_DL_HKSJ,9,True,0.0012692636719913964,100.0,455.60174493509993,455.60174493509993,4.047640061980557,3.239615814725472e-07,93.89625715041281
25,U-Shaped (Moderate Het),TwoStage_DL_Normal,9,True,0.0012692636719913964,94.0,106.91720099555113,106.89347997214355,1.0,3.239615814725472e-07,93.89625715041281
25,U-Shaped (Moderate Het),TwoStage_DL_HKSJ,10,True,0.04462181209112326,100.0,462.57560796867097,462.57560796867097,4.173011958922205,3.4169374327428225e-07,94.25750347061845
25,U-Shaped (Moderate Het),TwoStage_DL_Normal,10,True,0.04462181209112326,95.0,105.30810639624083,105.2690786763233,1.0,3.4169374327428225e-07,94.25750347061845
25,U-Shaped (Moderate Het),TwoStage_DL_HKSJ,11,True,0.0011386334089520044,100.0,365.22613750176635,365.22613750176635,3.8367627332269776,2.241764143769774e-07,93.20686705875802
25,U-Shaped (Moderate Het),TwoStage_DL_Normal,11,True,0.0011386334089520044,100.0,90.39920897153563,90.39920897153563,1.0,2.241764143769774e-07,93.20686705875802
25,U-Shaped (Moderate Het),TwoStage_DL_HKSJ,12,True,0.01290694788192729,100.0,852.1150408234172,852.1150408234172,5.830215545737117,5.923773314542113e-07,97.05808054849834
25,U-Shaped (Moderate Het),TwoStage_DL_Normal,12,True,0.01290694788192729,93.0,138.942658482783,138.79740389626005,1.0,5.923773314542113e-07,97.05808054849834
25,U-Shaped (Moderate Het),TwoStage_DL_HKSJ,13,True,0.004847917924348901,100.0,444.25006789183914,444.25006789183914,4.226744156479884,2.6975829657922624e-07,94.40257764211842
25,U-Shaped (Moderate Het),TwoStage_DL_Normal,13,True,0.004847917924348901,94.0,99.84401052109793,99.8134954836325,1.0,2.6975829657922624e-07,94.40257764211842
25,U-Shaped (Moderate Het),TwoStage_DL_HKSJ,14,True,0.21537072256670237,97.0,437.9747320842405,437.9656202347719,4.12230375207947,3.2851040236644604e-07,94.11535835706002
25,U-Shaped (Moderate Het),TwoStage_DL_Normal,14,True,0.21537072256670237,92.0,101.06709720849676,100.89456067164184,1.0,3.2851040236644604e-07,94.11535835706002
25,U-Shaped (Moderate Het),TwoStage_DL_HKSJ,15,True,0.0011901973483924235,100.0,579.8323924663139,579.8323924663139,4.6734645971409785,3.9373662468630523e-07,95.42151194223214
25,U-Shaped (Moderate Het),TwoStage_DL_Normal,15,True,0.0011901973483924235,95.0,117.84367516665814,117.82331551675894,1.0,3.9373662468630523e-07,95.42151194223214
25,U-Shaped (Moderate Het),TwoStage_DL_HKSJ,16,True,0.0035971967194725566,96.0,464.9652921724018,464.9426760467218,4.27431326803995,2.8951700405576923e-07,94.52647252533761
25,U-Shaped (Moderate Het),TwoStage_DL_Normal,16,True,0.0035971967194725566,93.0,103.47326270804552,103.30011026687903,1.0,2.8951700405576923e-07,94.52647252533761
25,U-Shaped (Moderate Het),TwoStage_DL_HKSJ,17,True,0.006959274216111619,100.0,557.6843565074411,557.6843565074411,4.591928622246137,3.5583200584066945e-07,95.25747375853652
25,U-Shaped (Moderate Het),TwoStage_DL_Normal,17,True,0.006959274216111619,100.0,115.33498318469688,115.33498318469688,1.0,3.5583200584066945e-07,95.25747375853652
25,U-Shaped (Moderate Het),TwoStage_DL_HKSJ,18,True,0.0020923377332446144,100.0,510.3112933932713,510.3112933932713,4.390361141131925,3.284027128929085e-07,94.81200548300068
25,U-Shaped (Moderate Het),TwoStage_DL_Normal,18,True,0.0020923377332446144,100.0,110.38311781924402,110.38311781924402,1.0,3.284027128929085e-07,94.81200548300068
25,U-Shaped (Moderate Het),TwoStage_DL_HKSJ,19,True,0.014600112741783055,100.0,468.23764099723223,468.23764099723223,4.275731708685181,3.0011730261208827e-07,94.53010352305657
25,U-Shaped (Moderate Het),TwoStage_DL_Normal,19,True,0.014600112741783055,95.0,104.01901776551213,103.99766766685589,1.0,3.0011730261208827e-07,94.53010352305657
25,U-Shaped (Moderate Het),TwoStage_DL_HKSJ,20,True,1.2099221747783167,100.0,734.1999499422999,734.1999499422999,5.218454242518624,5.088503257992848e-07,96.32788527981614
25,U-Shaped (Moderate Het),TwoStage_DL_Normal,20,True,1.2099221747783167,95.0,133.6537750880092,133.6103783429078,1.0,5.088503257992848e-07,96.32788527981614
25,U-Shaped (Moderate Het),TwoStage_DL_HKSJ,21,True,0.0048364851580059865,96.0,333.54318754788403,333.50967433982174,3.4445602815706313,2.366749203834612e-07,91.5718468061181
25,U-Shaped (Moderate Het),TwoStage_DL_Normal,21,True,0.0048364851580059865,93.0,92.10150299222065,91.94801748851229,1.0,2.366749203834612e-07,91.5718468061181
25,U-Shaped (Moderate Het),TwoStage_DL_HKSJ,22,True,0.003533194926423422,100.0,605.7038906960314,605.7038906960314,4.775148898072224,4.047095974523575e-07,95.61442882713835
25,U-Shaped (Moderate Het),TwoStage_DL_Normal,22,True,0.003533194926423422,97.0,120.46666234240718,120.45953103340507,1.0,4.047095974523575e-07,95.61442882713835
25,U-Shaped (Moderate Het),TwoStage_DL_HKSJ,23,True,0.04511037147079345,100.0,683.1693477188867,683.1693477188867,5.126795897203101,4.3698878594363354e-07,96.19540928390093
25,U-Shaped (Moderate Het),TwoStage_DL_Normal,23,True,0.04511037147079345,99.0,126.5482028754878,126.54647935786863,1.0,4.3698878594363354e-07,96.19540928390093
25,U-Shaped (Moderate Het),TwoStage_DL_HKSJ,24,True,0.007356779859379469,100.0,309.3611990777605,309.3611990777605,3.7986650801071296,2.0558447470363942e-07,93.06992410100621
25,U-Shaped (Moderate Het),TwoStage_DL_Normal,24,True,0.007356779859379469,96.0,77.35147307667387,77.33971385264927,1.0,2.0558447470363942e-07,93.06992410100621
25,U-Shaped (Moderate Het),TwoStage_DL_HKSJ,25,True,0.01477599974884795,100.0,577.760900247522,577.760900247522,4.800346934245473,3.5253551857123415e-07,95.66034956712157
25,U-Shaped (Moderate Het),TwoStage_DL_Normal,25,True,0.01477599974884795,93.0,114.42727741333236,114.29921418505643,1.0,3.5253551857123415e-07,95.66034956712157
25,U-Shaped (Moderate Het),TwoStage_DL_HKSJ,26,True,0.11734016809657266,100.0,1052.4024277666654,1052.4024277666654,6.132099535066794,7.469090751401891e-07,97.34061258784773
25,U-Shaped (Moderate Het),TwoStage_DL_Normal,26,True,0.11734016809657266,95.0,163.0200514301915,162.98227237037497,1.0,7.469090751401891e-07,97.34061258784773
25,U-Shaped (Moderate Het),TwoStage_DL_HKSJ,27,True,0.02556556642750476,100.0,904.5439577748907,904.5439577748907,5.889794907000498,6.036811795225889e-07,97.11729862209553
25,U-Shaped (Moderate Het),TwoStage_DL_Normal,27,True,0.02556556642750476,94.0,145.95619373602983,145.8469084696837,1.0,6.036811795225889e-07,97.11729862209553
25,U-Shaped (Moderate Het),TwoStage_DL_HKSJ,28,True,0.12318345017948111,100.0,618.7653786833076,618.7653786833076,4.99338086616885,3.943689104768993e-07,95.98938831848048
25,U-Shaped (Moderate Het),TwoStage_DL_Normal,28,True,0.12318345017948111,93.0,117.72573256657647,117.6790181306963,1.0,3.943689104768993e-07,95.98938831848048
25,U-Shaped (Moderate Het),TwoStage_DL_HKSJ,29,True,0.005115932902854068,100.0,530.1604929479548,530.1604929479548,4.533546766999052,3.3079138566855173e-07,95.13454119666805
25,U-Shaped (Moderate Het),TwoStage_DL_Normal,29,True,0.005115932902854068,100.0,111.0547104696026,111.0547104696026,1.0,3.3079138566855173e-07,95.13454119666805
25,U-Shaped (Moderate Het),TwoStage_DL_HKSJ,30,True,0.05957823722172761,100.0,941.1354901773635,941.1354901773635,5.845254686620956,6.289774648530304e-07,97.07319948729086
25,U-Shaped (Moderate Het),TwoStage_DL_Normal,30,True,0.05957823722172761,100.0,152.90315092434773,152.90315092434773,1.0,6.289774648530304e-07,97.07319948729086
25,U-Shaped (Moderate Het),TwoStage_DL_HKSJ,31,True,0.0680743898125199,100.0,603.6376224264314,603.6376224264314,5.013486462555458,3.791405413554785e-07,96.02149134837238
25,U-Shaped (Moderate Het),TwoStage_DL_Normal,31,True,0.0680743898125199,96.0,114.35047699167393,114.34157661404832,1.0,3.791405413554785e-07,96.02149134837238
25,U-Shaped (Moderate Het),TwoStage_DL_HKSJ,32,True,0.0011135166019352047,100.0,815.6350888562106,815.6350888562106,5.478196805956153,5.403801123142647e-07,96.66784849692213
25,U-Shaped (Moderate Het),TwoStage_DL_Normal,32,True,0.0011135166019352047,99.0,141.39367520962054,141.39237633843877,1.0,5.403801123142647e-07,96.66784849692213
25,U-Shaped (Moderate Het),TwoStage_DL_HKSJ,33,True,0.03141185853553701,100.0,488.7912057342521,488.7912057342521,4.220595200492247,3.3682795119959676e-07,94.38625606945811
25,U-Shaped (Moderate Het),TwoStage_DL_Normal,33,True,0.03141185853553701,100.0,109.98093456228949,109.98093456228949,1.0,3.3682795119959676e-07,94.38625606945811
25,U-Shaped (Moderate Het),TwoStage_DL_HKSJ,34,True,0.009881009433338615,100.0,394.9757624914702,394.9757624914702,3.852110626602624,2.9125749452531474e-07,93.26089072993403
25,U-Shaped (Moderate Het),TwoStage_DL_Normal,34,True,0.009881009433338615,93.0,97.43335038030351,97.37319454679029,1.0,2.9125749452531474e-07,93.26089072993403
25,U-Shaped (Moderate Het),TwoStage_DL_HKSJ,35,True,0.012386029821200064,100.0,1090.2940445206084,1090.2940445206084,6.559293182760026,7.517185694308019e-07,97.67573354798596
25,U-Shaped (Moderate Het),TwoStage_DL_Normal,35,True,0.012386029821200064,100.0,157.85353779952308,157.85353779952308,1.0,7.517185694308019e-07,97.67573354798596
25,U-Shaped (Moderate Het),TwoStage_DL_HKSJ,36,True,0.0077126221511886715,100.0,467.5693778038328,467.5693778038328,4.111276606160584,3.244806683612708e-07,94.08374879516101
25,U-Shaped (Moderate Het),TwoStage_DL_Normal,36,True,0.0077126221511886715,95.0,108.03641448729648,108.00331517482157,1.0,3.244806683612708e-07,94.08374879516101
25,U-Shaped (Moderate Het),TwoStage_DL_HKSJ,37,True,0.039290371462640715,100.0,767.3132204952806,767.3132204952806,5.425203035410567,5.33611999683863e-07,96.60243317144092
25,U-Shaped (Moderate Het),TwoStage_DL_Normal,37,True,0.039290371462640715,94.0,134.3438027404967,134.31496643584404,1.0,5.33611999683863e-07,96.60243317144092
25,U-Shaped (Moderate Het),TwoStage_DL_HKSJ,38,True,0.0010670199511876245,100.0,604.6560170306037,604.6560170306037,4.742347977552375,3.9996549532831e-07,95.55355254761254
25,U-Shaped (Moderate Het),TwoStage_DL_Normal,38,True,0.0010670199511876245,100.0,121.08286377509903,121.08286377509903,1.0,3.9996549532831e-07,95.55355254761254
25,U-Shaped (Moderate Het),TwoStage_DL_HKSJ,39,True,0.008276298648181583,100.0,638.7487389644847,638.7487389644847,5.069117818550483,4.303429911723209e-07,96.1083369652433
25,U-Shaped (Moderate Het),TwoStage_DL_Normal,39,True,0.008276298648181583,96.0,119.66990559955605,119.66451730790334,1.0,4.303429911723209e-07,96.1083369652433
25,U-Shaped (Moderate Het),TwoStage_DL_HKSJ,40,True,0.37160159012580224,100.0,575.6059615447651,575.6059615447651,4.709576911130884,3.8335552273213533e-07,95.49145703553111
25,U-Shaped (Moderate Het),TwoStage_DL_Normal,40,True,0.37160159012580224,100.0,116.06762892261237,116.06762892261237,1.0,3.8335552273213533e-07,95.49145703553111
25,U-Shaped (Moderate Het),TwoStage_DL_HKSJ,41,True,0.003322163683300031,100.0,784.0133788708737,784.0133788708737,5.275631702662637,6.266783327501962e-07,96.40705092914283
25,U-Shaped (Moderate Het),TwoStage_DL_Normal,41,True,0.003322163683300031,100.0,141.1291505047661,141.1291505047661,1.0,6.266783327501962e-07,96.40705092914283
25,U-Shaped (Moderate Het),TwoStage_DL_HKSJ,42,True,0.11791942839437891,100.0,405.58035979744966,405.58035979744966,3.8639699277342023,2.951231613287687e-07,93.30219461204317
25,U-Shaped (Moderate Het),TwoStage_DL_Normal,42,True,0.11791942839437891,95.0,99.72845592125472,99.68065920213718,1.0,2.951231613287687e-07,93.30219461204317
25,U-Shaped (Moderate Het),TwoStage_DL_HKSJ,43,True,0.0012447531464048298,100.0,626.3334111497936,626.3334111497936,4.95973084703978,4.132370080901239e-07,95.93478254156616
25,U-Shaped (Moderate Het),TwoStage_DL_Normal,43,True,0.0012447531464048298,95.0,119.96287336372664,119.9265094302412,1.0,4.132370080901239e-07,95.93478254156616
25,U-Shaped (Moderate Het),TwoStage_DL_HKSJ,44,True,0.00620825603168264,100.0,576.1138323194209,576.1138323194209,4.700840741851531,4.3358669929187246e-07,95.47468386834497
25,U-Shaped (Moderate Het),TwoStage_DL_Normal,44,True,0.00620825603168264,93.0,116.50217225210942,116.38593167453129,1.0,4.3358669929187246e-07,95.47468386834497
25,U-Shaped (Moderate Het),TwoStage_DL_HKSJ,45,True,0.004716478125905723,100.0,642.5448620627753,642.5448620627753,4.909936737648778,4.262259152561592e-07,95.85190965162525
25,U-Shaped (Moderate Het),TwoStage_DL_Normal,45,True,0.004716478125905723,100.0,124.2782936502801,124.2782936502801,1.0,4.262259152561592e-07,95.85190965162525
25,U-Shaped (Moderate Het),TwoStage_DL_HKSJ,46,True,0.003961968708463478,100.0,587.1514120408445,587.1514120408445,4.698559100015388,3.80885077120447e-07,95.47028777270879
25,U-Shaped (Moderate Het),TwoStage_DL_Normal,46,True,0.003961968708463478,94.0,118.70565434294178,118.67333267051382,1.0,3.80885077120447e-07,95.47028777270879
25,U-Shaped (Moderate Het),TwoStage_DL_HKSJ,47,True,0.007487256192364442,100.0,630.0992201170767,630.0992201170767,4.875500022069762,4.3567728456940545e-07,95.79310498126068
25,U-Shaped (Moderate Het),TwoStage_DL_Normal,47,True,0.007487256192364442,95.0,122.76955168337066,122.73191265567846,1.0,4.3567728456940545e-07,95.79310498126068
25,U-Shaped (Moderate Het),TwoStage_DL_HKSJ,48,True,0.0008514234120052522,100.0,407.6554261236486,407.6554261236486,3.9707532876734373,2.756840096325192e-07,93.65759177476937
25,U-Shaped (Moderate Het),TwoStage_DL_Normal,48,True,0.0008514234120052522,97.0,97.50529753880157,97.49628019060059,1.0,2.756840096325192e-07,93.65759177476937
25,U-Shaped (Moderate Het),TwoStage_DL_HKSJ,49,True,0.038936736689923375,100.0,649.4220541334785,649.4220541334785,4.8874917403660625,4.5894762230745223e-07,95.81372333290369
25,U-Shaped (Moderate Het),TwoStage_DL_Normal,49,True,0.038936736689923375,99.0,126.18726383622528,126.1852869143979,1.0,4.5894762230745223e-07,95.81372333290369
30,Quadratic (Moderate Het),TwoStage_DL_HKSJ,0,True,1.132345211217575,100.0,699.9783169695252,699.9783169695252,5.528623280056564,5.286078505347828e-07,96.72835627610431
30,Quadratic (Moderate Het),TwoStage_DL_Normal,0,True,1.132345211217575,95.0,121.35749238431137,121.33373927772527,1.0,5.286078505347828e-07,96.72835627610431
30,Quadratic (Moderate Het),TwoStage_DL_HKSJ,1,True,9.518355606627392,100.0,347.110066825524,347.110066825524,3.9321510160168267,2.5915738773438545e-07,93.5324525673654
30,Quadratic (Moderate Het),TwoStage_DL_Normal,1,True,9.518355606627392,93.0,84.65460264055213,84.59623078536248,1.0,2.5915738773438545e-07,93.5324525673654
30,Quadratic (Moderate Het),TwoStage_DL_HKSJ,2,True,0.03309763677342995,100.0,785.5155723536438,785.5155723536438,6.013643261376142,6.019890884797102e-07,97.23481191427443
30,Quadratic (Moderate Het),TwoStage_DL_Normal,2,True,0.03309763677342995,94.0,125.24658852548646,125.17889987304267,1.0,6.019890884797102e-07,97.23481191427443
30,Quadratic (Moderate Het),TwoStage_DL_HKSJ,3,True,0.006572208935420144,100.0,319.70220866076835,319.70220866076835,3.6325760707889274,2.3345577598581061e-07,92.4217214467686
30,Quadratic (Moderate Het),TwoStage_DL_Normal,3,True,0.006572208935420144,93.0,84.44135166228432,84.34219741585127,1.0,2.3345577598581061e-07,92.4217214467686
30,Quadratic (Moderate Het),TwoStage_DL_HKSJ,4,True,0.0018154043842589674,100.0,448.19562458693036,448.19562458693036,4.329895218874908,3.377199342298008e-07,94.666095613582
30,Quadratic (Moderate Het),TwoStage_DL_Normal,4,True,0.0018154043842589674,95.0,99.21207298095933,99.19829750480554,1.0,3.377199342298008e-07,94.666095613582
30,Quadratic (Moderate Het),TwoStage_DL_HKSJ,5,True,0.0026276363350341077,100.0,555.9727894649058,555.9727894649058,5.014016055928873,3.7539329418346804e-07,96.02233174478177
30,Quadratic (Moderate Het),TwoStage_DL_Normal,5,True,0.0026276363350341077,94.0,106.31405662791158,106.26293556646482,1.0,3.7539329418346804e-07,96.02233174478177
30,Quadratic (Moderate Het),TwoStage_DL_HKSJ,6,True,0.00913785193147075,100.0,664.7017630722527,664.7017630722527,5.469002048852378,4.619897389454964e-07,96.65663472199081
30,Quadratic (Moderate Het),TwoStage_DL_Normal,6,True,0.00913785193147075,100.0,116.47500493740718,116.47500493740718,1.0,4.619897389454964e-07,96.65663472199081
30,Quadratic (Moderate Het),TwoStage_DL_HKSJ,7,True,0.006243133607738141,100.0,635.5070219193492,635.5070219193492,5.227597243043561,4.6072049846870427e-07,96.34071901006682
30,Quadratic (Moderate Het),TwoStage_DL_Normal,7,True,0.006243133607738141,94.0,116.5561020553646,116.50169022431683,1.0,4.6072049846870427e-07,96.34071901006682
30,Quadratic (Moderate Het),TwoStage_DL_HKSJ,8,True,0.08641755885621955,96.0,275.7889265072195,275.7779211804634,3.5013897354204953,1.9477179355180407e-07,91.8432135656249
30,Quadratic (Moderate Het),TwoStage_DL_Normal,8,True,0.08641755885621955,92.0,75.61648135148873,75.48019825483868,1.0,1.9477179355180407e-07,91.8432135656249
30,Quadratic (Moderate Het),TwoStage_DL_HKSJ,9,True,0.0035695789748191094,100.0,685.7147045121036,685.7147045121036,5.431115150030689,4.777617403418908e-07,96.60982608103042
30,Quadratic (Moderate Het),TwoStage_DL_Normal,9,True,0.0035695789748191094,95.0,121.0231448219796,120.99528440861096,1.0,4.777617403418908e-07,96.60982608103042
30,Quadratic (Moderate Het),TwoStage_DL_HKSJ,10,True,0.00045067235822723493,100.0,484.1941910414163,484.1941910414163,4.5448826327858285,3.6259081015803575e-07,95.15878182487789
30,Quadratic (Moderate Het),TwoStage_DL_Normal,10,True,0.00045067235822723493,100.0,102.09650966114887,102.09650966114887,1.0,3.6259081015803575e-07,95.15878182487789
30,Quadratic (Moderate Het),TwoStage_DL_HKSJ,11,True,2.219913369363645,100.0,549.3632837647823,549.3632837647823,4.865559678448275,4.22946549786014e-07,95.7758980402618
30,Quadratic (Moderate Het),TwoStage_DL_Normal,11,True,2.219913369363645,94.0,108.23801636780996,108.203378066472,1.0,4.22946549786014e-07,95.7758980402618
30,Quadratic (Moderate Het),TwoStage_DL_HKSJ,12,True,0.004166074346459631,100.0,350.8421676481173,350.8421676481173,3.91246875228587,2.503735589334015e-07,93.4672169460053
30,Quadratic (Moderate Het),TwoStage_DL_Normal,12,True,0.004166074346459631,99.0,85.93640142702341,85.93595280101003,1.0,2.503735589334015e-07,93.4672169460053
30,Quadratic (Moderate Het),TwoStage_DL_HKSJ,13,True,0.010223398205741996,100.0,655.5067386481867,655.5067386481867,5.308051238882162,4.635289229249699e-07,96.45080560462021
30,Quadratic (Moderate Het),TwoStage_DL_Normal,13,True,0.010223398205741996,93.0,118.4506901751189,118.34667126376853,1.0,4.635289229249699e-07,96.45080560462021
30,Quadratic (Moderate Het),TwoStage_DL_HKSJ,14,True,0.004673067044356624,100.0,419.59370156999944,419.59370156999944,4.0935019055564075,3.2307519756843073e-07,94.0322584541459
30,Quadratic (Moderate Het),TwoStage_DL_Normal,14,True,0.004673067044356624,94.0,98.29236665533003,98.23086230932782,1.0,3.2307519756843073e-07,94.0322584541459
30,Quadratic (Moderate Het),TwoStage_DL_HKSJ,15,True,0.005765091911490684,100.0,630.0856797827105,630.0856797827105,5.2841437540899685,4.6341236193559753e-07,96.41861713014887
30,Quadratic (Moderate Het),TwoStage_DL_Normal,15,True,0.005765091911490684,93.0,114.36917266968777,114.27177627382981,1.0,4.6341236193559753e-07,96.41861713014887
30,Quadratic (Moderate Het),TwoStage_DL_HKSJ,16,True,0.005086444243877992,100.0,641.748357056163,641.748357056163,5.435239278909976,4.4801181276920164e-07,96.61496889408039
30,Quadratic (Moderate Het),TwoStage_DL_Normal,16,True,0.005086444243877992,100.0,113.15144131583196,113.15144131583196,1.0,4.4801181276920164e-07,96.61496889408039
30,Quadratic (Moderate Het),TwoStage_DL_HKSJ,17,True,0.15738988530474807,100.0,1019.2612378928985,1019.2612378928985,6.408364120609639,7.684109378035185e-07,97.5649625798094
30,Quadratic (Moderate Het),TwoStage_DL_Normal,17,True,0.15738988530474807,96.0,152.4359618951938,152.42363734735204,1.0,7.684109378035185e-07,97.5649625798094
30,Quadratic (Moderate Het),TwoStage_DL_HKSJ,18,True,0.11925461433877245,100.0,448.20509296353424,448.20509296353424,4.478533798780735,3.1541473480837247e-07,95.01427537275372
30,Quadratic (Moderate Het),TwoStage_DL_Normal,18,True,0.11925461433877245,94.0,95.9395306359759,95.90801972066966,1.0,3.1541473480837247e-07,95.01427537275372
30,Quadratic (Moderate Het),TwoStage_DL_HKSJ,19,True,0.008462136143771958,100.0,792.4800500649108,792.4800500649108,5.778854354812394,5.759321045800736e-07,97.00555388791165
30,Quadratic (Moderate Het),TwoStage_DL_Normal,19,True,0.008462136143771958,93.0,131.60336428016706,131.41973343156434,1.0,5.759321045800736e-07,97.00555388791165
30,Quadratic (Moderate Het),TwoStage_DL_HKSJ,20,True,0.04192394847167705,100.0,596.7266299483889,596.7266299483889,4.87227036993423,4.933093901041328e-07,95.7875259351276
30,Quadratic (Moderate Het),TwoStage_DL_Normal,20,True,0.04192394847167705,100.0,117.37025072822706,117.37025072822706,1.0,4.933093901041328e-07,95.7875259351276
30,Quadratic (Moderate Het),TwoStage_DL_HKSJ,21,True,0.0059582837192752106,100.0,606.8541379415823,606.8541379415823,5.279248611580713,4.1929632037586144e-07,96.41197243173184
30,Quadratic (Moderate Het),TwoStage_DL_Normal,21,True,0.0059582837192752106,93.0,110.28388573177848,110.1605755063281,1.0,4.1929632037586144e-07,96.41197243173184
30,Quadratic (Moderate Het),TwoStage_DL_HKSJ,22,True,0.001681882102427141,100.0,465.7908827055143,465.7908827055143,4.368552710725922,3.3970863785329924e-07,94.76007779192113
30,Quadratic (Moderate Het),TwoStage_DL_Normal,22,True,0.001681882102427141,94.0,102.22351560224708,102.18035239701724,1.0,3.3970863785329924e-07,94.76007779192113
30,Quadratic (Moderate Het),TwoStage_DL_HKSJ,23,True,0.02200192588459203,100.0,348.14574291918984,348.14574291918984,3.919499326259802,2.413657839558931e-07,93.49063219274805
30,Quadratic (Moderate Het),TwoStage_DL_Normal,23,True,0.02200192588459203,100.0,85.12252306729278,85.12252306729278,1.0,2.413657839558931e-07,93.49063219274805
30,Quadratic (Moderate Het),TwoStage_DL_HKSJ,24,True,0.10860439423682623,100.0,767.2673397156894,767.2673397156894,5.885920907004006,5.326027824969841e-07,97.11350269603763
30,Quadratic (Moderate Het),TwoStage_DL_Normal,24,True,0.10860439423682623,94.0,124.95199696193869,124.92411543506938,1.0,5.326027824969841e-07,97.11350269603763
30,Quadratic (Moderate Het),TwoStage_DL_HKSJ,25,True,0.05090635461199087,95.0,347.05418326555264,346.9976278708637,3.990047101171882,2.453694032569428e-07,93.71878071866327
30,Quadratic (Moderate Het),TwoStage_DL_Normal,25,True,0.05090635461199087,91.0,83.56626551582966,83.34172330532532,1.0,2.453694032569428e-07,93.71878071866327
30,Quadratic (Moderate Het),TwoStage_DL_HKSJ,26,True,0.011248261136111682,100.0,418.5895457383088,418.5895457383088,4.136549396386172,3.1746557371240874e-07,94.15582017871833
30,Quadratic (Moderate Het),TwoStage_DL_Normal,26,True,0.011248261136111682,93.0,97.06941772173721,96.97597523118999,1.0,3.1746557371240874e-07,94.15582017871833
30,Quadratic (Moderate Het),TwoStage_DL_HKSJ,27,True,0.0006893081924928476,100.0,760.804549500452,760.804549500452,5.669233397333034,5.918004449514092e-07,96.88863239042658
30,Quadratic (Moderate Het),TwoStage_DL_Normal,27,True,0.0006893081924928476,96.0,128.62638025175465,128.60645197293476,1.0,5.918004449514092e-07,96.88863239042658
30,Quadratic (Moderate Het),TwoStage_DL_HKSJ,28,True,0.008422183345530677,100.0,526.9140563438037,526.9140563438037,4.822418904895606,4.015951324669461e-07,95.69998338497086
30,Quadratic (Moderate Het),TwoStage_DL_Normal,28,True,0.008422183345530677,95.0,104.75041470861449,104.7101650172475,1.0,4.015951324669461e-07,95.69998338497086
30,Quadratic (Moderate Het),TwoStage_DL_HKSJ,29,True,0.04437617331978645,100.0,420.64657567886877,420.64657567886877,4.173179067138999,3.2255934074228217e-07,94.2579633594113
30,Quadratic (Moderate Het),TwoStage_DL_Normal,29,True,0.04437617331978645,100.0,96.59715384187717,96.59715384187717,1.0,3.2255934074228217e-07,94.2579633594113
30,Quadratic (Moderate Het),TwoStage_DL_HKSJ,30,True,0.010580418943823566,100.0,444.15118304065885,444.15118304065885,4.432350515695645,3.1526929383761295e-07,94.90983565225501
30,Quadratic (Moderate Het),TwoStage_DL_Normal,30,True,0.010580418943823566,100.0,96.03083795999609,96.03083795999609,1.0,3.1526929383761295e-07,94.90983565225501
30,Quadratic (Moderate Het),TwoStage_DL_HKSJ,31,True,0.013399349306363972,95.0,489.807499310068,489.77267363376734,4.5572863269216946,3.73637659622221e-07,95.18509892092021
30,Quadratic (Moderate Het),TwoStage_DL_Normal,31,True,0.013399349306363972,92.0,103.20950952374277,102.99170026895268,1.0,3.73637659622221e-07,95.18509892092021
30,Quadratic (Moderate Het),TwoStage_DL_HKSJ,32,True,0.004118026461993265,100.0,430.4864754713668,430.4864754713668,4.232217785931062,3.507067689232085e-07,94.4170468423559
30,Quadratic (Moderate Het),TwoStage_DL_Normal,32,True,0.004118026461993265,94.0,97.52024768753672,97.47775013201584,1.0,3.507067689232085e-07,94.4170468423559
30,Quadratic (Moderate Het),TwoStage_DL_HKSJ,33,True,0.0026404654966861586,100.0,530.2613386102167,530.2613386102167,4.694865132270954,4.033943447817122e-07,95.46315692098803
30,Quadratic (Moderate Het),TwoStage_DL_Normal,33,True,0.0026404654966861586,100.0,108.23826839631609,108.23826839631609,1.0,4.033943447817122e-07,95.46315692098803
30,Quadratic (Moderate Het),TwoStage_DL_HKSJ,34,True,0.005578418773078214,100.0,446.9907265688578,446.9907265688578,4.308718460954659,3.290052106584214e-07,94.61353595732419
30,Quadratic (Moderate Het),TwoStage_DL_Normal,34,True,0.005578418773078214,100.0,99.41785497264858,99.41785497264858,1.0,3.290052106584214e-07,94.61353595732419
30,Quadratic (Moderate Het),TwoStage_DL_HKSJ,35,True,0.0016330447471129938,100.0,298.4441621506575,298.4441621506575,3.5937554681856896,2.3760230797229786e-07,92.25711240977724
30,Quadratic (Moderate Het),TwoStage_DL_Normal,35,True,0.0016330447471129938,94.0,79.62847505176654,79.58451210144655,1.0,2.3760230797229786e-07,92.25711240977724
30,Quadratic (Moderate Het),TwoStage_DL_HKSJ,36,True,0.021666740343945716,100.0,414.16092612211037,414.16092612211037,4.264004647110127,2.76384596675455e-07,94.49997502813609
30,Quadratic (Moderate Het),TwoStage_DL_Normal,36,True,0.021666740343945716,94.0,93.14908292974944,93.08194438732558,1.0,2.76384596675455e-07,94.49997502813609
30,Quadratic (Moderate Het),TwoStage_DL_HKSJ,37,True,0.0012557027204193813,100.0,460.4413373563355,460.4413373563355,4.350668277063154,3.3311534812807966e-07,94.71690940960738
30,Quadratic (Moderate Het),TwoStage_DL_Normal,37,True,0.0012557027204193813,94.0,101.43971955156483,101.42203689840031,1.0,3.3311534812807966e-07,94.71690940960738
30,Quadratic (Moderate Het),TwoStage_DL_HKSJ,38,True,0.01233506600650316,100.0,501.8267841704374,501.8267841704374,4.891869283558312,3.4627028668153337e-07,95.82121225234425
30,Quadratic (Moderate Het),TwoStage_DL_Normal,38,True,0.01233506600650316,100.0,98.30893392315035,98.30893392315035,1.0,3.4627028668153337e-07,95.82121225234425
30,Quadratic (Moderate Het),TwoStage_DL_HKSJ,39,True,0.04479665699294053,100.0,694.7685154771099,694.7685154771099,5.323313709032227,5.263516518710105e-07,96.47112821637569
30,Quadratic (Moderate Het),TwoStage_DL_Normal,39,True,0.04479665699294053,93.0,125.16599108253327,125.07544651621761,1.0,5.263516518710105e-07,96.47112821637569
30,Quadratic (Moderate Het),TwoStage_DL_HKSJ,40,True,0.16045781489269634,100.0,759.9552521317812,759.9552521317812,5.412297035514397,6.109754436724226e-07,96.58621038198756
30,Quadratic (Moderate Het),TwoStage_DL_Normal,40,True,0.16045781489269634,95.0,134.57197814944223,134.56136696777267,1.0,6.109754436724226e-07,96.58621038198756
30,Quadratic (Moderate Het),TwoStage_DL_HKSJ,41,True,0.1886916002664204,100.0,632.0977467514216,632.0977467514216,5.380229988842065,4.3471944701831113e-07,96.5453956282691
30,Quadratic (Moderate Het),TwoStage_DL_Normal,41,True,0.1886916002664204,93.0,112.6846330700141,112.58937134981083,1.0,4.3471944701831113e-07,96.5453956282691
30,Quadratic (Moderate Het),TwoStage_DL_HKSJ,42,True,0.001202195503428835,100.0,831.0927884369537,831.0927884369537,6.041087409220741,6.056881908907971e-07,97.25987887610277
30,Quadratic (Moderate Het),TwoStage_DL_Normal,42,True,0.001202195503428835,96.0,131.84531109576076,131.84036209364777,1.0,6.056881908907971e-07,97.25987887610277
30,Quadratic (Moderate Het),TwoStage_DL_HKSJ,43,True,0.046677152169853374,100.0,484.06369046011946,484.06369046011946,4.573926110572605,3.537750416663796e-07,95.2200680810767
30,Quadratic (Moderate Het),TwoStage_DL_Normal,43,True,0.046677152169853374,100.0,101.42087565576736,101.42087565576736,1.0,3.537750416663796e-07,95.2200680810767
30,Quadratic (Moderate Het),TwoStage_DL_HKSJ,44,True,0.016817409183019088,100.0,705.5383302611912,705.5383302611912,5.615905145547961,5.062570018287745e-07,96.82926116122182
30,Quadratic (Moderate Het),TwoStage_DL_Normal,44,True,0.016817409183019088,100.0,120.39677171502738,120.39677171502738,1.0,5.062570018287745e-07,96.82926116122182
30,Quadratic (Moderate Het),TwoStage_DL_HKSJ,45,True,0.012127241600082474,100.0,886.3524780137443,886.3524780137443,6.111676043655978,6.422540897530555e-07,97.32280905030794
30,Quadratic (Moderate Het),TwoStage_DL_Normal,45,True,0.012127241600082474,93.0,139.08638741790782,138.9825034415415,1.0,6.422540897530555e-07,97.32280905030794
30,Quadratic (Moderate Het),TwoStage_DL_HKSJ,46,True,0.0022305379832032544,100.0,435.7449725791384,435.7449725791384,4.506450849123234,2.964177152956604e-07,95.07585625116519
30,Quadratic (Moderate Het),TwoStage_DL_Normal,46,True,0.0022305379832032544,99.0,92.66444579447747,92.66414850577938,1.0,2.964177152956604e-07,95.07585625116519
30,Quadratic (Moderate Het),TwoStage_DL_HKSJ,47,True,0.0011771558590803735,100.0,717.2403950877448,717.2403950877448,5.57152738187946,5.369442364131016e-07,96.77854950718339
30,Quadratic (Moderate Het),TwoStage_DL_Normal,47,True,0.0011771558590803735,95.0,123.39168204973168,123.3685512585309,1.0,5.369442364131016e-07,96.77854950718339
30,Quadratic (Moderate Het),TwoStage_DL_HKSJ,48,True,0.07867239759130092,100.0,687.9763568518194,687.9763568518194,5.332883015243188,5.179091432404537e-07,96.48378124372479
30,Quadratic (Moderate Het),TwoStage_DL_Normal,48,True,0.07867239759130092,95.0,123.67219151850594,123.63044983214408,1.0,5.179091432404537e-07,96.48378124372479
30,Quadratic (Moderate Het),TwoStage_DL_HKSJ,49,True,0.06351053063011229,100.0,372.0220115343342,372.0220115343342,4.051003184400291,2.7160117408573535e-07,93.90638753664972
30,Quadratic (Moderate Het),TwoStage_DL_Normal,49,True,0.06351053063011229,93.0,88.05090909010329,88.00757309092012,1.0,2.7160117408573535e-07,93.90638753664972
30,Log (High Het),TwoStage_DL_HKSJ,0,True,0.10287581946554326,96.0,1337.343375051004,1337.2115309285002,7.6340523608774875,1.0118041801285291e-06,98.28410886213649
30,Log (High Het),TwoStage_DL_Normal,0,True,0.10287581946554326,90.0,168.61493853203018,167.86454259644685,1.0,1.0118041801285291e-06,98.28410886213649
30,Log (High Het),TwoStage_DL_HKSJ,1,True,3.524114237726315,95.0,881.6101661612739,881.3720528868174,6.020859186867046,7.127388532739427e-07,97.24143603007896
30,Log (High Het),TwoStage_DL_Normal,1,True,3.524114237726315,89.0,141.12978770140413,140.28615048655493,1.0,7.127388532739427e-07,97.24143603007896
30,Log (High Het),TwoStage_DL_HKSJ,2,True,0.07212238371321439,99.0,1687.968059894169,1687.9677392643428,8.45252888358474,1.4070622803079907e-06,98.60032671648229
30,Log (High Het),TwoStage_DL_Normal,2,True,0.07212238371321439,91.0,191.76265624753552,191.37776195105118,1.0,1.4070622803079907e-06,98.60032671648229
30,Log (High Het),TwoStage_DL_HKSJ,3,True,0.08268990158731256,96.0,764.5666026979346,764.4872637220155,5.27216991269769,6.337415409529737e-07,96.40233100594266
30,Log (High Het),TwoStage_DL_Normal,3,True,0.08268990158731256,91.0,139.38535292334834,138.96161379937618,1.0,6.337415409529737e-07,96.40233100594266
30,Log (High Het),TwoStage_DL_HKSJ,4,True,0.14068285375347253,95.0,907.2038463613609,907.0334244767006,6.0057593639240645,7.189387090550864e-07,97.22754729810784
30,Log (High Het),TwoStage_DL_Normal,4,True,0.14068285375347253,90.0,145.4459654285896,144.73359749250514,1.0,7.189387090550864e-07,97.22754729810784
30,Log (High Het),TwoStage_DL_HKSJ,5,True,0.11698325814615247,95.0,1218.51347985406,1218.2949340847308,7.090918073427469,9.012723246084991e-07,98.01118189606586
30,Log (High Het),TwoStage_DL_Normal,5,True,0.11698325814615247,90.0,165.57513215785133,164.65084487080267,1.0,9.012723246084991e-07,98.01118189606586
30,Log (High Het),TwoStage_DL_HKSJ,6,True,0.06611003992699015,97.0,1491.7166284386412,1491.6630267398805,7.7907347296430975,1.1465263825224185e-06,98.35243269220597
30,Log (High Het),TwoStage_DL_Normal,6,True,0.06611003992699015,90.0,184.06790014687962,183.4874228854465,1.0,1.1465263825224185e-06,98.35243269220597
30,Log (High Het),TwoStage_DL_HKSJ,7,True,0.08530708160593871,98.0,1493.8002047834827,1493.7857984763975,7.663121706061713,1.1845979746320165e-06,98.29710232000518
30,Log (High Het),TwoStage_DL_Normal,7,True,0.08530708160593871,91.0,187.23793075457954,186.80848400497703,1.0,1.1845979746320165e-06,98.29710232000518
30,Log (High Het),TwoStage_DL_HKSJ,8,True,0.4125031441115003,94.0,734.0826808274951,733.693776133202,5.282495896783644,6.056880613535716e-07,96.41638238031176
30,Log (High Het),TwoStage_DL_Normal,8,True,0.4125031441115003,89.0,134.1508568609203,133.1035563853814,1.0,6.056880613535716e-07,96.41638238031176
30,Log (High Het),TwoStage_DL_HKSJ,9,True,0.06861793227981038,97.0,1422.4001409259745,1422.379062944617,7.536643629711726,1.067532757281088e-06,98.23946752826099
30,Log (High Het),TwoStage_DL_Normal,9,True,0.06861793227981038,91.0,181.3266484843921,180.86368025917926,1.0,1.067532757281088e-06,98.23946752826099
30,Log (High Het),TwoStage_DL_HKSJ,10,True,0.14115361725352873,96.0,1098.8077721752475,1098.6650522140358,6.501695234128121,9.122334095739012e-07,97.63437019293198
30,Log (High Het),TwoStage_DL_Normal,10,True,0.14115361725352873,90.0,162.65571218765453,161.9394630239342,1.0,9.122334095739012e-07,97.63437019293198
30,Log (High Het),TwoStage_DL_HKSJ,11,True,0.6182434728493821,95.0,1131.7281668695903,1131.5569246487128,6.878184578478497,8.979518947562127e-07,97.88625619471442
30,Log (High Het),TwoStage_DL_Normal,11,True,0.6182434728493821,90.0,158.44163020482537,157.65820348749665,1.0,8.979518947562127e-07,97.88625619471442
30,Log (High Het),TwoStage_DL_HKSJ,12,True,0.11642519337835816,95.0,757.9695241763656,757.7627716271802,5.412731386324643,6.102492567935106e-07,96.58675824689604
30,Log (High Het),TwoStage_DL_Normal,12,True,0.11642519337835816,89.0,134.930753340012,134.162388845781,1.0,6.102492567935106e-07,96.58675824689604
30,Log (High Het),TwoStage_DL_HKSJ,13,True,0.1651072726162934,95.0,1313.6324392969507,1313.408986887803,7.480755523657778,9.369265030397561e-07,98.21306367974276
30,Log (High Het),TwoStage_DL_Normal,13,True,0.1651072726162934,90.0,169.19820460624058,168.25520751193937,1.0,9.369265030397561e-07,98.21306367974276
30,Log (High Het),TwoStage_DL_HKSJ,14,True,0.10037606584756724,96.0,841.0132925895585,840.9242594863678,5.585642428954779,6.969604067240248e-07,96.79481029469231
30,Log (High Het),TwoStage_DL_Normal,14,True,0.10037606584756724,90.0,144.76453970658716,144.27721281970838,1.0,6.969604067240248e-07,96.79481029469231
30,Log (High Het),TwoStage_DL_HKSJ,15,True,0.14840863498914467,98.0,1364.1794927504195,1364.164758943613,7.460021245402376,1.0898723528931465e-06,98.20311670427087
30,Log (High Het),TwoStage_DL_Normal,15,True,0.14840863498914467,91.0,175.61207277170405,175.24303039324593,1.0,1.0898723528931465e-06,98.20311670427087
30,Log (High Het),TwoStage_DL_HKSJ,16,True,0.047180412739612446,97.0,1478.0051973221696,1477.9086779689853,7.744766675676208,1.1702566425115106e-06,98.33281680832253
30,Log (High Het),TwoStage_DL_Normal,16,True,0.047180412739612446,90.0,183.5600021257378,182.87454293803134,1.0,1.1702566425115106e-06,98.33281680832253
30,Log (High Het),TwoStage_DL_HKSJ,17,True,0.6997576173591747,99.0,2049.689566208513,2049.685654233805,8.943833595749483,1.5953184669563371e-06,98.7498774784366
30,Log (High Het),TwoStage_DL_Normal,17,True,0.6997576173591747,91.0,220.05305269372184,219.6228606360219,1.0,1.5953184669563371e-06,98.7498774784366
30,Log (High Het),TwoStage_DL_HKSJ,18,True,0.42727041347849165,95.0,1063.6066431612908,1063.4081302274033,6.8012986282293415,7.69878607269998e-07,97.83819602096241
30,Log (High Het),TwoStage_DL_Normal,18,True,0.42727041347849165,89.0,150.68474781526405,149.83805438970793,1.0,7.69878607269998e-07,97.83819602096241
30,Log (High Het),TwoStage_DL_HKSJ,19,True,0.15473676376585557,99.0,1919.048399273124,1919.0258880524314,8.600509612133024,1.524739217267926e-06,98.64807802043823
30,Log (High Het),TwoStage_DL_Normal,19,True,0.15473676376585557,92.0,214.09246018568098,213.83098712372134,1.0,1.524739217267926e-06,98.64807802043823
30,Log (High Het),TwoStage_DL_HKSJ,20,True,0.35786775763761985,97.0,1469.2347246976212,1469.1535068382364,7.327718587100906,1.3220039288021424e-06,98.13764514590095
30,Log (High Het),TwoStage_DL_Normal,20,True,0.35786775763761985,90.0,192.73838735582268,192.13761106747214,1.0,1.3220039288021424e-06,98.13764514590095
30,Log (High Het),TwoStage_DL_HKSJ,21,True,0.11056437052452123,95.0,1187.2156762254724,1186.9618528885758,7.160890022687762,8.718472225012843e-07,98.04985909331387
30,Log (High Het),TwoStage_DL_Normal,21,True,0.11056437052452123,90.0,159.84054430819046,158.84873134662786,1.0,8.718472225012843e-07,98.04985909331387
30,Log (High Het),TwoStage_DL_HKSJ,22,True,0.08545497585217132,95.0,1125.6423645921077,1125.4446336475955,6.293867156864036,9.554740020967768e-07,97.4755611465399
30,Log (High Het),TwoStage_DL_Normal,22,True,0.08545497585217132,89.0,172.1815438428718,171.36438057792304,1.0,9.554740020967768e-07,97.4755611465399
30,Log (High Het),TwoStage_DL_HKSJ,23,True,0.09949121141956388,94.0,715.4967850684953,715.2253833831667,5.333169479084602,5.502202343501082e-07,96.48415897125965
30,Log (High Het),TwoStage_DL_Normal,23,True,0.09949121141956388,89.0,129.4001461725347,128.52023975069937,1.0,5.502202343501082e-07,96.48415897125965
30,Log (High Het),TwoStage_DL_HKSJ,24,True,0.12843526240999714,96.0,1495.8787294055905,1495.752560345726,7.920949872948808,1.1176539886078997e-06,98.40615725398088
30,Log (High Het),TwoStage_DL_Normal,24,True,0.12843526240999714,90.0,181.7404892412491,180.96578993872004,1.0,1.1176539886078997e-06,98.40615725398088
30,Log (High Het),TwoStage_DL_HKSJ,25,True,0.32377901450278623,94.0,692.8838724602085,692.4079284942854,5.488951065673435,5.162676752183638e-07,96.68089278077869
30,Log (High Het),TwoStage_DL_Normal,25,True,0.32377901450278623,88.0,122.13191556041782,120.88896685772683,1.0,5.162676752183638e-07,96.68089278077869
30,Log (High Het),TwoStage_DL_HKSJ,26,True,0.23184632763870838,95.0,860.0595192119655,859.7516427635551,5.66184670280919,7.148772175265439e-07,96.88050864019947
30,Log (High Het),TwoStage_DL_Normal,26,True,0.23184632763870838,90.0,146.45652976965562,145.52208238808487,1.0,7.148772175265439e-07,96.88050864019947
30,Log (High Het),TwoStage_DL_HKSJ,27,True,0.08242214250829245,98.0,1544.9209097880544,1544.89378346769,7.923222969437733,1.2493231402827285e-06,98.4070716391163
30,Log (High Het),TwoStage_DL_Normal,27,True,0.08242214250829245,91.0,187.36545127612874,186.85758896394407,1.0,1.2493231402827285e-06,98.4070716391163
30,Log (High Het),TwoStage_DL_HKSJ,28,True,0.1354597946613525,96.0,1172.5676852337754,1172.5322477374693,7.086810368418665,9.208558432393078e-07,98.00887568345782
30,Log (High Het),TwoStage_DL_Normal,28,True,0.1354597946613525,91.0,159.0235274480232,158.5579334325485,1.0,9.208558432393078e-07,98.00887568345782
30,Log (High Het),TwoStage_DL_HKSJ,29,True,0.3817964722579818,95.0,860.3541616437167,860.24897822634,5.928617806402,6.684288434718517e-07,97.15492911146066
30,Log (High Het),TwoStage_DL_Normal,29,True,0.3817964722579818,90.0,139.62779965593407,139.05439000665964,1.0,6.684288434718517e-07,97.15492911146066
30,Log (High Het),TwoStage_DL_HKSJ,30,True,0.17380274028885495,95.0,1088.730191681318,1088.5881068995625,6.6982995638459775,8.292633571712051e-07,97.77120118916216
30,Log (High Het),TwoStage_DL_Normal,30,True,0.17380274028885495,89.0,156.48939681653337,155.74460507009022,1.0,8.292633571712051e-07,97.77120118916216
30,Log (High Het),TwoStage_DL_HKSJ,31,True,0.22089015274716295,95.0,957.4653213348209,957.0820234164036,6.3201065993695345,7.418704535885354e-07,97.49647926294924
30,Log (High Het),TwoStage_DL_Normal,31,True,0.22089015274716295,89.0,146.2905751507468,145.1238357054834,1.0,7.418704535885354e-07,97.49647926294924
30,Log (High Het),TwoStage_DL_HKSJ,32,True,0.26344889904383645,95.0,1109.541977071158,1109.3667564884756,6.5288673845794865,9.78682589499461e-07,97.65401999895047
30,Log (High Het),TwoStage_DL_Normal,32,True,0.26344889904383645,90.0,163.60037471457255,162.83632532786885,1.0,9.78682589499461e-07,97.65401999895047
30,Log (High Het),TwoStage_DL_HKSJ,33,True,0.17448352564829883,97.0,1248.9310354557765,1248.8389825842464,6.804520234653925,1.0651708906433927e-06,97.84024255258471
30,Log (High Het),TwoStage_DL_Normal,33,True,0.17448352564829883,90.0,176.48510151141943,175.88262139075078,1.0,1.0651708906433927e-06,97.84024255258471
30,Log (High Het),TwoStage_DL_HKSJ,34,True,0.14316802378966267,95.0,1026.5465571414445,1026.4055413524993,6.260136453113979,8.21822693208909e-07,97.44828362496993
30,Log (High Het),TwoStage_DL_Normal,34,True,0.14316802378966267,90.0,157.8293190223475,157.12640758143996,1.0,8.21822693208909e-07,97.44828362496993
30,Log (High Het),TwoStage_DL_HKSJ,35,True,0.19050011599226443,95.0,731.08648800776,730.9868944326714,5.214942710536791,6.769392458023036e-07,96.32293830708858
30,Log (High Het),TwoStage_DL_Normal,35,True,0.19050011599226443,90.0,134.8025605623629,134.33031768751252,1.0,6.769392458023036e-07,96.32293830708858
30,Log (High Het),TwoStage_DL_HKSJ,36,True,0.048595620412459975,96.0,984.2245537331495,984.1455143144492,6.313837054782266,7.117860131246784e-07,97.49150487806642
30,Log (High Het),TwoStage_DL_Normal,36,True,0.048595620412459975,90.0,149.9496675300358,149.37569558326985,1.0,7.117860131246784e-07,97.49150487806642
30,Log (High Het),TwoStage_DL_HKSJ,37,True,0.04620534955362638,95.0,962.4071340286183,962.1754106485952,6.0412263482236135,7.544345947077305e-07,97.2600049118766
30,Log (High Het),TwoStage_DL_Normal,37,True,0.04620534955362638,89.0,153.48634733467904,152.63113681635647,1.0,7.544345947077305e-07,97.2600049118766
30,Log (High Het),TwoStage_DL_HKSJ,38,True,0.039754867127766394,95.0,930.2433887534323,930.0652234648,6.416685676794199,6.913012073741726e-07,97.57127429971301
30,Log (High Het),TwoStage_DL_Normal,38,True,0.039754867127766394,89.0,139.71406798728825,138.90460150234202,1.0,6.913012073741726e-07,97.57127429971301
30,Log (High Het),TwoStage_DL_HKSJ,39,True,0.30420743320896426,96.0,1504.0677919422515,1503.8868779470497,7.960089940734832,1.1029550500280184e-06,98.4217926911435
30,Log (High Het),TwoStage_DL_Normal,39,True,0.30420743320896426,91.0,181.93158069357563,181.05527733489495,1.0,1.1029550500280184e-06,98.4217926911435
30,Log (High Het),TwoStage_DL_HKSJ,40,True,0.20662392864325696,96.0,1585.3671808601323,1585.2367064777468,7.73167187264321,1.3027343961520916e-06,98.32716475185646
30,Log (High Het),TwoStage_DL_Normal,40,True,0.20662392864325696,90.0,197.2381035453826,196.4873965447795,1.0,1.3027343961520916e-06,98.32716475185646
30,Log (High Het),TwoStage_DL_HKSJ,41,True,0.8936827412638689,95.0,1349.0459491367008,1348.795072431193,7.531111722603021,1.0102331594522326e-06,98.23688021331012
30,Log (High Het),TwoStage_DL_Normal,41,True,0.8936827412638689,89.0,172.67492686380785,171.63303145309249,1.0,1.0102331594522326e-06,98.23688021331012
30,Log (High Het),TwoStage_DL_HKSJ,42,True,0.04245390826336789,97.0,1778.5559856385207,1778.4834608005674,8.494009196763214,1.4030024766367192e-06,98.61396388595989
30,Log (High Het),TwoStage_DL_Normal,42,True,0.04245390826336789,90.0,201.34016530817397,200.65551315409354,1.0,1.4030024766367192e-06,98.61396388595989
30,Log (High Het),TwoStage_DL_HKSJ,43,True,0.07694012501296625,97.0,1082.9802273849668,1082.8524856657489,6.379435645958324,9.100818579508434e-07,97.54282844859709
30,Log (High Het),TwoStage_DL_Normal,43,True,0.07694012501296625,90.0,163.3673749963742,162.66758906466205,1.0,9.100818579508434e-07,97.54282844859709
30,Log (High Het),TwoStage_DL_HKSJ,44,True,0.10271370917619381,96.0,1389.9639774520792,1389.83009588251,7.6089635645754,1.0701527952109715e-06,98.27277469921512
30,Log (High Het),TwoStage_DL_Normal,44,True,0.10271370917619381,90.0,175.84245829575832,175.0451975633623,1.0,1.0701527952109715e-06,98.27277469921512
30,Log (High Het),TwoStage_DL_HKSJ,45,True,0.132384328497781,96.0,1785.3073020401253,1785.1247539729031,8.764198141091049,1.2668651894114655e-06,98.69810600165846
30,Log (High Het),TwoStage_DL_Normal,45,True,0.132384328497781,89.0,196.17309128965965,195.1957590496859,1.0,1.2668651894114655e-06,98.69810600165846
30,Log (High Het),TwoStage_DL_HKSJ,46,True,0.045501245828729664,97.0,1084.581934700521,1084.4761211685218,6.723198317099644,8.249047611982699e-07,97.7876789278703
30,Log (High Het),TwoStage_DL_Normal,46,True,0.045501245828729664,90.0,155.2360059620283,154.5816948729794,1.0,8.249047611982699e-07,97.7876789278703
30,Log (High Het),TwoStage_DL_HKSJ,47,True,0.07405300340227822,97.0,1486.155134268205,1486.1177203650834,7.956524968968561,1.130346459318491e-06,98.42037812260732
30,Log (High Het),TwoStage_DL_Normal,47,True,0.07405300340227822,90.0,179.55571405163607,178.99618531588473,1.0,1.130346459318491e-06,98.42037812260732
30,Log (High Het),TwoStage_DL_HKSJ,48,True,0.28512036173087213,97.0,1493.8745007574485,1493.8429827794503,7.529941658664839,1.2247900331775619e-06,98.23633223478527
30,Log (High Het),TwoStage_DL_Normal,48,True,0.28512036173087213,91.0,190.6341021830429,190.11979306681147,1.0,1.2247900331775619e-06,98.23633223478527
30,Log (High Het),TwoStage_DL_HKSJ,49,True,0.0669698303634437,94.0,766.196043833632,765.8981082069502,5.627122181298898,5.966168690858556e-07,96.84188958515311
30,Log (High Het),TwoStage_DL_Normal,49,True,0.0669698303634437,88.0,131.39906277379478,130.43635216089353,1.0,5.966168690858556e-07,96.84188958515311
30,U-Shaped (Moderate Het),TwoStage_DL_HKSJ,0,True,1.5251758744209014,100.0,711.3328855372029,711.3328855372029,5.525088606648638,5.465957426871564e-07,96.72416887134452
30,U-Shaped (Moderate Het),TwoStage_DL_Normal,0,True,1.5251758744209014,96.0,123.40488486817672,123.3808144128979,1.0,5.465957426871564e-07,96.72416887134452
30,U-Shaped (Moderate Het),TwoStage_DL_HKSJ,1,True,11.338605178955413,100.0,338.41229020489396,338.41229020489396,3.8886750871827496,2.518701838566185e-07,93.38702799161261
30,U-Shaped (Moderate Het),TwoStage_DL_Normal,1,True,11.338605178955413,94.0,83.45180900969511,83.39854275041534,1.0,2.518701838566185e-07,93.38702799161261
30,U-Shaped (Moderate Het),TwoStage_DL_HKSJ,2,True,0.06011221048698008,100.0,777.4640705197079,777.4640705197079,6.01010506250154,5.904059855916759e-07,97.231555177439
30,U-Shaped (Moderate Het),TwoStage_DL_Normal,2,True,0.06011221048698008,94.0,124.04401469728968,123.96875987483033,1.0,5.904059855916759e-07,97.231555177439
30,U-Shaped (Moderate Het),TwoStage_DL_HKSJ,3,True,0.01124923634486109,99.0,321.6704536331734,321.66981572853047,3.6547976991062905,2.3347303093325602e-07,92.51359506135596
30,U-Shaped (Moderate Het),TwoStage_DL_Normal,3,True,0.01124923634486109,92.0,84.46430303725414,84.34531419101559,1.0,2.3347303093325602e-07,92.51359506135596
30,U-Shaped (Moderate Het),TwoStage_DL_HKSJ,4,True,0.0008309524618946777,100.0,467.42490271049604,467.42490271049604,4.375195560516509,3.597538952599133e-07,94.77597723741764
30,U-Shaped (Moderate Het),TwoStage_DL_Normal,4,True,0.0008309524618946777,96.0,102.40503142411367,102.38312224202934,1.0,3.597538952599133e-07,94.77597723741764
30,U-Shaped (Moderate Het),TwoStage_DL_HKSJ,5,True,0.0019470040697434133,100.0,556.4186377402323,556.4186377402323,5.024083773173564,3.7449019495025347e-07,96.03825740093724
30,U-Shaped (Moderate Het),TwoStage_DL_Normal,5,True,0.0019470040697434133,95.0,106.17623522070173,106.13504030966496,1.0,3.7449019495025347e-07,96.03825740093724
30,U-Shaped (Moderate Het),TwoStage_DL_HKSJ,6,True,0.019640068230057827,100.0,665.6777928141589,665.6777928141589,5.466544067871726,4.6376428190287093e-07,96.65362741949022
30,U-Shaped (Moderate Het),TwoStage_DL_Normal,6,True,0.019640068230057827,100.0,116.69848243341012,116.69848243341012,1.0,4.6376428190287093e-07,96.65362741949022
30,U-Shaped (Moderate Het),TwoStage_DL_HKSJ,7,True,0.024889760102888993,100.0,624.3336351631974,624.3336351631974,5.197664157534842,4.4979843950609786e-07,96.29845041917862
30,U-Shaped (Moderate Het),TwoStage_DL_Normal,7,True,0.024889760102888993,93.0,115.17245408672676,115.11250662933668,1.0,4.4979843950609786e-07,96.29845041917862
30,U-Shaped (Moderate Het),TwoStage_DL_HKSJ,8,True,0.0651760082876245,96.0,273.8104098023508,273.7969358396974,3.497352329444905,1.9242709878936892e-07,91.82437001542961
30,U-Shaped (Moderate Het),TwoStage_DL_Normal,8,True,0.0651760082876245,93.0,75.1384724534194,75.02451390859218,1.0,1.9242709878936892e-07,91.82437001542961
30,U-Shaped (Moderate Het),TwoStage_DL_HKSJ,9,True,0.005020683664394,100.0,696.3562845648569,696.3562845648569,5.456498674966389,4.88132238231372e-07,96.64129475984785
30,U-Shaped (Moderate Het),TwoStage_DL_Normal,9,True,0.005020683664394,95.0,122.329723714402,122.30140274619589,1.0,4.88132238231372e-07,96.64129475984785
30,U-Shaped (Moderate Het),TwoStage_DL_HKSJ,10,True,0.011180201954956243,100.0,479.69010872083527,479.69010872083527,4.531617763504699,3.5796277847094574e-07,95.1303980914398
30,U-Shaped (Moderate Het),TwoStage_DL_Normal,10,True,0.011180201954956243,100.0,101.4428601989355,101.4428601989355,1.0,3.5796277847094574e-07,95.1303980914398
30,U-Shaped (Moderate Het),TwoStage_DL_HKSJ,11,True,3.653660504442359,100.0,555.1545586884209,555.1545586884209,4.840234920332261,4.364431529095055e-07,95.73158026880986
30,U-Shaped (Moderate Het),TwoStage_DL_Normal,11,True,3.653660504442359,95.0,109.94874983828021,109.91613851530845,1.0,4.364431529095055e-07,95.73158026880986
30,U-Shaped (Moderate Het),TwoStage_DL_HKSJ,12,True,0.0008806694321512098,100.0,349.759140792181,349.759140792181,3.9308689581478244,2.4650600777022963e-07,93.528233081876
30,U-Shaped (Moderate Het),TwoStage_DL_Normal,12,True,0.0008806694321512098,96.0,85.27739641007643,85.26965388076347,1.0,2.4650600777022963e-07,93.528233081876
30,U-Shaped (Moderate Het),TwoStage_DL_HKSJ,13,True,0.0016617329892236554,100.0,664.8248407526016,664.8248407526016,5.274681826865516,4.828530039400124e-07,96.40575676097428
30,U-Shaped (Moderate Het),TwoStage_DL_Normal,13,True,0.0016617329892236554,94.0,120.88075937198663,120.78832625218949,1.0,4.828530039400124e-07,96.40575676097428
30,U-Shaped (Moderate Het),TwoStage_DL_HKSJ,14,True,0.005033807963676331,100.0,425.6217643801584,425.6217643801584,4.1393062166048615,3.251084713440033e-07,94.1636021533234
30,U-Shaped (Moderate Het),TwoStage_DL_Normal,14,True,0.005033807963676331,93.0,98.61773824338403,98.53947971631882,1.0,3.251084713440033e-07,94.1636021533234
30,U-Shaped (Moderate Het),TwoStage_DL_HKSJ,15,True,0.009303703737103833,100.0,622.9046651830749,622.9046651830749,5.2682327952779575,4.556493770058948e-07,96.39695169239022
30,U-Shaped (Moderate Het),TwoStage_DL_Normal,15,True,0.009303703737103833,93.0,113.42502812953738,113.31062077683556,1.0,4.556493770058948e-07,96.39695169239022
30,U-Shaped (Moderate Het),TwoStage_DL_HKSJ,16,True,0.006256808724849719,100.0,620.1240439775667,620.1240439775667,5.420206579561477,4.2065131375582883e-07,96.59616639296371
30,U-Shaped (Moderate Het),TwoStage_DL_Normal,16,True,0.006256808724849719,99.0,109.64282227829958,109.64194328753703,1.0,4.2065131375582883e-07,96.59616639296371
30,U-Shaped (Moderate Het),TwoStage_DL_HKSJ,17,True,0.12433325797529264,100.0,1024.8363632853716,1024.8363632853716,6.430419248521813,7.715203422977245e-07,97.5816373752072
30,U-Shaped (Moderate Het),TwoStage_DL_Normal,17,True,0.12433325797529264,97.0,152.74082147441231,152.73171581047126,1.0,7.715203422977245e-07,97.5816373752072
30,U-Shaped (Moderate Het),TwoStage_DL_HKSJ,18,True,0.09247270540613554,100.0,448.1447812183674,448.1447812183674,4.432654384685167,3.21891297859307e-07,94.91053351405347
30,U-Shaped (Moderate Het),TwoStage_DL_Normal,18,True,0.09247270540613554,95.0,96.91541388295005,96.88765967574501,1.0,3.21891297859307e-07,94.91053351405347
30,U-Shaped (Moderate Het),TwoStage_DL_HKSJ,19,True,0.006792528759649297,100.0,771.9444308267048,771.9444308267048,5.730346827058,5.557611227664028e-07,96.95464319501055
30,U-Shaped (Moderate Het),TwoStage_DL_Normal,19,True,0.006792528759649297,92.0,129.3032604516739,129.0978837095183,1.0,5.557611227664028e-07,96.95464319501055
30,U-Shaped (Moderate Het),TwoStage_DL_HKSJ,20,True,0.02250595601346477,100.0,587.6319196536817,587.6319196536817,4.84661225077149,4.834653784439689e-07,95.74280593013819
30,U-Shaped (Moderate Het),TwoStage_DL_Normal,20,True,0.02250595601346477,98.0,116.19522036343906,116.19330244952752,1.0,4.834653784439689e-07,95.74280593013819
30,U-Shaped (Moderate Het),TwoStage_DL_HKSJ,21,True,0.0053620780737275685,100.0,619.0841087703982,619.0841087703982,5.320338934843081,4.2965268749630757e-07,96.46718089963484
30,U-Shaped (Moderate Het),TwoStage_DL_Normal,21,True,0.0053620780737275685,94.0,111.62082211293784,111.5127045597877,1.0,4.2965268749630757e-07,96.46718089963484
30,U-Shaped (Moderate Het),TwoStage_DL_HKSJ,22,True,0.004611143968452375,100.0,455.0190828025261,455.0190828025261,4.3544436923205065,3.2628215699963045e-07,94.72606659038232
30,U-Shaped (Moderate Het),TwoStage_DL_Normal,22,True,0.004611143968452375,95.0,100.18536496478535,100.14076956444487,1.0,3.2628215699963045e-07,94.72606659038232
30,U-Shaped (Moderate Het),TwoStage_DL_HKSJ,23,True,0.019172160910107722,100.0,359.571181486844,359.571181486844,3.962611130178938,2.5189642613816937e-07,93.631500927393
30,U-Shaped (Moderate Het),TwoStage_DL_Normal,23,True,0.019172160910107722,99.0,86.96022769198802,86.95957628254722,1.0,2.5189642613816937e-07,93.631500927393
30,U-Shaped (Moderate Het),TwoStage_DL_HKSJ,24,True,0.13153318515189244,100.0,775.7311750351073,775.7311750351073,5.934922450991604,5.354652308403043e-07,97.16097051592556
30,U-Shaped (Moderate Het),TwoStage_DL_Normal,24,True,0.13153318515189244,95.0,125.28804681175949,125.25936031951605,1.0,5.354652308403043e-07,97.16097051592556
30,U-Shaped (Moderate Het),TwoStage_DL_HKSJ,25,True,0.03233098433589225,95.0,366.36780884261725,366.31065026033093,4.02408134891528,2.688375637912321e-07,93.82458004606816
30,U-Shaped (Moderate Het),TwoStage_DL_Normal,25,True,0.03233098433589225,92.0,87.4350073283266,87.23620953513596,1.0,2.688375637912321e-07,93.82458004606816
30,U-Shaped (Moderate Het),TwoStage_DL_HKSJ,26,True,0.0023557450263356856,100.0,430.05550503212515,430.05550503212515,4.159015143910005,3.314856167859494e-07,94.2187866546007
30,U-Shaped (Moderate Het),TwoStage_DL_Normal,26,True,0.0023557450263356856,94.0,99.17624918795816,99.09414674314615,1.0,3.314856167859494e-07,94.2187866546007
30,U-Shaped (Moderate Het),TwoStage_DL_HKSJ,27,True,0.005665166951534233,100.0,771.8384174602237,771.8384174602237,5.673739253521434,6.081237373309421e-07,96.89357227488694
30,U-Shaped (Moderate Het),TwoStage_DL_Normal,27,True,0.005665166951534233,95.0,130.38922068160224,130.36800242473902,1.0,6.081237373309421e-07,96.89357227488694
30,U-Shaped (Moderate Het),TwoStage_DL_HKSJ,28,True,0.0028441674926993773,100.0,526.9197396016705,526.9197396016705,4.789340799881401,4.071704926886063e-07,95.6403812005644
30,U-Shaped (Moderate Het),TwoStage_DL_Normal,28,True,0.0028441674926993773,94.0,105.47926936878534,105.43449439832075,1.0,4.071704926886063e-07,95.6403812005644
30,U-Shaped (Moderate Het),TwoStage_DL_HKSJ,29,True,0.021909614849387166,100.0,437.10944336192557,437.10944336192557,4.207407178722846,3.42657884838476e-07,94.35100861028276
30,U-Shaped (Moderate Het),TwoStage_DL_Normal,29,True,0.021909614849387166,100.0,99.56108903280459,99.56108903280459,1.0,3.42657884838476e-07,94.35100861028276
30,U-Shaped (Moderate Het),TwoStage_DL_HKSJ,30,True,0.0018454745981997625,100.0,437.3658366594343,437.3658366594343,4.414769355909997,3.0814966423918147e-07,94.86921328774977
30,U-Shaped (Moderate Het),TwoStage_DL_Normal,30,True,0.0018454745981997625,99.0,94.94194720142815,94.94035037835953,1.0,3.0814966423918147e-07,94.86921328774977
30,U-Shaped (Moderate Het),TwoStage_DL_HKSJ,31,True,0.005769126224264573,96.0,508.0276430499009,507.98961731254826,4.578235887099184,3.982795525735279e-07,95.22906313622781
30,U-Shaped (Moderate Het),TwoStage_DL_Normal,31,True,0.005769126224264573,93.0,106.52546463553195,106.33363575274059,1.0,3.982795525735279e-07,95.22906313622781
30,U-Shaped (Moderate Het),TwoStage_DL_HKSJ,32,True,0.0039475094759435815,100.0,416.90929345469783,416.90929345469783,4.18070459930314,3.3708932685683614e-07,94.27861681068676
30,U-Shaped (Moderate Het),TwoStage_DL_Normal,32,True,0.0039475094759435815,95.0,95.60447114674629,95.56658936070575,1.0,3.3708932685683614e-07,94.27861681068676
30,U-Shaped (Moderate Het),TwoStage_DL_HKSJ,33,True,0.0009702544526171249,100.0,527.7731212168077,527.7731212168077,4.706504523327384,3.9764322722776844e-07,95.48556879570887
30,U-Shaped (Moderate Het),TwoStage_DL_Normal,33,True,0.0009702544526171249,100.0,107.46394535031348,107.46394535031348,1.0,3.9764322722776844e-07,95.48556879570887
30,U-Shaped (Moderate Het),TwoStage_DL_HKSJ,34,True,0.0008097997936724175,100.0,451.1562420956652,451.1562420956652,4.322085371083534,3.330959455361959e-07,94.646801863403
30,U-Shaped (Moderate Het),TwoStage_DL_Normal,34,True,0.0008097997936724175,100.0,100.03399711399634,100.03399711399634,1.0,3.330959455361959e-07,94.646801863403
30,U-Shaped (Moderate Het),TwoStage_DL_HKSJ,35,True,0.01390176506194992,100.0,296.92650591620736,296.92650591620736,3.587460145883967,2.3601805045575977e-07,92.22991392437233
30,U-Shaped (Moderate Het),TwoStage_DL_Normal,35,True,0.01390176506194992,93.0,79.36823586852849,79.31875257982661,1.0,2.3601805045575977e-07,92.22991392437233
30,U-Shaped (Moderate Het),TwoStage_DL_HKSJ,36,True,0.02402519849140057,100.0,417.6069075464111,417.6069075464111,4.255881696765825,2.82076801434614e-07,94.47895984559196
30,U-Shaped (Moderate Het),TwoStage_DL_Normal,36,True,0.02402519849140057,92.0,94.12136901181935,94.03556090797181,1.0,2.82076801434614e-07,94.47895984559196
30,U-Shaped (Moderate Het),TwoStage_DL_HKSJ,37,True,0.005508715229593788,100.0,471.60792650024325,471.60792650024325,4.388083783249589,3.4353468941459983e-07,94.80661908352208
30,U-Shaped (Moderate Het),TwoStage_DL_Normal,37,True,0.005508715229593788,96.0,103.01419910669775,102.99595708498153,1.0,3.4353468941459983e-07,94.80661908352208
30,U-Shaped (Moderate Het),TwoStage_DL_HKSJ,38,True,0.02866773583355176,100.0,513.9615713052547,513.9615713052547,4.943344530788154,3.556943805492813e-07,95.90778691331246
30,U-Shaped (Moderate Het),TwoStage_DL_Normal,38,True,0.02866773583355176,100.0,99.63771540429354,99.63771540429354,1.0,3.556943805492813e-07,95.90778691331246
30,U-Shaped (Moderate Het),TwoStage_DL_HKSJ,39,True,0.02280386575782465,100.0,710.5320522100484,710.5320522100484,5.28605750113245,5.582950587084616e-07,96.42120984511611
30,U-Shaped (Moderate Het),TwoStage_DL_Normal,39,True,0.02280386575782465,94.0,128.89769241680548,128.81480596287125,1.0,5.582950587084616e-07,96.42120984511611
30,U-Shaped (Moderate Het),TwoStage_DL_HKSJ,40,True,0.1939330585121187,100.0,763.2361888746822,763.2361888746822,5.424696890805503,6.134482606457186e-07,96.60179913035785
30,U-Shaped (Moderate Het),TwoStage_DL_Normal,40,True,0.1939330585121187,96.0,134.84643769899066,134.83339520511308,1.0,6.134482606457186e-07,96.60179913035785
30,U-Shaped (Moderate Het),TwoStage_DL_HKSJ,41,True,0.14381157636782177,100.0,629.6721103101728,629.6721103101728,5.369615646102992,4.330965738671435e-07,96.53172440888204
30,U-Shaped (Moderate Het),TwoStage_DL_Normal,41,True,0.14381157636782177,94.0,112.45558969944386,112.3790225594501,1.0,4.330965738671435e-07,96.53172440888204
30,U-Shaped (Moderate Het),TwoStage_DL_HKSJ,42,True,0.004017811734400169,100.0,836.0216713856456,836.0216713856456,6.047331886904647,6.116286768407265e-07,97.26553485507318
30,U-Shaped (Moderate Het),TwoStage_DL_Normal,42,True,0.004017811734400169,96.0,132.49570376527222,132.48530938713537,1.0,6.116286768407265e-07,97.26553485507318
30,U-Shaped (Moderate Het),TwoStage_DL_HKSJ,43,True,0.049634243863385795,100.0,486.461209235953,486.461209235953,4.600099358001669,3.5323396619299226e-07,95.27430622746492
30,U-Shaped (Moderate Het),TwoStage_DL_Normal,43,True,0.049634243863385795,100.0,101.34328922823424,101.34328922823424,1.0,3.5323396619299226e-07,95.27430622746492
30,U-Shaped (Moderate Het),TwoStage_DL_HKSJ,44,True,0.015530062601309342,100.0,714.1187299255704,714.1187299255704,5.645939895397051,5.131422600580347e-07,96.86290623909825
30,U-Shaped (Moderate Het),TwoStage_DL_Normal,44,True,0.015530062601309342,100.0,121.21271147373352,121.21271147373352,1.0,5.131422600580347e-07,96.86290623909825
30,U-Shaped (Moderate Het),TwoStage_DL_HKSJ,45,True,0.005426155557310148,100.0,902.7512062978972,902.7512062978972,6.066695297039148,6.761556338911846e-07,97.2829624884246
30,U-Shaped (Moderate Het),TwoStage_DL_Normal,45,True,0.005426155557310148,94.0,142.69479260073516,142.60340238241807,1.0,6.761556338911846e-07,97.2829624884246
30,U-Shaped (Moderate Het),TwoStage_DL_HKSJ,46,True,0.006313840254207634,100.0,425.8877211040792,425.8877211040792,4.487660258099769,2.855345085955386e-07,95.03453347703686
30,U-Shaped (Moderate Het),TwoStage_DL_Normal,46,True,0.006313840254207634,98.0,90.94953626973172,90.94715980363782,1.0,2.855345085955386e-07,95.03453347703686
30,U-Shaped (Moderate Het),TwoStage_DL_HKSJ,47,True,0.008343662290436924,100.0,717.6417542822695,717.6417542822695,5.542319759099142,5.432260106832512e-07,96.74450642016032
30,U-Shaped (Moderate Het),TwoStage_DL_Normal,47,True,0.008343662290436924,94.0,124.12049415780544,124.08809395405444,1.0,5.432260106832512e-07,96.74450642016032
30,U-Shaped (Moderate Het),TwoStage_DL_HKSJ,48,True,0.0660326678503644,100.0,686.0151659764348,686.0151659764348,5.3373195738212615,5.141047737373875e-07,96.48962441151195
30,U-Shaped (Moderate Het),TwoStage_DL_Normal,48,True,0.0660326678503644,94.0,123.22269480418035,123.17554788556221,1.0,5.141047737373875e-07,96.48962441151195
30,U-Shaped (Moderate Het),TwoStage_DL_HKSJ,49,True,0.09068823513176313,100.0,379.644618425358,379.644618425358,4.091030490483962,2.7733764927957986e-07,94.02504598220438
30,U-Shaped (Moderate Het),TwoStage_DL_Normal,49,True,0.09068823513176313,95.0,88.96346709864683,88.93209527597315,1.0,2.7733764927957986e-07,94.02504598220438
