scenario,method,sim_idx,converged,mse,coverage,interval_score,sharpness,calibration,tau2,I2
1_linear_low_het,TwoStage_RCS_DL_HKSJ,0,True,0.3211269109016454,94.0,70.27798026328563,70.26643601197304,0.011544251312584347,2.4815194897903235e-08,65.50588884111671
1_linear_low_het,TwoStage_RCS_Fixed,0,True,0.32017158545034624,90.0,24.027382889393415,23.944332840484446,0.0830500489089756,0.0,0.0
1_linear_low_het,OneStage_RCS,0,True,0.0038836257507765043,14.000000000000002,0.32712489609798695,0.11358244332262063,0.2135424527753664,0.00999999999999996,53.22537515865984
1_linear_low_het,TwoStage_RCS_DL_HKSJ,1,True,0.00531119173167387,100.0,116.1978390686314,116.1978390686314,0.0,5.8467628283340665e-08,70.51700841210018
1_linear_low_het,TwoStage_RCS_Fixed,1,True,0.005491390876856161,100.0,23.847588109469143,23.847588109469143,0.0,0.0,0.0
1_linear_low_het,OneStage_RCS,1,True,0.00015910115445635236,100.0,0.11563559764229395,0.11563559764229395,0.0,0.009999999999999995,76.96902221707369
1_linear_low_het,TwoStage_RCS_DL_HKSJ,2,True,0.0015843728982616071,100.0,174.45224510481893,174.45224510481893,0.0,7.571555263964863e-08,83.22809931453433
1_linear_low_het,TwoStage_RCS_Fixed,2,True,0.0015683759837691294,91.0,23.771158934313224,23.7298689079331,0.04129002638012474,0.0,0.0
1_linear_low_het,OneStage_RCS,2,True,0.0006590082376106285,100.0,0.12320378288965061,0.12320378288965061,0.0,0.011074635158522503,81.98608298244532
1_linear_low_het,TwoStage_RCS_DL_HKSJ,3,True,0.0021273109118809287,100.0,54.48670757616878,54.48670757616878,0.0,1.5965977610618486e-08,62.596110817134665
1_linear_low_het,TwoStage_RCS_Fixed,3,True,0.0021456232110034328,94.0,24.10548300703903,24.101320163368545,0.0041628436704782305,0.0,0.0
1_linear_low_het,OneStage_RCS,3,True,6.596345715941653e-05,100.0,0.11860889190366258,0.11860889190366258,0.0,0.009999989877334595,61.705961180431
1_linear_low_het,TwoStage_RCS_DL_HKSJ,4,True,0.00030096732073402134,100.0,110.25330444644345,110.25330444644345,0.0,5.285916018003487e-08,73.89848717131562
1_linear_low_het,TwoStage_RCS_Fixed,4,True,0.00027645290911369383,93.0,22.406953998890298,22.391704360999046,0.015249637891251324,0.0,0.0
1_linear_low_het,OneStage_RCS,4,True,0.00037477015001627346,100.0,0.1167757803048593,0.1167757803048593,0.0,0.00999999581195173,74.49660798782297
1_linear_low_het,TwoStage_RCS_DL_HKSJ,5,True,0.010384624733107932,100.0,175.31898584666214,175.31898584666214,0.0,8.71547449956137e-08,81.25843537210926
1_linear_low_het,TwoStage_RCS_Fixed,5,True,0.010368938192960316,100.0,23.496763210371263,23.496763210371263,0.0,0.0,0.0
1_linear_low_het,OneStage_RCS,5,True,0.0030472483800495238,76.0,0.3174840538810195,0.12303159462061623,0.19445245926040328,0.00999999999999996,75.42192439012567
1_linear_low_het,TwoStage_RCS_DL_HKSJ,6,True,0.0012679630006777456,100.0,133.72650763361094,133.72650763361094,0.0,5.581177960143967e-08,77.55586806643672
1_linear_low_het,TwoStage_RCS_Fixed,6,True,0.001243632111401744,100.0,24.508562846373287,24.508562846373287,0.0,0.0,0.0
1_linear_low_het,OneStage_RCS,6,True,7.474731723841389e-05,100.0,0.11399739507723466,0.11399739507723466,0.0,0.010000370163885275,79.47998489260156
1_linear_low_het,TwoStage_RCS_DL_HKSJ,7,True,0.015293329228651368,100.0,178.27269039885192,178.27269039885192,0.0,7.999140849237385e-08,83.34430777878974
1_linear_low_het,TwoStage_RCS_Fixed,7,True,0.015832854599705397,100.0,23.510966786449913,23.510966786449913,0.0,0.0,0.0
1_linear_low_het,OneStage_RCS,7,True,3.3014142486947845e-05,100.0,0.12908240942763732,0.12908240942763732,0.0,0.011693762492673213,83.23823093765733
1_linear_low_het,TwoStage_RCS_DL_HKSJ,8,True,0.006321233956039896,100.0,281.7581161020759,281.7581161020759,0.0,1.3211759818508016e-07,87.67278442060405
1_linear_low_het,TwoStage_RCS_Fixed,8,True,0.006610793247381555,100.0,24.87424530877476,24.87424530877476,0.0,0.0,0.0
1_linear_low_het,OneStage_RCS,8,True,0.0003557696684561561,100.0,0.13234323536595025,0.13234323536595025,0.0,0.014262824375907094,85.36449231385221
1_linear_low_het,TwoStage_RCS_DL_HKSJ,9,True,0.12094876631568903,100.0,210.7262906128353,210.7262906128353,0.0,9.260411872975743e-08,86.83222630006655
1_linear_low_het,TwoStage_RCS_Fixed,9,True,0.12286882691619544,100.0,22.966480659530575,22.966480659530575,0.0,0.0,0.0
1_linear_low_het,OneStage_RCS,9,True,0.000844565192948792,100.0,0.13444195757681823,0.13444195757681823,0.0,0.01318112353189429,84.29856908940212
1_linear_low_het,TwoStage_RCS_DL_HKSJ,10,True,0.005997506944198161,94.0,179.0012798358336,178.9338316220042,0.06744821382941463,8.530597779584857e-08,82.0053397139896
1_linear_low_het,TwoStage_RCS_Fixed,10,True,0.0059629051134043294,88.0,24.01107838487534,23.751567694722997,0.2595106901523395,0.0,0.0
1_linear_low_het,OneStage_RCS,10,True,0.0044713316737596135,64.0,0.3786073950122561,0.12354227193109203,0.25506512308116397,0.011107928536085136,81.5871199705553
1_linear_low_het,TwoStage_RCS_DL_HKSJ,11,True,0.011701833153632294,100.0,410.8597682404219,410.8597682404219,0.0,1.6712758346120074e-07,92.74942312963815
1_linear_low_het,TwoStage_RCS_Fixed,11,True,0.012480748781148633,91.0,24.766758659166097,24.733176589666456,0.033582069499643825,0.0,0.0
1_linear_low_het,OneStage_RCS,11,True,0.002003237748212324,100.0,0.17471133502218109,0.17471133502218109,0.0,0.023715696152203893,90.70461041044516
1_linear_low_het,TwoStage_RCS_DL_HKSJ,12,True,0.001066510850504436,100.0,78.60958560790638,78.60958560790638,0.0,2.8710242189127268e-08,69.49235162500747
1_linear_low_het,TwoStage_RCS_Fixed,12,True,0.0010670138444382582,100.0,23.418901962610633,23.418901962610633,0.0,0.0,0.0
1_linear_low_het,OneStage_RCS,12,True,0.00019872603115794104,100.0,0.12242400807889606,0.12242400807889606,0.0,0.009999989196624752,60.11800121815595
1_linear_low_het,TwoStage_RCS_DL_HKSJ,13,True,0.008624948673032342,100.0,154.17083570494415,154.17083570494415,0.0,7.367733346735147e-08,80.38644139166186
1_linear_low_het,TwoStage_RCS_Fixed,13,True,0.009198260672490084,100.0,22.989855632423417,22.989855632423417,0.0,0.0,0.0
1_linear_low_het,OneStage_RCS,13,True,0.000523141522706588,100.0,0.12108115160395723,0.12108115160395723,0.0,0.00999999619427693,76.5693906663931
1_linear_low_het,TwoStage_RCS_DL_HKSJ,14,True,0.0042913411671885145,100.0,155.69231879692484,155.69231879692484,0.0,7.82971049663461e-08,78.26411473918462
1_linear_low_het,TwoStage_RCS_Fixed,14,True,0.004443162386860346,100.0,23.708685549998577,23.708685549998577,0.0,0.0,0.0
1_linear_low_het,OneStage_RCS,14,True,0.00028833776165149963,100.0,0.11642837893549951,0.11642837893549951,0.0,0.009999999999999206,78.27205117183522
1_linear_low_het,TwoStage_RCS_DL_HKSJ,15,True,3.311309288951162,100.0,127.84851715856568,127.84851715856568,0.0,5.31987874826911e-08,75.39167808187356
1_linear_low_het,TwoStage_RCS_Fixed,15,True,0.9584939788255646,96.0,25.463662324909077,25.460843726584717,0.0028185983243633,0.0,0.0
1_linear_low_het,OneStage_RCS,15,True,0.0013956565546411883,100.0,0.11607095710567403,0.11607095710567403,0.0,0.010000000000000014,78.82158644707162
1_linear_low_het,TwoStage_RCS_DL_HKSJ,16,True,0.00047364202477160374,100.0,180.28024591874876,180.28024591874876,0.0,7.390116944788471e-08,83.60448414069859
1_linear_low_het,TwoStage_RCS_Fixed,16,True,0.000487407145690373,100.0,24.541511244400475,24.541511244400475,0.0,0.0,0.0
1_linear_low_het,OneStage_RCS,16,True,0.0007129153391488909,100.0,0.11873615477915729,0.11873615477915729,0.0,0.01063780883603326,80.85844714360299
1_linear_low_het,TwoStage_RCS_DL_HKSJ,17,True,0.017207053476129167,100.0,148.49676110821883,148.49676110821883,0.0,5.526693611709236e-08,82.20792375638085
1_linear_low_het,TwoStage_RCS_Fixed,17,True,0.017416873514593798,100.0,24.35074994314899,24.35074994314899,0.0,0.0,0.0
1_linear_low_het,OneStage_RCS,17,True,0.0031110445424615604,63.0,0.23482997425800636,0.12100485015343442,0.11382512410457192,0.009999996413831846,74.42611671747011
1_linear_low_het,TwoStage_RCS_DL_HKSJ,18,True,3.4429798487565915e-05,100.0,152.92761556573797,152.92761556573797,0.0,7.156807561877906e-08,77.85432777667688
1_linear_low_het,TwoStage_RCS_Fixed,18,True,2.9266439585036883e-05,100.0,24.58600222355769,24.58600222355769,0.0,0.0,0.0
1_linear_low_het,OneStage_RCS,18,True,0.00014035546260422258,100.0,0.11904913026646863,0.11904913026646863,0.0,0.010042315319221954,79.83422153018287
1_linear_low_het,TwoStage_RCS_DL_HKSJ,19,True,0.0001265066720974468,100.0,189.11162913896888,189.11162913896888,0.0,8.947640485497304e-08,81.69763704948923
1_linear_low_het,TwoStage_RCS_Fixed,19,True,0.00010376345808544744,100.0,24.719287009535197,24.719287009535197,0.0,0.0,0.0
1_linear_low_het,OneStage_RCS,19,True,0.0001961124597220503,100.0,0.1155297340014723,0.1155297340014723,0.0,0.01000000000000146,79.87227572163886
1_linear_low_het,TwoStage_RCS_DL_HKSJ,20,True,0.013874577923336911,100.0,123.3303659399726,123.3303659399726,0.0,5.781261252546105e-08,78.44379702991691
1_linear_low_het,TwoStage_RCS_Fixed,20,True,0.013900684039707014,100.0,21.76541711644125,21.76541711644125,0.0,0.0,0.0
1_linear_low_het,OneStage_RCS,20,True,0.0004410373525241027,100.0,0.11483294712295208,0.11483294712295208,0.0,0.009999999999999978,71.67139692294593
1_linear_low_het,TwoStage_RCS_DL_HKSJ,21,True,0.015748361283435777,100.0,187.44896124718446,187.44896124718446,0.0,7.312507583321054e-08,84.99198544215426
1_linear_low_het,TwoStage_RCS_Fixed,21,True,0.015860229481379565,100.0,24.5434332530555,24.5434332530555,0.0,0.0,0.0
1_linear_low_het,OneStage_RCS,21,True,0.00032557207939650764,100.0,0.11986587524884047,0.11986587524884047,0.0,0.009999998268734047,77.03233294607926
1_linear_low_het,TwoStage_RCS_DL_HKSJ,22,True,0.0029660468221376214,100.0,123.41332889127571,123.41332889127571,0.0,6.265783292510782e-08,79.26517706556338
1_linear_low_het,TwoStage_RCS_Fixed,22,True,0.0029396810527134655,94.0,20.524515962623312,20.519567887242687,0.00494807538062627,0.0,0.0
1_linear_low_het,OneStage_RCS,22,True,0.00032329095674676846,100.0,0.14322166651774787,0.14322166651774787,0.0,0.00999999668064397,76.04125979539792
1_linear_low_het,TwoStage_RCS_DL_HKSJ,23,True,0.0009623845337225074,100.0,94.2644203194287,94.2644203194287,0.0,4.095639121023702e-08,72.1086277861738
1_linear_low_het,TwoStage_RCS_Fixed,23,True,0.0009779714338638426,93.0,22.49096608292851,22.48212350692585,0.00884257600265542,0.0,0.0
1_linear_low_het,OneStage_RCS,23,True,0.0001319930833903594,100.0,0.11671216018631786,0.11671216018631786,0.0,0.0099999933145046,68.40787086708568
1_linear_low_het,TwoStage_RCS_DL_HKSJ,24,True,0.0009301823407345426,100.0,349.7040997203832,349.7040997203832,0.0,1.8210037736530682e-07,89.90751175459243
1_linear_low_het,TwoStage_RCS_Fixed,24,True,0.000872629245777377,100.0,23.79409239877411,23.79409239877411,0.0,0.0,0.0
1_linear_low_het,OneStage_RCS,24,True,8.425112447541032e-05,100.0,0.15147379005516629,0.15147379005516629,0.0,0.019440546712357384,88.68194013318646
1_linear_low_het,TwoStage_RCS_DL_HKSJ,25,True,0.004338677097182036,93.0,63.34861085723072,63.32658025566909,0.02203060156161991,2.0562418051195075e-08,65.28429175628938
1_linear_low_het,TwoStage_RCS_Fixed,25,True,0.0043299381125795075,90.0,23.87310653031753,23.77973775978933,0.09336877052819671,0.0,0.0
1_linear_low_het,OneStage_RCS,25,True,0.0033970336381855025,63.0,0.2124551529068376,0.11751231830470657,0.09494283460213104,0.00999999999999996,64.09402849504974
1_linear_low_het,TwoStage_RCS_DL_HKSJ,26,True,0.008078532637824383,95.0,284.08643086889265,284.0528000555559,0.033630813336721486,1.2664451673949798e-07,89.82068915061575
1_linear_low_het,TwoStage_RCS_Fixed,26,True,0.008175793672183636,87.0,23.59025929743816,23.27500798864927,0.3152513087888842,0.0,0.0
1_linear_low_het,OneStage_RCS,26,True,0.007242328535283103,14.000000000000002,0.9926460010932494,0.13050385244129628,0.8621421486519532,0.013608612738282115,85.1538887989333
1_linear_low_het,TwoStage_RCS_DL_HKSJ,27,True,0.002798532038670496,100.0,212.56206413526357,212.56206413526357,0.0,9.393952980583876e-08,86.12684397835744
1_linear_low_het,TwoStage_RCS_Fixed,27,True,0.0028286797056566314,100.0,23.60861229079093,23.60861229079093,0.0,0.0,0.0
1_linear_low_het,OneStage_RCS,27,True,0.0009396570633598431,100.0,0.12066192566502658,0.12066192566502658,0.0,0.010000001242620692,79.78796965372806
1_linear_low_het,TwoStage_RCS_DL_HKSJ,28,True,0.0036840394605413816,100.0,130.12237836776046,130.12237836776046,0.0,6.065405993544131e-08,75.49276442753633
1_linear_low_het,TwoStage_RCS_Fixed,28,True,0.0036385243580851325,100.0,23.904929000925435,23.904929000925435,0.0,0.0,0.0
1_linear_low_het,OneStage_RCS,28,True,0.0006065300424629328,100.0,0.1158160434401438,0.1158160434401438,0.0,0.009999999999999986,72.94085572851675
1_linear_low_het,TwoStage_RCS_DL_HKSJ,29,True,0.002457265473109613,100.0,61.012444234933106,61.012444234933106,0.0,1.7483394428043423e-08,65.11999448214996
1_linear_low_het,TwoStage_RCS_Fixed,29,True,0.0024620890188010113,91.0,24.943310271061705,24.90486935073843,0.038440920323274196,0.0,0.0
1_linear_low_het,OneStage_RCS,29,True,0.0009937750025336564,100.0,0.11213116677630916,0.11213116677630916,0.0,0.009999992753832983,63.42597452430494
1_linear_low_het,TwoStage_RCS_DL_HKSJ,30,True,0.013731744302179353,100.0,128.59325319443465,128.59325319443465,0.0,5.4631983738212157e-08,77.1944650734926
1_linear_low_het,TwoStage_RCS_Fixed,30,True,0.01392036722949855,95.0,24.016934845201316,24.012004492741585,0.004930352459730428,0.0,0.0
1_linear_low_het,OneStage_RCS,30,True,0.0005140639169244069,100.0,0.12076313555592331,0.12076313555592331,0.0,0.009999994435097966,73.02233899862054
1_linear_low_het,TwoStage_RCS_DL_HKSJ,31,True,0.022963808777086658,100.0,52.71169829303622,52.71169829303622,0.0,2.0598349453971155e-08,57.242773631113465
1_linear_low_het,TwoStage_RCS_Fixed,31,True,0.023032889958335415,100.0,21.947977059319268,21.947977059319268,0.0,0.0,0.0
1_linear_low_het,OneStage_RCS,31,True,0.0007682016321185327,100.0,0.11677252197461328,0.11677252197461328,0.0,0.009999999999999934,59.31402778947247
1_linear_low_het,TwoStage_RCS_DL_HKSJ,32,True,0.0020850720931607377,100.0,67.2633079977104,67.2633079977104,0.0,2.7430256227136603e-08,57.01057386558181
1_linear_low_het,TwoStage_RCS_Fixed,32,True,0.002092000705698571,95.0,24.34425168225533,24.33569403411598,0.00855764813934742,0.0,0.0
1_linear_low_het,OneStage_RCS,32,True,0.0005733397262085674,100.0,0.11618133255153205,0.11618133255153205,0.0,0.009999990156329871,59.644550291460504
1_linear_low_het,TwoStage_RCS_DL_HKSJ,33,True,0.0006104331081984855,100.0,256.44802605175335,256.44802605175335,0.0,1.2147890119709994e-07,86.35449306764052
1_linear_low_het,TwoStage_RCS_Fixed,33,True,0.000654012557644391,100.0,24.840766671334688,24.840766671334688,0.0,0.0,0.0
1_linear_low_het,OneStage_RCS,33,True,6.057204121917452e-05,100.0,0.13143919269442234,0.13143919269442234,0.0,0.013731362594317554,84.81141839986195
1_linear_low_het,TwoStage_RCS_DL_HKSJ,34,True,0.03238283179096496,98.0,79.00142016672562,79.00121650398106,0.00020366274456735668,2.757910620643106e-08,69.87030448342642
1_linear_low_het,TwoStage_RCS_Fixed,34,True,0.03244748757943666,91.0,23.93146126468187,23.864207042493184,0.06725422218868707,0.0,0.0
1_linear_low_het,OneStage_RCS,34,True,0.0010986993102706814,100.0,0.11817146626850608,0.11817146626850608,0.0,0.009999990046816249,62.49739409413811
1_linear_low_het,TwoStage_RCS_DL_HKSJ,35,True,0.0018758474824155374,94.0,176.08996628252373,176.03805370155416,0.051912580969562444,1.0149872122496153e-07,79.17464018618827
1_linear_low_het,TwoStage_RCS_Fixed,35,True,0.001852172509791714,89.0,23.254099772604544,23.04629147957823,0.20780829302631276,0.0,0.0
1_linear_low_het,OneStage_RCS,35,True,0.004804987159044021,0.0,0.4461573150194645,0.12022266789299708,0.32593464712646764,0.010000000000000014,79.71298354081814
1_linear_low_het,TwoStage_RCS_DL_HKSJ,36,True,0.0033501966407238183,100.0,129.17471189337292,129.17471189337292,0.0,4.486264181840549e-08,80.0083850321017
1_linear_low_het,TwoStage_RCS_Fixed,36,True,0.00342092984260843,94.0,24.924110304541884,24.921197882990022,0.0029124215518602802,0.0,0.0
1_linear_low_het,OneStage_RCS,36,True,0.0003726754545148842,100.0,0.11747725109108802,0.11747725109108802,0.0,0.009999999421761675,73.70861845440658
1_linear_low_het,TwoStage_RCS_DL_HKSJ,37,True,0.0013702794577542053,100.0,65.80160370535154,65.80160370535154,0.0,1.960252427819018e-08,67.90139876597648
1_linear_low_het,TwoStage_RCS_Fixed,37,True,0.0013695051294032592,100.0,24.334190474779945,24.334190474779945,0.0,0.0,0.0
1_linear_low_het,OneStage_RCS,37,True,0.0013971545190797755,100.0,0.11478955108312146,0.11478955108312146,0.0,0.009999999999999969,62.34487034339563
1_linear_low_het,TwoStage_RCS_DL_HKSJ,38,True,0.002264565055162199,100.0,129.5827315381093,129.5827315381093,0.0,4.885707443684623e-08,78.31336822723466
1_linear_low_het,TwoStage_RCS_Fixed,38,True,0.0022978187780879488,90.0,25.023513757937494,24.95111808787651,0.07239567006098596,0.0,0.0
1_linear_low_het,OneStage_RCS,38,True,0.002151740482672722,100.0,0.11634744926761108,0.11634744926761108,0.0,0.009999998087194416,75.54407308426667
1_linear_low_het,TwoStage_RCS_DL_HKSJ,39,True,0.001033406021033698,100.0,256.16223273700166,256.16223273700166,0.0,1.155122304023257e-07,87.93429603180718
1_linear_low_het,TwoStage_RCS_Fixed,39,True,0.001076781630793297,100.0,23.927491843143354,23.927491843143354,0.0,0.0,0.0
1_linear_low_het,OneStage_RCS,39,True,0.000741492816733392,100.0,0.13252916148196012,0.13252916148196012,0.0,0.013886409473254051,84.73628911484204
1_linear_low_het,TwoStage_RCS_DL_HKSJ,40,True,0.0003665655795559182,100.0,103.23411576669172,103.23411576669172,0.0,4.021482154544211e-08,72.78517711858096
1_linear_low_het,TwoStage_RCS_Fixed,40,True,0.0003651323909662099,100.0,24.543906576108043,24.543906576108043,0.0,0.0,0.0
1_linear_low_het,OneStage_RCS,40,True,0.00024766754443628406,100.0,0.1183582609443181,0.1183582609443181,0.0,0.009999999999999978,63.21954299708133
1_linear_low_het,TwoStage_RCS_DL_HKSJ,41,True,0.00342998762584208,100.0,321.40147243576786,321.40147243576786,0.0,1.452627798673916e-07,90.34419081679005
1_linear_low_het,TwoStage_RCS_Fixed,41,True,0.003639040967841066,93.0,23.956576866373926,23.949031825199718,0.007545041174209772,0.0,0.0
1_linear_low_het,OneStage_RCS,41,True,0.0007291829867801868,100.0,0.13729801198735167,0.13729801198735167,0.0,0.01528998467790391,86.0859130185643
1_linear_low_het,TwoStage_RCS_DL_HKSJ,42,True,0.002109067655777573,100.0,195.1891025223597,195.1891025223597,0.0,8.962043656816413e-08,84.90339027973191
1_linear_low_het,TwoStage_RCS_Fixed,42,True,0.0021064075618589155,100.0,23.1533032546682,23.1533032546682,0.0,0.0,0.0
1_linear_low_het,OneStage_RCS,42,True,0.0005660922317469818,100.0,0.12151655715656696,0.12151655715656696,0.0,0.011645690125423493,82.15341225781066
1_linear_low_het,TwoStage_RCS_DL_HKSJ,43,True,0.0010823142280694295,100.0,188.74723800037984,188.74723800037984,0.0,8.22980739063928e-08,84.15283567443295
1_linear_low_het,TwoStage_RCS_Fixed,43,True,0.0011288660167206367,100.0,23.93747762755624,23.93747762755624,0.0,0.0,0.0
1_linear_low_het,OneStage_RCS,43,True,0.00013506847401445455,100.0,0.11651716629715281,0.11651716629715281,0.0,0.010045850487045784,80.356382762176
1_linear_low_het,TwoStage_RCS_DL_HKSJ,44,True,0.012190959263524674,100.0,111.9081718519979,111.9081718519979,0.0,4.2946395390953155e-08,77.15630214890335
1_linear_low_het,TwoStage_RCS_Fixed,44,True,0.01232966016684876,96.0,23.594435368245087,23.58811946473801,0.006315903507077122,0.0,0.0
1_linear_low_het,OneStage_RCS,44,True,0.0029294006732974226,80.0,0.3728898153457644,0.11926572630286131,0.25362408904290307,0.009999999999999969,74.00457315100736
1_linear_low_het,TwoStage_RCS_DL_HKSJ,45,True,0.04254981126718158,100.0,117.19111865431648,117.19111865431648,0.0,5.1137295954008465e-08,75.90440283500502
1_linear_low_het,TwoStage_RCS_Fixed,45,True,0.042236275215186275,100.0,23.249369776017215,23.249369776017215,0.0,0.0,0.0
1_linear_low_het,OneStage_RCS,45,True,8.857461429792969e-05,100.0,0.11681040733770955,0.11681040733770955,0.0,0.009999995372621227,73.63055392752717
1_linear_low_het,TwoStage_RCS_DL_HKSJ,46,True,0.0043867936948994955,100.0,119.25554619420845,119.25554619420845,0.0,4.3873575355802655e-08,78.07820392635304
1_linear_low_het,TwoStage_RCS_Fixed,46,True,0.004455584599161397,91.0,24.412104530828366,24.362639714402903,0.049464816425461765,0.0,0.0
1_linear_low_het,OneStage_RCS,46,True,0.0022629146503305563,100.0,0.11235781433245666,0.11235781433245666,0.0,0.009999999999999978,68.26557123683848
1_linear_low_het,TwoStage_RCS_DL_HKSJ,47,True,0.02658247468615435,100.0,285.3629587996948,285.3629587996948,0.0,1.4617839647621474e-07,88.66078034948298
1_linear_low_het,TwoStage_RCS_Fixed,47,True,0.027688607885271485,91.0,23.014105804570594,22.97061693693752,0.04348886763307397,0.0,0.0
1_linear_low_het,OneStage_RCS,47,True,0.0006446380822096915,100.0,0.13890137770231697,0.13890137770231697,0.0,0.01562046983681793,86.62240555930423
1_linear_low_het,TwoStage_RCS_DL_HKSJ,48,True,0.0031533405787408297,100.0,295.1441080624707,295.1441080624707,0.0,1.445963862924078e-07,88.13265416908835
1_linear_low_het,TwoStage_RCS_Fixed,48,True,0.0035006662780373717,100.0,24.437504652501598,24.437504652501598,0.0,0.0,0.0
1_linear_low_het,OneStage_RCS,48,True,0.0006508054016519708,100.0,0.13955726116678568,0.13955726116678568,0.0,0.01632469476034672,86.74512755564852
1_linear_low_het,TwoStage_RCS_DL_HKSJ,49,True,0.002223490774832228,100.0,171.3402779234113,171.3402779234113,0.0,8.454016434261008e-08,80.73432860575134
1_linear_low_het,TwoStage_RCS_Fixed,49,True,0.002261478703276253,93.0,23.644182332044906,23.63960943331662,0.004572898728286776,0.0,0.0
1_linear_low_het,OneStage_RCS,49,True,0.00033182916623703104,100.0,0.11705041116238965,0.11705041116238965,0.0,0.009999999999999995,77.03951328383455
2_quadratic_mod_het,TwoStage_RCS_DL_HKSJ,0,True,1.1215513413123381,94.0,304.82896056274114,304.724728079805,0.10423248293613853,1.451014014657193e-07,89.27775462814681
2_quadratic_mod_het,TwoStage_RCS_Fixed,0,True,1.1323826727844986,86.0,24.435843967289742,23.944332840484446,0.4915111268053049,0.0,0.0
2_quadratic_mod_het,OneStage_RCS,0,True,0.022185797182875704,0.0,3.3760171828787717,0.13500157690027523,3.241015605978497,0.01515975854951577,86.16321431169365
2_quadratic_mod_het,TwoStage_RCS_DL_HKSJ,1,True,0.010531192772244286,100.0,659.0473810357256,659.0473810357256,0.0,3.795547240447751e-07,94.05072964228505
2_quadratic_mod_het,TwoStage_RCS_Fixed,1,True,0.014066041662950108,94.0,23.848235204365373,23.847588109469143,0.0006470948962299785,0.0,0.0
2_quadratic_mod_het,OneStage_RCS,1,True,0.00084717003881684,100.0,0.21631049403766783,0.21631049403766783,0.0,0.04244276848058505,94.43209885287118
2_quadratic_mod_het,TwoStage_RCS_DL_HKSJ,2,True,0.016118606798543482,100.0,755.2201081869968,755.2201081869968,0.0,3.707068071263127e-07,95.61861694742417
2_quadratic_mod_het,TwoStage_RCS_Fixed,2,True,0.014381053463664395,88.0,23.892148543362286,23.7298689079331,0.162279635429184,0.0,0.0
2_quadratic_mod_het,OneStage_RCS,2,True,0.0028336961000971607,100.0,0.22900010603314855,0.22900010603314855,0.0,0.0471063615816132,95.07665177817239
2_quadratic_mod_het,TwoStage_RCS_DL_HKSJ,3,True,0.017170941276223414,100.0,343.8887427775436,343.8887427775436,0.0,1.5161067543244212e-07,91.08498316423251
2_quadratic_mod_het,TwoStage_RCS_Fixed,3,True,0.019176318926524237,91.0,24.15011043027629,24.101320163368545,0.048790266907743594,0.0,0.0
2_quadratic_mod_het,OneStage_RCS,3,True,0.0003302369832900586,100.0,0.15783137977934467,0.15783137977934467,0.0,0.020396637600241973,89.63767498497803
2_quadratic_mod_het,TwoStage_RCS_DL_HKSJ,4,True,0.0026944773574676473,100.0,491.1960571136717,491.1960571136717,0.0,2.6920680724535286e-07,93.30310497343869
2_quadratic_mod_het,TwoStage_RCS_Fixed,4,True,0.003220249767960723,90.0,22.49908922931412,22.391704360999046,0.10738486831506848,0.0,0.0
2_quadratic_mod_het,OneStage_RCS,4,True,0.0024479254478215616,100.0,0.18902740584517397,0.18902740584517397,0.0,0.03138479449875057,92.982364130668
2_quadratic_mod_het,TwoStage_RCS_DL_HKSJ,5,True,0.015467128652707869,100.0,734.5335070058347,734.5335070058347,0.0,4.0218658186186123e-07,95.07328864779777
2_quadratic_mod_het,TwoStage_RCS_Fixed,5,True,0.016559499494684767,94.0,23.526876905698703,23.496763210371263,0.030113695327441337,0.0,0.0
2_quadratic_mod_het,OneStage_RCS,5,True,0.003126963942865022,100.0,0.2083216312724203,0.2083216312724203,0.0,0.03710381883024768,93.74750180188431
2_quadratic_mod_het,TwoStage_RCS_DL_HKSJ,6,True,0.0058113079335931185,100.0,724.5935604970764,724.5935604970764,0.0,3.543709249626002e-07,95.14651790344693
2_quadratic_mod_het,TwoStage_RCS_Fixed,6,True,0.005394854538572521,100.0,24.508562846373287,24.508562846373287,0.0,0.0,0.0
2_quadratic_mod_het,OneStage_RCS,6,True,0.00020417477222330627,100.0,0.22633460333182887,0.22633460333182887,0.0,0.047205929913102775,94.91138939570337
2_quadratic_mod_het,TwoStage_RCS_DL_HKSJ,7,True,0.05632204680848416,100.0,853.236024542693,853.236024542693,0.0,4.3059997752153944e-07,96.08618183529227
2_quadratic_mod_het,TwoStage_RCS_Fixed,7,True,0.07200737977894804,99.0,23.5127089338138,23.510966786449913,0.001742147363891665,0.0,0.0
2_quadratic_mod_het,OneStage_RCS,7,True,0.00041531798061193373,100.0,0.2695838143396584,0.2695838143396584,0.0,0.06583208149387729,95.95443918810949
2_quadratic_mod_het,TwoStage_RCS_DL_HKSJ,8,True,0.019323951228425996,100.0,1162.5426442218366,1162.5426442218366,0.0,5.79486725038869e-07,96.82408608402146
2_quadratic_mod_het,TwoStage_RCS_Fixed,8,True,0.024442932390302152,92.0,24.90217203941701,24.87424530877476,0.027926730642246173,0.0,0.0
2_quadratic_mod_het,OneStage_RCS,8,True,0.0014818390621912985,100.0,0.2548686508740373,0.2548686508740373,0.0,0.060454210313822185,96.08034896825927
2_quadratic_mod_het,TwoStage_RCS_DL_HKSJ,9,True,0.36731481614662775,100.0,926.1839432221462,926.1839432221462,0.0,4.632578759230012e-07,96.5902224014393
2_quadratic_mod_het,TwoStage_RCS_Fixed,9,True,0.4109313230194472,100.0,22.966480659530575,22.966480659530575,0.0,0.0,0.0
2_quadratic_mod_het,OneStage_RCS,9,True,0.0014510493544774446,100.0,0.2536614880833607,0.2536614880833607,0.0,0.057975397929441265,95.93536730668934
2_quadratic_mod_het,TwoStage_RCS_DL_HKSJ,10,True,0.02104457861096038,96.0,934.8067775312823,934.7557966755656,0.05098085571663278,5.014904883098781e-07,96.12390322082388
2_quadratic_mod_het,TwoStage_RCS_Fixed,10,True,0.021057085927482354,86.0,24.357220424862735,23.751567694722997,0.6056527301397365,0.0,0.0
2_quadratic_mod_het,OneStage_RCS,10,True,0.017533628588309945,20.0,0.6271712674847482,0.24515144475077671,0.38201982273397134,0.05456629028231466,95.57117667201481
2_quadratic_mod_het,TwoStage_RCS_DL_HKSJ,11,True,0.021123384119714483,100.0,1904.9206402421698,1904.9206402421698,0.0,8.589180876384116e-07,98.26660883329689
2_quadratic_mod_het,TwoStage_RCS_Fixed,11,True,0.03302270631616742,86.0,25.040006134007047,24.733176589666456,0.306829544340596,0.0,0.0
2_quadratic_mod_het,OneStage_RCS,11,True,0.01198772243444306,100.0,0.3497314969228383,0.3497314969228383,0.0,0.11273061796002236,97.9002652445821
2_quadratic_mod_het,TwoStage_RCS_DL_HKSJ,12,True,0.0004971641873776192,100.0,481.10370772353906,481.10370772353906,0.0,2.457073453788889e-07,93.03030462303994
2_quadratic_mod_het,TwoStage_RCS_Fixed,12,True,0.0006347606320331927,100.0,23.418901962610633,23.418901962610633,0.0,0.0,0.0
2_quadratic_mod_het,OneStage_RCS,12,True,0.0007629035508950927,100.0,0.17347936453488383,0.17347936453488383,0.0,0.02440044406672499,90.91413476035525
2_quadratic_mod_het,TwoStage_RCS_DL_HKSJ,13,True,0.05098619700032254,100.0,642.1216657775843,642.1216657775843,0.0,3.384668859150594e-07,94.80619620710411
2_quadratic_mod_het,TwoStage_RCS_Fixed,13,True,0.06442934649254052,94.0,23.004924827387217,22.989855632423417,0.015069194963802483,0.0,0.0
2_quadratic_mod_het,OneStage_RCS,13,True,0.0010786618185620023,100.0,0.20285295969797065,0.20285295969797065,0.0,0.03546887452541851,93.81489509145409
2_quadratic_mod_het,TwoStage_RCS_DL_HKSJ,14,True,0.010168810344965766,100.0,740.390189352804,740.390189352804,0.0,4.086671178075844e-07,94.98360992346119
2_quadratic_mod_het,TwoStage_RCS_Fixed,14,True,0.01078304107960655,100.0,23.708685549998577,23.708685549998577,0.0,0.0,0.0
2_quadratic_mod_het,OneStage_RCS,14,True,0.00043679048989328647,100.0,0.2179312085270903,0.2179312085270903,0.0,0.042911007476283645,94.7143402920136
2_quadratic_mod_het,TwoStage_RCS_DL_HKSJ,15,True,72.53009480499144,100.0,736.1719761017958,736.1719761017958,0.0,3.548687349848091e-07,95.10971774329032
2_quadratic_mod_het,TwoStage_RCS_Fixed,15,True,14.079053303999753,90.0,25.57150453394268,25.460843726584717,0.11066080735796342,0.0,0.0
2_quadratic_mod_het,OneStage_RCS,15,True,0.0038587151292844186,100.0,0.23573568689524077,0.23573568689524077,0.0,0.05086978896244236,95.18818598917976
2_quadratic_mod_het,TwoStage_RCS_DL_HKSJ,16,True,0.004834020423565855,100.0,918.6657841281559,918.6657841281559,0.0,4.3300125049062595e-07,96.30068568880284
2_quadratic_mod_het,TwoStage_RCS_Fixed,16,True,0.005802610554248985,92.0,24.571422621169017,24.541511244400475,0.029911376768542938,0.0,0.0
2_quadratic_mod_het,OneStage_RCS,16,True,0.0029282631491619497,100.0,0.2445864548668727,0.2445864548668727,0.0,0.05506828098083274,95.59800733637378
2_quadratic_mod_het,TwoStage_RCS_DL_HKSJ,17,True,0.04810215119511371,100.0,626.6083039626585,626.6083039626585,0.0,2.852043077542986e-07,94.84378027843624
2_quadratic_mod_het,TwoStage_RCS_Fixed,17,True,0.05469237835455264,89.0,24.540449865872983,24.35074994314899,0.1896999227239865,0.0,0.0
2_quadratic_mod_het,OneStage_RCS,17,True,0.00938419558491804,52.0,0.5603414152890099,0.19208817259340694,0.368253242695603,0.03135959106743441,93.37399862125142
2_quadratic_mod_het,TwoStage_RCS_DL_HKSJ,18,True,0.00013112100528454696,100.0,635.1274506470502,635.1274506470502,0.0,3.1625089126050127e-07,94.32678058314528
2_quadratic_mod_het,TwoStage_RCS_Fixed,18,True,0.0002016256445302756,100.0,24.58600222355769,24.58600222355769,0.0,0.0,0.0
2_quadratic_mod_het,OneStage_RCS,18,True,0.0004994679970106993,100.0,0.21921167421741647,0.21921167421741647,0.0,0.04277958409485961,94.37712050588989
2_quadratic_mod_het,TwoStage_RCS_DL_HKSJ,19,True,0.00051284566626645,100.0,907.4651944834249,907.4651944834249,0.0,4.761430273470842e-07,95.77045856135342
2_quadratic_mod_het,TwoStage_RCS_Fixed,19,True,0.0009850023981551783,95.0,24.72360082681101,24.719287009535197,0.004313817275812405,0.0,0.0
2_quadratic_mod_het,OneStage_RCS,19,True,0.0009223199524590524,100.0,0.23502939161347225,0.23502939161347225,0.0,0.050727135009353705,95.33703438737957
2_quadratic_mod_het,TwoStage_RCS_DL_HKSJ,20,True,0.07276577325736687,100.0,620.5197919931005,620.5197919931005,0.0,3.5442451637197573e-07,94.77999755495473
2_quadratic_mod_het,TwoStage_RCS_Fixed,20,True,0.07490142117823081,100.0,21.76541711644125,21.76541711644125,0.0,0.0,0.0
2_quadratic_mod_het,OneStage_RCS,20,True,0.0008069855978867229,100.0,0.2020097353399928,0.2020097353399928,0.0,0.03684478149267147,93.62571002168633
2_quadratic_mod_het,TwoStage_RCS_DL_HKSJ,21,True,0.0686598244684523,100.0,837.8787072809583,837.8787072809583,0.0,3.916714905634478e-07,95.97692203052934
2_quadratic_mod_het,TwoStage_RCS_Fixed,21,True,0.07397432244686314,97.0,24.546213791112283,24.5434332530555,0.0027805380567807597,0.0,0.0
2_quadratic_mod_het,OneStage_RCS,21,True,0.0011987466242378893,100.0,0.22061610749769403,0.22061610749769403,0.0,0.04313886581162203,94.53593456653189
2_quadratic_mod_het,TwoStage_RCS_DL_HKSJ,22,True,0.06146710597174544,100.0,568.9290557160541,568.9290557160541,0.0,3.309520434279954e-07,94.8469659694677
2_quadratic_mod_het,TwoStage_RCS_Fixed,22,True,0.06321667427006156,92.0,20.55041211108629,20.519567887242687,0.030844223843600593,0.0,0.0
2_quadratic_mod_het,OneStage_RCS,22,True,0.0005810727882754568,100.0,0.22488183101142958,0.22488183101142958,0.0,0.037704950144370385,93.83567471170998
2_quadratic_mod_het,TwoStage_RCS_DL_HKSJ,23,True,0.0023486421970154744,100.0,521.5461362252137,521.5461362252137,0.0,2.804699530902314e-07,93.7611414605778
2_quadratic_mod_het,TwoStage_RCS_Fixed,23,True,0.0024208318127408694,90.0,22.562227888330032,22.48212350692585,0.08010438140417347,0.0,0.0
2_quadratic_mod_het,OneStage_RCS,23,True,0.0005086405653366138,100.0,0.18965092804875522,0.18965092804875522,0.0,0.03165341586646059,92.63514841224816
2_quadratic_mod_het,TwoStage_RCS_DL_HKSJ,24,True,0.0027001951120295036,100.0,1489.0328762522531,1489.0328762522531,0.0,8.193635116070448e-07,97.49536044172345
2_quadratic_mod_het,TwoStage_RCS_Fixed,24,True,0.0019382540272020762,100.0,23.79409239877411,23.79409239877411,0.0,0.0,0.0
2_quadratic_mod_het,OneStage_RCS,24,True,0.00018705452198163264,100.0,0.324916004670283,0.324916004670283,0.0,0.09999999025086762,97.19189875265933
2_quadratic_mod_het,TwoStage_RCS_DL_HKSJ,25,True,0.01159979969664195,95.0,425.4323506767138,425.3973267567685,0.03502391994533685,2.1285496612808675e-07,92.03733799737641
2_quadratic_mod_het,TwoStage_RCS_Fixed,25,True,0.011125296272871907,86.0,24.169220903164668,23.77973775978933,0.38948314337533757,0.0,0.0
2_quadratic_mod_het,OneStage_RCS,25,True,0.014422999019667416,0.0,1.3777658734201175,0.1763020113732029,1.2014638620469145,0.026683685831836595,91.37290076337935
2_quadratic_mod_het,TwoStage_RCS_DL_HKSJ,26,True,0.03113794663674994,96.0,1302.3339952940937,1302.27065603522,0.06333925887360799,6.512461691298272e-07,97.50967357237633
2_quadratic_mod_het,TwoStage_RCS_Fixed,26,True,0.03199654084497833,84.0,24.176485746792693,23.27500798864927,0.9014777581434151,0.0,0.0
2_quadratic_mod_het,OneStage_RCS,26,True,0.030896827092804918,8.0,1.7778407420604239,0.2772764856633627,1.5005642563970614,0.07187876569901158,96.76176100656261
2_quadratic_mod_het,TwoStage_RCS_DL_HKSJ,27,True,0.004532282787644223,100.0,843.6169470545225,843.6169470545225,0.0,4.159579752730188e-07,96.10023466348237
2_quadratic_mod_het,TwoStage_RCS_Fixed,27,True,0.004843749382857967,92.0,23.658138137597557,23.60861229079093,0.04952584680662783,0.0,0.0
2_quadratic_mod_het,OneStage_RCS,27,True,0.00181023845384137,100.0,0.23083513003312753,0.23083513003312753,0.0,0.0473714656653846,94.92476735025353
2_quadratic_mod_het,TwoStage_RCS_DL_HKSJ,28,True,0.01168511303284169,100.0,597.1673808681732,597.1673808681732,0.0,3.1917125194298066e-07,93.87729617778405
2_quadratic_mod_het,TwoStage_RCS_Fixed,28,True,0.011932729989130897,91.0,23.946199558934595,23.904929000925435,0.04127055800915803,0.0,0.0
2_quadratic_mod_het,OneStage_RCS,28,True,0.0026188454373913196,100.0,0.19807234484860078,0.19807234484860078,0.0,0.03503107886195879,93.30497004259439
2_quadratic_mod_het,TwoStage_RCS_DL_HKSJ,29,True,0.006911746906409524,100.0,409.65165722278056,409.65165722278056,0.0,1.7933122622409377e-07,92.0649760117818
2_quadratic_mod_het,TwoStage_RCS_Fixed,29,True,0.0069474179595799095,89.0,25.087180282087697,24.90486935073843,0.18231093134926304,0.0,0.0
2_quadratic_mod_het,OneStage_RCS,29,True,0.0035900649045958657,94.0,0.16519988374397182,0.16415617802304344,0.0010437057209284229,0.023987589446759532,90.8263853533916
2_quadratic_mod_het,TwoStage_RCS_DL_HKSJ,30,True,0.03182306625778983,100.0,586.4520955396077,586.4520955396077,0.0,2.9566130539232423e-07,94.06622070347248
2_quadratic_mod_het,TwoStage_RCS_Fixed,30,True,0.035939189538787344,92.0,24.070161391357043,24.012004492741585,0.05815689861545684,0.0,0.0
2_quadratic_mod_het,OneStage_RCS,30,True,0.000845165289673868,100.0,0.19426784706460615,0.19426784706460615,0.0,0.03225184773674532,93.07363709040229
2_quadratic_mod_het,TwoStage_RCS_DL_HKSJ,31,True,0.05657133750385962,100.0,355.74257489417255,355.74257489417255,0.0,1.971017238527844e-07,91.01862135038938
2_quadratic_mod_het,TwoStage_RCS_Fixed,31,True,0.06149476093576791,100.0,21.947977059319268,21.947977059319268,0.0,0.0,0.0
2_quadratic_mod_het,OneStage_RCS,31,True,0.0009372400159411015,100.0,0.1632981145965935,0.1632981145965935,0.0,0.022594010532774808,90.46296491077211
2_quadratic_mod_het,TwoStage_RCS_DL_HKSJ,32,True,0.005673161609251111,100.0,417.7162953829983,417.7162953829983,0.0,2.185448021950088e-07,91.11982693101433
2_quadratic_mod_het,TwoStage_RCS_Fixed,32,True,0.005842069097859094,91.0,24.41271149798065,24.33569403411598,0.07701746386466816,0.0,0.0
2_quadratic_mod_het,OneStage_RCS,32,True,0.0024841630228533054,93.0,0.19710141608665166,0.1685427500183672,0.02855866606828448,0.024411050140753388,90.87125867933678
2_quadratic_mod_het,TwoStage_RCS_DL_HKSJ,33,True,0.002278830420671003,100.0,1248.3844975536263,1248.3844975536263,0.0,6.392174696793485e-07,96.97013424224959
2_quadratic_mod_het,TwoStage_RCS_Fixed,33,True,0.0030702284227881772,89.0,24.904005720020265,24.840766671334688,0.06323904868557617,0.0,0.0
2_quadratic_mod_het,OneStage_RCS,33,True,0.005193262119683946,100.0,0.2676689520325889,0.2676689520325889,0.0,0.0666260968730055,96.5514870361074
2_quadratic_mod_het,TwoStage_RCS_DL_HKSJ,34,True,0.0898041246965355,95.0,384.55438591165495,384.5289235545859,0.02546235706903901,1.813405643720398e-07,91.63876805578212
2_quadratic_mod_het,TwoStage_RCS_Fixed,34,True,0.09555217794911992,87.0,24.220332057594057,23.864207042493184,0.35612501510087524,0.0,0.0
2_quadratic_mod_het,OneStage_RCS,34,True,0.007030464123741388,47.0,0.43947024734805673,0.16157027377473057,0.27789997357332624,0.02167099494409054,89.95489736077089
2_quadratic_mod_het,TwoStage_RCS_DL_HKSJ,35,True,0.009989730737259199,96.0,798.1080308325687,798.0516741000066,0.05635673256227795,4.7577447904921444e-07,95.25031155267256
2_quadratic_mod_het,TwoStage_RCS_Fixed,35,True,0.009363702511614384,86.0,23.640806692692117,23.04629147957823,0.594515213113883,0.0,0.0
2_quadratic_mod_het,OneStage_RCS,35,True,0.02156619430028954,0.0,1.4650951261417402,0.2298646158173839,1.2352305103243566,0.047057626640804325,95.02023292027634
2_quadratic_mod_het,TwoStage_RCS_DL_HKSJ,36,True,0.0143195912860445,100.0,605.3147866869548,605.3147866869548,0.0,2.6556287660827406e-07,94.61120634265572
2_quadratic_mod_het,TwoStage_RCS_Fixed,36,True,0.016613902093203764,92.0,24.981318218293783,24.921197882990022,0.06012033530375615,0.0,0.0
2_quadratic_mod_het,OneStage_RCS,36,True,0.001304414827953821,100.0,0.20417062474374748,0.20417062474374748,0.0,0.03699117219269718,93.5756618706273
2_quadratic_mod_het,TwoStage_RCS_DL_HKSJ,37,True,0.0036821023481252023,100.0,388.8361111380676,388.8361111380676,0.0,1.6836509404724902e-07,92.10581906077243
2_quadratic_mod_het,TwoStage_RCS_Fixed,37,True,0.003715234659094195,96.0,24.335035133140224,24.334190474779945,0.000844658360276089,0.0,0.0
2_quadratic_mod_het,OneStage_RCS,37,True,0.0027285757565998292,100.0,0.16615030186721666,0.16615030186721666,0.0,0.023971756205411237,90.75482401182498
2_quadratic_mod_het,TwoStage_RCS_DL_HKSJ,38,True,0.014456238612586594,100.0,638.2068648140294,638.2068648140294,0.0,2.8881073917440666e-07,94.71530325433015
2_quadratic_mod_het,TwoStage_RCS_Fixed,38,True,0.015339091477213327,86.0,25.318085499527843,24.95111808787651,0.3669674116513358,0.0,0.0
2_quadratic_mod_het,OneStage_RCS,38,True,0.014769920071664501,20.0,0.8821430607990938,0.2114090246052727,0.6707340361938211,0.040218741452881186,94.03766057635455
2_quadratic_mod_het,TwoStage_RCS_DL_HKSJ,39,True,0.0023513765647707827,100.0,1124.4890379443002,1124.4890379443002,0.0,5.674648721869165e-07,96.92413172019359
2_quadratic_mod_het,TwoStage_RCS_Fixed,39,True,0.00218249045359258,100.0,23.927491843143354,23.927491843143354,0.0,0.0,0.0
2_quadratic_mod_het,OneStage_RCS,39,True,0.0005382680082067217,100.0,0.27473598308204705,0.27473598308204705,0.0,0.07024633432529154,96.38550352474441
2_quadratic_mod_het,TwoStage_RCS_DL_HKSJ,40,True,0.010751971873149848,100.0,445.91955256413877,445.91955256413877,0.0,2.148235875168889e-07,92.20884977819263
2_quadratic_mod_het,TwoStage_RCS_Fixed,40,True,0.010579779294500996,93.0,24.56540089210051,24.543906576108043,0.021494315992474707,0.0,0.0
2_quadratic_mod_het,OneStage_RCS,40,True,0.002130330105180448,100.0,0.16735728536188507,0.16735728536188507,0.0,0.023487826773969465,90.259076985909
2_quadratic_mod_het,TwoStage_RCS_DL_HKSJ,41,True,0.022201650582707205,100.0,1350.4906167914958,1350.4906167914958,0.0,6.860430183031191e-07,97.4172392382305
2_quadratic_mod_het,TwoStage_RCS_Fixed,41,True,0.027168744310363438,89.0,24.08270749457786,23.949031825199718,0.1336756693781446,0.0,0.0
2_quadratic_mod_het,OneStage_RCS,41,True,0.0024062740995217423,100.0,0.2780038829864579,0.2780038829864579,0.0,0.07219308554456141,96.65056294888691
2_quadratic_mod_het,TwoStage_RCS_DL_HKSJ,42,True,0.007389662377968941,100.0,960.50144147445,960.50144147445,0.0,5.076598348976268e-07,96.46866255495598
2_quadratic_mod_het,TwoStage_RCS_Fixed,42,True,0.008128817700032206,95.0,23.155706370620546,23.1533032546682,0.0024031159523522972,0.0,0.0
2_quadratic_mod_het,OneStage_RCS,42,True,0.002467986519913026,100.0,0.2494687244517932,0.2494687244517932,0.0,0.05786747815487839,95.78963218081168
2_quadratic_mod_het,TwoStage_RCS_DL_HKSJ,43,True,0.0037817528002897782,100.0,820.8821738309541,820.8821738309541,0.0,4.0842243521373086e-07,95.84232008728677
2_quadratic_mod_het,TwoStage_RCS_Fixed,43,True,0.004670356253370516,92.0,23.96130255186735,23.93747762755624,0.023824924311111842,0.0,0.0
2_quadratic_mod_het,OneStage_RCS,43,True,0.000681749989473209,100.0,0.2279428522704785,0.2279428522704785,0.0,0.04729347623257654,94.99443464274171
2_quadratic_mod_het,TwoStage_RCS_DL_HKSJ,44,True,0.025541749072470102,100.0,519.2147385704031,519.2147385704031,0.0,2.5969176665673505e-07,93.5835805393593
2_quadratic_mod_het,TwoStage_RCS_Fixed,44,True,0.028560860527308985,91.0,23.665853912131805,23.58811946473801,0.07773444739379289,0.0,0.0
2_quadratic_mod_het,OneStage_RCS,44,True,0.006359430159308095,81.0,0.6102944067459009,0.19127409105361337,0.41902031569228754,0.03154996235533635,92.59326310502858
2_quadratic_mod_het,TwoStage_RCS_DL_HKSJ,45,True,0.11444332777919429,100.0,585.2644752898675,585.2644752898675,0.0,2.878396584727285e-07,94.5624300414518
2_quadratic_mod_het,TwoStage_RCS_Fixed,45,True,0.10958450353568736,100.0,23.24936977601721,23.24936977601721,0.0,0.0,0.0
2_quadratic_mod_het,OneStage_RCS,45,True,0.0004939746215143675,100.0,0.2018962395605993,0.2018962395605993,0.0,0.03625102210338057,93.73492480258597
2_quadratic_mod_het,TwoStage_RCS_DL_HKSJ,46,True,0.020310928957364235,100.0,464.46916706227194,464.46916706227194,0.0,2.1035820748537274e-07,93.07138746921039
2_quadratic_mod_het,TwoStage_RCS_Fixed,46,True,0.021997152407841884,88.0,24.62805170367662,24.362639714402903,0.26541198927371673,0.0,0.0
2_quadratic_mod_het,OneStage_RCS,46,True,0.009915265674586594,2.0,0.9500113346383346,0.15895972821101284,0.7910516064273219,0.022300093091949833,90.88847113343489
2_quadratic_mod_het,TwoStage_RCS_DL_HKSJ,47,True,0.10846540634038299,100.0,1240.2131745455097,1240.2131745455097,0.0,6.821863311161122e-07,97.1984969440301
2_quadratic_mod_het,TwoStage_RCS_Fixed,47,True,0.1365085532392756,88.0,23.183639592656128,22.97061693693752,0.2130226557186041,0.0,0.0
2_quadratic_mod_het,OneStage_RCS,47,True,0.004988362387224623,100.0,0.2784107580922812,0.2784107580922812,0.0,0.07231075717584337,96.76073969434154
2_quadratic_mod_het,TwoStage_RCS_DL_HKSJ,48,True,0.003481084212121571,100.0,1393.1653113139585,1393.1653113139585,0.0,7.190305473136066e-07,97.35154999760493
2_quadratic_mod_het,TwoStage_RCS_Fixed,48,True,0.006825249462610234,100.0,24.437504652501598,24.437504652501598,0.0,0.0,0.0
2_quadratic_mod_het,OneStage_RCS,48,True,0.0008455156548007928,100.0,0.29281376402751585,0.29281376402751585,0.0,0.08091261933337295,96.97283029326375
2_quadratic_mod_het,TwoStage_RCS_DL_HKSJ,49,True,0.011532235603717578,100.0,794.1681661463012,794.1681661463012,0.0,4.3955651439381426e-07,95.33760996947152
2_quadratic_mod_het,TwoStage_RCS_Fixed,49,True,0.012655691715052837,93.0,23.66773476981976,23.63960943331662,0.028125336503138306,0.0,0.0
2_quadratic_mod_het,OneStage_RCS,49,True,0.0011076504583904779,100.0,0.21971486856687328,0.21971486856687328,0.0,0.043535047779081286,94.63740911325621
3_log_high_het,TwoStage_RCS_DL_HKSJ,0,True,0.4791595724643718,94.0,675.1090642498464,674.5054079796536,0.6036562701928664,3.598281718348644e-07,94.57326946844312
3_log_high_het,TwoStage_RCS_Fixed,0,True,0.44907796787022586,80.0,26.561138809323953,23.944332840484446,2.6168059688395093,0.0,0.0
3_log_high_het,OneStage_RCS,0,True,0.08164036724837569,32.0,5.877861776054086,0.2204855954484541,5.657376180605631,0.044760450863587466,94.67824222488915
3_log_high_het,TwoStage_RCS_DL_HKSJ,1,True,0.12499137704004663,97.0,1344.5632817060798,1344.518742978451,0.04453872762871305,7.814888477556023e-07,97.05688673787974
3_log_high_het,TwoStage_RCS_Fixed,1,True,0.12426756560264032,84.0,24.953462348389884,23.847588109469143,1.1058742389207408,0.0,0.0
3_log_high_het,OneStage_RCS,1,True,0.030838871451601146,50.0,1.5482601201146289,0.32318262016945765,1.225077499945171,0.09867843097898793,97.50367418849777
3_log_high_het,TwoStage_RCS_DL_HKSJ,2,True,0.22949965761741292,96.0,2004.6785986159528,2004.5669312599107,0.11166735604214705,1.044782840804467e-06,98.24730435647683
3_log_high_het,TwoStage_RCS_Fixed,2,True,0.1809568805753495,82.0,25.7394383511503,23.7298689079331,2.0095694432171975,0.0,0.0
3_log_high_het,OneStage_RCS,2,True,0.05214721826738836,56.99999999999999,2.9178967860840874,0.35148020214607795,2.566416583938009,0.11640973529570486,97.97856352127336
3_log_high_het,TwoStage_RCS_DL_HKSJ,3,True,0.42753084488865256,95.0,850.1757748759732,849.9833108270042,0.19246404896890332,4.3194214613608706e-07,95.84259485656274
3_log_high_het,TwoStage_RCS_Fixed,3,True,0.4144060756992704,83.0,25.475334909229705,24.101320163368545,1.3740147458611562,0.0,0.0
3_log_high_het,OneStage_RCS,3,True,0.03392943939384513,47.0,2.1743429098387064,0.2751057431478421,1.899237166690865,0.06975741184010122,96.78619335949449
3_log_high_het,TwoStage_RCS_DL_HKSJ,4,True,0.1495965826382374,99.0,1128.967628970376,1128.9555615614563,0.012067408919508915,6.983021113885045e-07,96.71163984181374
3_log_high_het,TwoStage_RCS_Fixed,4,True,0.11680779239059014,86.0,23.098773534206728,22.391704360999046,0.7070691732076836,0.0,0.0
3_log_high_het,OneStage_RCS,4,True,0.03066065615005423,44.0,1.7641999469966698,0.3040146857038655,1.4601852612928043,0.08664491516295744,97.33264397387407
3_log_high_het,TwoStage_RCS_DL_HKSJ,5,True,0.11809391142763631,99.0,1629.1554209070937,1629.153659541818,0.0017613652759336906,9.00841328898453e-07,97.75677844627243
3_log_high_het,TwoStage_RCS_Fixed,5,True,0.08105834304148964,84.0,24.521409417721646,23.496763210371263,1.0246462073503844,0.0,0.0
3_log_high_het,OneStage_RCS,5,True,0.04057577672253556,45.0,2.14254085643351,0.3134041203797881,1.829136736053722,0.0904268434474373,97.33403746362573
3_log_high_het,TwoStage_RCS_DL_HKSJ,6,True,0.11360473787931447,97.0,1666.5293745582726,1666.4602126150407,0.06916194323185357,9.28877846992192e-07,97.59482134946921
3_log_high_het,TwoStage_RCS_Fixed,6,True,0.09645224543519855,83.0,25.922037243478215,24.508562846373287,1.4134743971049282,0.0,0.0
3_log_high_het,OneStage_RCS,6,True,0.032634501068842275,71.0,1.444406092673267,0.3609276278063642,1.0834784648669027,0.12433642635309065,98.02653044175129
3_log_high_het,TwoStage_RCS_DL_HKSJ,7,True,0.03177275611087783,99.0,2056.737134641224,2056.726296905376,0.010837735848863318,1.1436394717062858e-06,98.21106105397696
3_log_high_het,TwoStage_RCS_Fixed,7,True,0.08575105464299637,82.0,25.001482561562646,23.510966786449913,1.490515775112734,0.0,0.0
3_log_high_het,OneStage_RCS,7,True,0.03595231819760098,73.0,1.3531697093944997,0.3926385066075213,0.960531202786978,0.1452679890750652,98.41121864476777
3_log_high_het,TwoStage_RCS_DL_HKSJ,8,True,0.03628176513288025,98.0,2254.076357484939,2254.0399799960833,0.036377488855567776,1.1812496307960725e-06,98.2779007459251
3_log_high_het,TwoStage_RCS_Fixed,8,True,0.045365305692250696,81.0,26.66381226439893,24.87424530877476,1.7895669556241678,0.0,0.0
3_log_high_het,OneStage_RCS,8,True,0.03826647621844364,65.0,2.0460918672750505,0.368711770535032,1.677380096740019,0.12972705960963413,98.11336267915361
3_log_high_het,TwoStage_RCS_DL_HKSJ,9,True,0.3482655290247118,99.0,1958.4345987596641,1958.4301003048067,0.004498454857392864,1.047796176487602e-06,98.27514035878865
3_log_high_het,TwoStage_RCS_Fixed,9,True,0.6130556036032578,83.0,24.205222514799942,22.966480659530575,1.2387418552693685,0.0,0.0
3_log_high_het,OneStage_RCS,9,True,0.039880073581643166,69.0,1.7983160526882327,0.36235732178237334,1.4359587309058595,0.12324485601750407,98.04499615841497
3_log_high_het,TwoStage_RCS_DL_HKSJ,10,True,0.11037454272650592,99.0,1911.8523274022796,1911.8050923195729,0.047235082706670414,1.1204083000455093e-06,97.92979502951634
3_log_high_het,TwoStage_RCS_Fixed,10,True,0.09197594217195602,89.0,24.038058107764012,23.751567694722997,0.28649041304100925,0.0,0.0
3_log_high_het,OneStage_RCS,10,True,0.04461057908037711,54.0,2.213159764518548,0.37929035519910814,1.8338694093194394,0.13625428885058746,98.17374861599565
3_log_high_het,TwoStage_RCS_DL_HKSJ,11,True,0.11096000904985565,98.0,3626.674221465192,3626.635636060389,0.038585404803646514,1.6906769466013502e-06,99.05865480653605
3_log_high_het,TwoStage_RCS_Fixed,11,True,0.06493806888961523,80.0,27.12335904586548,24.733176589666456,2.390182456199026,0.0,0.0
3_log_high_het,OneStage_RCS,11,True,0.08846857557907996,56.00000000000001,3.401037531092805,0.4889559403993259,2.9120815906934796,0.22659320822312615,98.91538797142086
3_log_high_het,TwoStage_RCS_DL_HKSJ,12,True,0.15472392234667118,97.0,1188.8898084156128,1188.7932680837066,0.09654033190635039,7.128744819346267e-07,96.68819117663908
3_log_high_het,TwoStage_RCS_Fixed,12,True,0.12397775457141823,83.0,24.73646298479113,23.418901962610633,1.3175610221804916,0.0,0.0
3_log_high_het,OneStage_RCS,12,True,0.055095825968558165,46.0,3.332795323013546,0.2695256111938262,3.06326971181972,0.065675903435287,96.40094550136591
3_log_high_het,TwoStage_RCS_DL_HKSJ,13,True,0.0768058232796124,99.0,1540.7565037565926,1540.7488949904855,0.007608766107083787,9.518050436374135e-07,97.46322644651286
3_log_high_het,TwoStage_RCS_Fixed,13,True,0.04167734587660465,84.0,23.959567427931443,22.989855632423417,0.9697117955080244,0.0,0.0
3_log_high_het,OneStage_RCS,13,True,0.03368940340716766,51.0,1.6453183786038124,0.3240662366293854,1.3212521419744272,0.09764606340784444,97.62965925630371
3_log_high_het,TwoStage_RCS_DL_HKSJ,14,True,0.14224418119198157,97.0,1514.4590889038739,1514.410560944805,0.04852795906881582,8.983307290759403e-07,97.3643533059141
3_log_high_het,TwoStage_RCS_Fixed,14,True,0.07034771801109657,83.0,25.034600653650372,23.708685549998577,1.3259151036517978,0.0,0.0
3_log_high_het,OneStage_RCS,14,True,0.026532476605028634,72.0,1.2133590854098129,0.33478387792541137,0.8785752074844015,0.10589734777749324,97.7250218735427
3_log_high_het,TwoStage_RCS_DL_HKSJ,15,True,61.3097274643574,100.0,1805.5538765650417,1805.5538765650417,0.0,9.537672108070887e-07,97.81878135455864
3_log_high_het,TwoStage_RCS_Fixed,15,True,8.923538674832491,85.0,26.281840263752983,25.460843726584717,0.8209965371682645,0.0,0.0
3_log_high_het,OneStage_RCS,15,True,0.030295031300487628,54.0,1.1826464047000813,0.36339492860474126,0.8192514760953401,0.12548118746373585,98.01402246160539
3_log_high_het,TwoStage_RCS_DL_HKSJ,16,True,0.12481562526212411,100.0,2136.9567396710745,2136.9567396710745,0.0,1.0692704706110433e-06,98.3117432793021
3_log_high_het,TwoStage_RCS_Fixed,16,True,0.11722316697777416,84.0,25.5456191369391,24.541511244400475,1.004107892538624,0.0,0.0
3_log_high_het,OneStage_RCS,16,True,0.02802405591299021,62.0,0.9316476183858784,0.37879747907737865,0.5528501393084998,0.13669516061465678,98.18582522266667
3_log_high_het,TwoStage_RCS_DL_HKSJ,17,True,0.04009646291123617,99.0,1398.3917663792288,1398.384004614638,0.007761764590928988,7.612277579658584e-07,97.23673554571421
3_log_high_het,TwoStage_RCS_Fixed,17,True,0.04209466464699644,85.0,25.15369125194232,24.35074994314899,0.8029413087933244,0.0,0.0
3_log_high_het,OneStage_RCS,17,True,0.030447221864203865,40.0,1.9319688270636883,0.2880274162389549,1.6439414108247332,0.07614839977207631,97.11500670432125
3_log_high_het,TwoStage_RCS_DL_HKSJ,18,True,0.06982366936821441,97.0,1460.1567874097348,1460.0727034073022,0.08408400243229036,7.91642738799368e-07,97.31283842482677
3_log_high_het,TwoStage_RCS_Fixed,18,True,0.05087307397687165,82.0,26.171259076021148,24.58600222355769,1.5852568524634534,0.0,0.0
3_log_high_het,OneStage_RCS,18,True,0.03825187833668893,61.0,2.277281953456888,0.32676295679360373,1.950518996663284,0.09999998642037303,97.52645136033277
3_log_high_het,TwoStage_RCS_DL_HKSJ,19,True,0.06652042895633364,98.0,2104.3690708858903,2104.335586720395,0.03348416549530751,1.178783397206175e-06,98.05277822692003
3_log_high_het,TwoStage_RCS_Fixed,19,True,0.054237034305655525,82.0,26.135645879056824,24.719287009535197,1.4163588695216294,0.0,0.0
3_log_high_het,OneStage_RCS,19,True,0.038223149947056625,67.0,1.8524814676077204,0.3556599247062166,1.4968215429015044,0.12024866377323537,97.97545095357587
3_log_high_het,TwoStage_RCS_DL_HKSJ,20,True,0.11640241872050539,97.0,1273.9914083132244,1273.9650769963343,0.026331316890163926,6.996341991845928e-07,97.5553919046802
3_log_high_het,TwoStage_RCS_Fixed,20,True,0.14575151557723104,83.0,22.95485876282729,21.76541711644125,1.1894416463860447,0.0,0.0
3_log_high_het,OneStage_RCS,20,True,0.03284577986910308,42.0,1.9598035743611297,0.2970171218320494,1.66278645252908,0.08309116958525911,97.02960989660107
3_log_high_het,TwoStage_RCS_DL_HKSJ,21,True,0.13887799835365455,98.0,2015.0958196314539,2015.0604671051524,0.035352526301062115,1.0586825274903954e-06,98.11989251281638
3_log_high_het,TwoStage_RCS_Fixed,21,True,0.2117965200017528,82.0,26.14308353873664,24.5434332530555,1.5996502856811423,0.0,0.0
3_log_high_het,OneStage_RCS,21,True,0.06359236315951987,56.00000000000001,3.3785909681693562,0.3479476987885717,3.030643269380784,0.11369383887916876,97.85684792322314
3_log_high_het,TwoStage_RCS_DL_HKSJ,22,True,0.6741526213377427,97.0,1086.4266248793122,1086.3291969150516,0.0974279642604449,6.799583221581739e-07,97.09619578364277
3_log_high_het,TwoStage_RCS_Fixed,22,True,0.6255635934086302,84.0,21.690297242786784,20.519567887242687,1.1707293555440947,0.0,0.0
3_log_high_het,OneStage_RCS,22,True,0.14109288311316087,53.0,5.8123147323329905,0.3214984282472073,5.490816304085784,0.08841629047402691,97.24906158650367
3_log_high_het,TwoStage_RCS_DL_HKSJ,23,True,0.08230277638278044,97.0,1286.292237099763,1286.1794810179629,0.1127560818002426,6.96879110414611e-07,97.45110715393906
3_log_high_het,TwoStage_RCS_Fixed,23,True,0.06706247367126263,83.0,23.93170348294866,22.48212350692585,1.4495799760228072,0.0,0.0
3_log_high_het,OneStage_RCS,23,True,0.03859635992443848,49.0,2.0872685367077444,0.3156631329745786,1.7716054037331657,0.09373607122972509,97.4202701794731
3_log_high_het,TwoStage_RCS_DL_HKSJ,24,True,0.22841499110161906,100.0,3218.8982338818296,3218.8982338818296,0.0,1.855281828885942e-06,98.78641651206493
3_log_high_het,TwoStage_RCS_Fixed,24,True,0.1220671236290361,84.0,24.896031674380485,23.79409239877411,1.1019392756063746,0.0,0.0
3_log_high_het,OneStage_RCS,24,True,0.028081075072058117,80.0,0.8449077668586169,0.45005041224218045,0.3948573546164363,0.19465122811381305,98.73878684931005
3_log_high_het,TwoStage_RCS_DL_HKSJ,25,True,0.23356175965498238,95.0,1235.8596935121068,1235.5402326797782,0.31946083232847455,7.391044543120432e-07,96.72246996782164
3_log_high_het,TwoStage_RCS_Fixed,25,True,0.18460702938692117,81.0,25.945890006832325,23.77973775978933,2.166152247042995,0.0,0.0
3_log_high_het,OneStage_RCS,25,True,0.07926247283309629,47.0,4.6816718268253545,0.3014617169838811,4.380210109841473,0.08493967052607129,97.19276733054741
3_log_high_het,TwoStage_RCS_DL_HKSJ,26,True,0.16154967286678243,99.0,2587.728459112799,2587.682867649999,0.045591462799992225,1.3468594025229565e-06,98.69560103940151
3_log_high_het,TwoStage_RCS_Fixed,26,True,0.148586778552326,96.0,23.499801141501276,23.27500798864927,0.22479315285200097,0.0,0.0
3_log_high_het,OneStage_RCS,26,True,0.07222116720770227,46.0,3.592137509770075,0.4025035476866891,3.189633962083386,0.154951391136505,98.42935840039303
3_log_high_het,TwoStage_RCS_DL_HKSJ,27,True,0.05916919751222632,99.0,1796.6779663113762,1796.6767275656844,0.0012387456914493057,9.797130029207378e-07,97.97495999498898
3_log_high_het,TwoStage_RCS_Fixed,27,True,0.044136075244551015,83.0,24.732392700536128,23.60861229079093,1.1237804097451995,0.0,0.0
3_log_high_het,OneStage_RCS,27,True,0.035723838769574016,53.0,1.6959971508950746,0.33724735756691643,1.3587497933281585,0.10626732497905164,97.66729983021253
3_log_high_het,TwoStage_RCS_DL_HKSJ,28,True,0.041123690320223935,97.0,1367.2991285848036,1367.177119121937,0.12200946286643101,7.64065729131293e-07,97.20368026322514
3_log_high_het,TwoStage_RCS_Fixed,28,True,0.03694519113121578,82.0,25.59853284629695,23.904929000925435,1.6936038453715136,0.0,0.0
3_log_high_het,OneStage_RCS,28,True,0.042759281791044615,57.99999999999999,2.747431422082713,0.2964184537499345,2.4510129683327793,0.08244440942573698,97.03474119004669
3_log_high_het,TwoStage_RCS_DL_HKSJ,29,True,0.06702721064379322,97.0,879.3912495907086,879.3602606724929,0.03098891821565255,4.1896704345098916e-07,95.97690784543103
3_log_high_het,TwoStage_RCS_Fixed,29,True,0.05580859759061586,85.0,25.73133673372648,24.90486935073843,0.8264673829880453,0.0,0.0
3_log_high_het,OneStage_RCS,29,True,0.029026557987808045,34.0,2.421484362848536,0.23525545145025056,2.186228911398285,0.051687532440915736,95.41227193601871
3_log_high_het,TwoStage_RCS_DL_HKSJ,30,True,0.04345453387894656,98.0,1282.674946138566,1282.661407920769,0.01353821779692863,7.408431814034342e-07,96.89187912234799
3_log_high_het,TwoStage_RCS_Fixed,30,True,0.03520190874401583,84.0,25.047377525645253,24.012004492741585,1.035373032903668,0.0,0.0
3_log_high_het,OneStage_RCS,30,True,0.03981008453405776,44.0,2.354651458295579,0.2867585121771562,2.0678929461184232,0.07552542455016056,96.84626861710227
3_log_high_het,TwoStage_RCS_DL_HKSJ,31,True,0.05124726190561933,97.0,1132.9357161286857,1132.8735756618921,0.06214046679353558,8.164459715672165e-07,96.33159719955896
3_log_high_het,TwoStage_RCS_Fixed,31,True,0.03098069981039961,83.0,23.103823664456094,21.947977059319268,1.1558466051368281,0.0,0.0
3_log_high_het,OneStage_RCS,31,True,0.03053240264788145,44.0,1.781705868019667,0.29485350281130357,1.4868523652083636,0.08132088425580043,97.25898269778621
3_log_high_het,TwoStage_RCS_DL_HKSJ,32,True,0.09600175443841395,95.0,1125.9696828890465,1125.8179351616961,0.15174772735032482,5.944676434063264e-07,96.6747207701441
3_log_high_het,TwoStage_RCS_Fixed,32,True,0.09374886221735312,82.0,25.875339177743204,24.33569403411598,1.5396451436272225,0.0,0.0
3_log_high_het,OneStage_RCS,32,True,0.0438303568739495,57.99999999999999,2.8648363398690946,0.27194196496534434,2.59289437490375,0.06877692031935576,96.51517447748483
3_log_high_het,TwoStage_RCS_DL_HKSJ,33,True,0.11366061142318912,98.0,2637.8018581794877,2637.766774895158,0.03508328432927128,1.3868116232813343e-06,98.52764388626201
3_log_high_het,TwoStage_RCS_Fixed,33,True,0.06451227990056993,81.0,26.7129548272702,24.840766671334688,1.8721881559355154,0.0,0.0
3_log_high_het,OneStage_RCS,33,True,0.05278542544407086,57.99999999999999,2.812589677522857,0.37148547753572947,2.4411041999871266,0.13136811154574102,98.2227239687287
3_log_high_het,TwoStage_RCS_DL_HKSJ,34,True,0.06886797442881194,95.0,1014.5745037797566,1014.2303527540006,0.34415102575602075,5.50802417301283e-07,96.34955467901717
3_log_high_het,TwoStage_RCS_Fixed,34,True,0.11230018370864964,81.0,26.042303430535352,23.864207042493184,2.1780963880421726,0.0,0.0
3_log_high_het,OneStage_RCS,34,True,0.05511236523868632,51.0,3.7429998737466867,0.274495311677091,3.468504562069595,0.06957558629266357,96.69305047234755
3_log_high_het,TwoStage_RCS_DL_HKSJ,35,True,0.0989172335452343,96.0,1642.605459092042,1642.287819297203,0.31763979483885546,9.658660258284425e-07,97.72311893872403
3_log_high_het,TwoStage_RCS_Fixed,35,True,0.0809798537880206,81.0,25.533154948608463,23.04629147957823,2.486863469030232,0.0,0.0
3_log_high_het,OneStage_RCS,35,True,0.09181338020993252,44.0,5.149856958113419,0.32145729131107553,4.828399666802343,0.09625472101488407,97.73946044561713
3_log_high_het,TwoStage_RCS_DL_HKSJ,36,True,0.02917040708671741,99.0,1545.2330428861442,1545.2327682059488,0.0002746801953189326,7.35979358830523e-07,97.70830103428392
3_log_high_het,TwoStage_RCS_Fixed,36,True,0.031368220671561586,83.0,26.01436047870157,24.921197882990022,1.0931625957115474,0.0,0.0
3_log_high_het,OneStage_RCS,36,True,0.028264185239527468,51.0,1.349615161298837,0.32432034871582344,1.0252948125830135,0.09888998783403423,97.56287668110977
3_log_high_het,TwoStage_RCS_DL_HKSJ,37,True,0.06720907122075509,96.0,742.914233998253,742.8257246638199,0.08850933443315379,3.492038627954567e-07,95.51372396687424
3_log_high_het,TwoStage_RCS_Fixed,37,True,0.0627451688655672,84.0,25.39666511978073,24.334190474779945,1.0624746450007883,0.0,0.0
3_log_high_het,OneStage_RCS,37,True,0.025360749691385576,45.0,1.674528350875593,0.26641563124970913,1.4081127196258834,0.06623624380796568,96.40513870009002
3_log_high_het,TwoStage_RCS_DL_HKSJ,38,True,0.1509213417576773,95.0,1500.2733487364205,1500.0239612633811,0.24938747303928388,7.254331724349441e-07,97.59716146652038
3_log_high_het,TwoStage_RCS_Fixed,38,True,0.13308849895023822,80.0,27.350528619428403,24.95111808787651,2.399410531551894,0.0,0.0
3_log_high_het,OneStage_RCS,38,True,0.06856536007384711,47.0,4.051971352496571,0.32557098630680237,3.726400366189768,0.09999999028065903,97.578743792824
3_log_high_het,TwoStage_RCS_DL_HKSJ,39,True,0.1341692309694013,99.0,2379.818699880902,2379.815523946047,0.0031759348550733034,1.2920347682913232e-06,98.43640885815422
3_log_high_het,TwoStage_RCS_Fixed,39,True,0.09197901154948437,83.0,25.148201271302838,23.927491843143354,1.220709428159486,0.0,0.0
3_log_high_het,OneStage_RCS,39,True,0.03434010574543251,70.0,1.4944048067208118,0.3987659986105803,1.0956388081102315,0.15175830569712054,98.37211146968403
3_log_high_het,TwoStage_RCS_DL_HKSJ,40,True,0.11222563236407332,97.0,1229.703402362283,1229.60612628344,0.0972760788429616,6.799802906966313e-07,96.75669141116165
3_log_high_het,TwoStage_RCS_Fixed,40,True,0.08415352359296492,82.0,25.99884855867032,24.543906576108043,1.454941982562277,0.0,0.0
3_log_high_het,OneStage_RCS,40,True,0.038741062329734205,57.99999999999999,2.6152877116287323,0.26976237138150166,2.3455253402472307,0.06704780427958575,96.41367377800054
3_log_high_het,TwoStage_RCS_DL_HKSJ,41,True,0.2125986361201715,98.0,2580.900428984606,2580.838895178619,0.06153380598666198,1.3823369811563609e-06,98.57503201664582
3_log_high_het,TwoStage_RCS_Fixed,41,True,0.2319198646518265,83.0,25.74543091237272,23.949031825199718,1.7963990871730027,0.0,0.0
3_log_high_het,OneStage_RCS,41,True,0.04482277007564732,65.0,2.0761494648494834,0.4174425526996127,1.6587069121498703,0.16682620772398898,98.52438469405996
3_log_high_het,TwoStage_RCS_DL_HKSJ,42,True,0.08070709588725551,100.0,2092.220308688823,2092.220308688823,0.0,1.2321414294111948e-06,98.19364244431429
3_log_high_het,TwoStage_RCS_Fixed,42,True,0.05134695287347474,84.0,24.09719922120837,23.1533032546682,0.9438959665401778,0.0,0.0
3_log_high_het,OneStage_RCS,42,True,0.035337833339948645,51.0,1.397968142099124,0.37829436411455875,1.0196737779845655,0.13679006421978246,98.1773632346689
3_log_high_het,TwoStage_RCS_DL_HKSJ,43,True,0.058917548850720376,98.0,1943.8613560459466,1943.8218253948764,0.03953065107033242,1.0711913074597146e-06,98.05530235531009
3_log_high_het,TwoStage_RCS_Fixed,43,True,0.04576434604221936,82.0,25.486213457465013,23.93747762755624,1.5487358299087743,0.0,0.0
3_log_high_het,OneStage_RCS,43,True,0.036022846570675754,63.0,2.0807582026607934,0.3260112525842771,1.7547469500765167,0.10027596029471841,97.99601257597973
3_log_high_het,TwoStage_RCS_DL_HKSJ,44,True,0.34933758199495735,95.0,1005.6319007756849,1005.3926351677093,0.23926560797554902,5.209165814814589e-07,96.56742824047441
3_log_high_het,TwoStage_RCS_Fixed,44,True,0.35116696316313656,83.0,25.172454923996952,23.58811946473801,1.5843354592589418,0.0,0.0
3_log_high_het,OneStage_RCS,44,True,0.08115990515110859,53.0,4.447435097069578,0.2850494871532595,4.162385609916319,0.07502935769219357,96.73033751549018
3_log_high_het,TwoStage_RCS_DL_HKSJ,45,True,0.11788638468595308,97.0,1336.9596083661452,1336.9005722280913,0.05903613805411094,7.048034459891172e-07,97.44834555625793
3_log_high_het,TwoStage_RCS_Fixed,45,True,0.11801394547682607,83.0,24.576999039353122,23.24936977601721,1.32762926333591,0.0,0.0
3_log_high_het,OneStage_RCS,45,True,0.03050525967173455,51.0,1.5034652930290358,0.32580972905500405,1.1776555639740316,0.1000000000000006,97.545191646058
3_log_high_het,TwoStage_RCS_DL_HKSJ,46,True,0.13049667486435004,94.0,817.5551547134878,817.1915065887534,0.36364812473423425,3.5760199949808827e-07,96.19505923245205
3_log_high_het,TwoStage_RCS_Fixed,46,True,0.12962770349374722,81.0,26.516456294072633,24.362639714402903,2.153816579669732,0.0,0.0
3_log_high_het,OneStage_RCS,46,True,0.0504129419841741,56.00000000000001,3.0654973018496943,0.3238831432063101,2.741614158643385,0.09999989983202849,95.80600035553721
3_log_high_het,TwoStage_RCS_DL_HKSJ,47,True,0.07195262898411364,98.0,2648.5748176982056,2648.5145790624515,0.06023863575391857,1.5391402770624832e-06,98.61403983941564
3_log_high_het,TwoStage_RCS_Fixed,47,True,0.18078869324146254,82.0,24.965209762821047,22.970616936937517,1.9945928258835284,0.0,0.0
3_log_high_het,OneStage_RCS,47,True,0.049374588355294395,63.0,2.36058521521951,0.4128810614864816,1.9477041537330286,0.16302527761203006,98.53986654140239
3_log_high_het,TwoStage_RCS_DL_HKSJ,48,True,0.08633663286367046,98.0,2874.040958708293,2874.03091308122,0.010045627072758157,1.5817908253194668e-06,98.63097088425326
3_log_high_het,TwoStage_RCS_Fixed,48,True,0.04990762550490234,82.0,25.9195209634832,24.437504652501598,1.4820163109816065,0.0,0.0
3_log_high_het,OneStage_RCS,48,True,0.0327280712444155,79.0,1.2054234743136691,0.4351181318576398,0.7703053424560292,0.18201656288147233,98.62004674024668
3_log_high_het,TwoStage_RCS_DL_HKSJ,49,True,0.04248112148776592,99.0,1917.8963417137572,1917.8898375944682,0.0065041192886437175,1.163213947004518e-06,97.88443737012398
3_log_high_het,TwoStage_RCS_Fixed,49,True,0.03659386364608087,83.0,24.7627801156551,23.63960943331662,1.1231706823384828,0.0,0.0
3_log_high_het,OneStage_RCS,49,True,0.053205321021856725,52.0,2.7218159779667777,0.32750049066104403,2.3943154873057337,0.10105262772577268,97.89149198267103
4_threshold_mod_het,TwoStage_RCS_DL_HKSJ,0,True,1.1188547963635571,94.0,307.39776550021156,307.29864427951367,0.09912122069789976,1.4492693225184222e-07,89.46929685552702
4_threshold_mod_het,TwoStage_RCS_Fixed,0,True,1.1307046012302888,86.0,24.418713150521175,23.944332840484446,0.47438031003673925,0.0,0.0
4_threshold_mod_het,OneStage_RCS,0,True,0.020581026189925824,0.0,3.152321775874593,0.13334256718773704,3.0189792086868557,0.014727560635413275,85.7642102473254
4_threshold_mod_het,TwoStage_RCS_DL_HKSJ,1,True,0.00713217427971326,100.0,657.6838633521318,657.6838633521318,0.0,3.767332823989502e-07,94.07044285711156
4_threshold_mod_het,TwoStage_RCS_Fixed,1,True,0.010139666318024803,92.0,23.85610202713503,23.847588109469143,0.008513917665885783,0.0,0.0
4_threshold_mod_het,OneStage_RCS,1,True,0.0010848954613808803,100.0,0.21877410417432464,0.21877410417432464,0.0,0.04348724476395849,94.54699245167171
4_threshold_mod_het,TwoStage_RCS_DL_HKSJ,2,True,0.012592659829200383,100.0,757.5944953861332,757.5944953861332,0.0,3.7587613025136814e-07,95.58532469947114
4_threshold_mod_het,TwoStage_RCS_Fixed,2,True,0.011102267179852889,88.0,23.87744224141128,23.7298689079331,0.14757333347818086,0.0,0.0
4_threshold_mod_het,OneStage_RCS,2,True,0.0027476408666342145,100.0,0.23084881483880612,0.23084881483880612,0.0,0.04793359159814003,95.142630267019
4_threshold_mod_het,TwoStage_RCS_DL_HKSJ,3,True,0.014377636972660621,100.0,347.5726697200122,347.5726697200122,0.0,1.5688812323634087e-07,90.96919109424199
4_threshold_mod_het,TwoStage_RCS_Fixed,3,True,0.01644363493629458,92.0,24.142551911580153,24.101320163368545,0.041231748211607966,0.0,0.0
4_threshold_mod_het,OneStage_RCS,3,True,0.00047079398900149436,100.0,0.1582793806137966,0.1582793806137966,0.0,0.02053335949180646,89.74076948632272
4_threshold_mod_het,TwoStage_RCS_DL_HKSJ,4,True,0.0023235589208999573,100.0,489.90115750114876,489.90115750114876,0.0,2.6812153237266283e-07,93.29479588891057
4_threshold_mod_het,TwoStage_RCS_Fixed,4,True,0.0027501691206272953,90.0,22.508414565064363,22.391704360999046,0.11671020406531457,0.0,0.0
4_threshold_mod_het,OneStage_RCS,4,True,0.002935275786609846,98.0,0.19190018812139775,0.18894380541303665,0.002956382708361106,0.03135406184648155,92.95660163383631
4_threshold_mod_het,TwoStage_RCS_DL_HKSJ,5,True,0.023972665409361302,100.0,732.6810136557203,732.6810136557203,0.0,4.0195225177769984e-07,95.05122897522749
4_threshold_mod_het,TwoStage_RCS_Fixed,5,True,0.02546269527529248,93.0,23.534391471060918,23.496763210371263,0.037628260689656357,0.0,0.0
4_threshold_mod_het,OneStage_RCS,5,True,0.0073325828382878825,83.0,0.6033917839635724,0.2084476833039362,0.39494410065963625,0.03715471417795927,93.75093130764918
4_threshold_mod_het,TwoStage_RCS_DL_HKSJ,6,True,0.002629801639863103,100.0,730.7524549527262,730.7524549527262,0.0,3.594711646684568e-07,95.15930554223635
4_threshold_mod_het,TwoStage_RCS_Fixed,6,True,0.0024082538504044317,100.0,24.508562846373287,24.508562846373287,0.0,0.0,0.0
4_threshold_mod_het,OneStage_RCS,6,True,0.0004177790394124867,100.0,0.2249993151501733,0.2249993151501733,0.0,0.046618164855445,94.8496343511402
4_threshold_mod_het,TwoStage_RCS_DL_HKSJ,7,True,0.07504372912557555,100.0,862.5166989541966,862.5166989541966,0.0,4.4059500756022686e-07,96.08105309800844
4_threshold_mod_het,TwoStage_RCS_Fixed,7,True,0.09443811067029284,98.0,23.51326677122765,23.510966786449913,0.0022999847777371006,0.0,0.0
4_threshold_mod_het,OneStage_RCS,7,True,0.001608784244755776,100.0,0.2516162425584168,0.2516162425584168,0.0,0.056720085305938445,96.01898993669586
4_threshold_mod_het,TwoStage_RCS_DL_HKSJ,8,True,0.025082460691430563,100.0,1166.6866973502467,1166.6866973502467,0.0,5.810545550062202e-07,96.8380760633329
4_threshold_mod_het,TwoStage_RCS_Fixed,8,True,0.03013782337616477,93.0,24.8922050979042,24.87424530877476,0.017959789129436264,0.0,0.0
4_threshold_mod_het,OneStage_RCS,8,True,0.0014391935048039758,100.0,0.25207753663566357,0.25207753663566357,0.0,0.05907408466173334,96.00929971780224
4_threshold_mod_het,TwoStage_RCS_DL_HKSJ,9,True,0.41734786597365364,100.0,915.4115072183995,915.4115072183995,0.0,4.528210179195817e-07,96.58813571192321
4_threshold_mod_het,TwoStage_RCS_Fixed,9,True,0.46165004692672185,100.0,22.966480659530575,22.966480659530575,0.0,0.0,0.0
4_threshold_mod_het,OneStage_RCS,9,True,0.000672809950541645,100.0,0.25307625738326645,0.25307625738326645,0.0,0.05768671998200263,95.91653879210124
4_threshold_mod_het,TwoStage_RCS_DL_HKSJ,10,True,0.02378436654160675,96.0,937.6562093360469,937.6031868288363,0.0530225072104752,5.05647746815337e-07,96.11547321491969
4_threshold_mod_het,TwoStage_RCS_Fixed,10,True,0.02358985972864779,85.0,24.373557127004638,23.751567694722997,0.6219894322816402,0.0,0.0
4_threshold_mod_het,OneStage_RCS,10,True,0.021181794721980826,25.0,1.1234512140278239,0.2418635275469335,0.8815876864808903,0.053006690115265376,95.45156930054019
4_threshold_mod_het,TwoStage_RCS_DL_HKSJ,11,True,0.03477549148592925,100.0,1914.893534173487,1914.893534173487,0.0,8.664176727941296e-07,98.26963945726783
4_threshold_mod_het,TwoStage_RCS_Fixed,11,True,0.050158443838142316,86.0,25.021598603144884,24.733176589666456,0.28842201347842855,0.0,0.0
4_threshold_mod_het,OneStage_RCS,11,True,0.010510759259286401,100.0,0.3508375161990299,0.3508375161990299,0.0,0.11348549379321282,97.91410442242858
4_threshold_mod_het,TwoStage_RCS_DL_HKSJ,12,True,0.0013121633494268196,100.0,480.44017137042573,480.44017137042573,0.0,2.453915097015925e-07,93.02002311147443
4_threshold_mod_het,TwoStage_RCS_Fixed,12,True,0.0016018967981657932,100.0,23.418901962610633,23.418901962610633,0.0,0.0,0.0
4_threshold_mod_het,OneStage_RCS,12,True,0.00036312138764914856,100.0,0.1746718004240419,0.1746718004240419,0.0,0.02480028511289616,91.03456367246375
4_threshold_mod_het,TwoStage_RCS_DL_HKSJ,13,True,0.057329317595032014,100.0,645.4802172003499,645.4802172003499,0.0,3.432417264831002e-07,94.78759582617366
4_threshold_mod_het,TwoStage_RCS_Fixed,13,True,0.07226258237229127,93.0,23.01096965952122,22.989855632423417,0.021114027097801583,0.0,0.0
4_threshold_mod_het,OneStage_RCS,13,True,0.0017121078431562515,100.0,0.20010255729505622,0.20010255729505622,0.0,0.03439412014409895,93.65852350586212
4_threshold_mod_het,TwoStage_RCS_DL_HKSJ,14,True,0.011281273895810549,100.0,745.3855039799015,745.3855039799015,0.0,4.1541535742160376e-07,94.96889415783157
4_threshold_mod_het,TwoStage_RCS_Fixed,14,True,0.012446715919352534,100.0,23.708685549998577,23.708685549998577,0.0,0.0,0.0
4_threshold_mod_het,OneStage_RCS,14,True,0.0004560570279364838,100.0,0.217927387744246,0.217927387744246,0.0,0.04290938540937918,94.73265532379602
4_threshold_mod_het,TwoStage_RCS_DL_HKSJ,15,True,78.39063200083795,100.0,732.6128368520518,732.6128368520518,0.0,3.5155779169347486e-07,95.10803504205312
4_threshold_mod_het,TwoStage_RCS_Fixed,15,True,15.073288730938396,89.0,25.584635952480244,25.460843726584717,0.12379222589552623,0.0,0.0
4_threshold_mod_het,OneStage_RCS,15,True,0.004288692383328029,96.0,0.24176793226676707,0.23488831259327256,0.006879619673494497,0.05048111213476756,95.15191963627908
4_threshold_mod_het,TwoStage_RCS_DL_HKSJ,16,True,0.0026272474418519653,100.0,914.9655050209025,914.9655050209025,0.0,4.295468125931849e-07,96.30045529945971
4_threshold_mod_het,TwoStage_RCS_Fixed,16,True,0.0032346933818250077,91.0,24.57949151147723,24.541511244400475,0.0379802670767517,0.0,0.0
4_threshold_mod_het,OneStage_RCS,16,True,0.003325158086737906,100.0,0.2448004343899424,0.2448004343899424,0.0,0.05517037395834605,95.59879186151032
4_threshold_mod_het,TwoStage_RCS_DL_HKSJ,17,True,0.055926284986768,100.0,624.9294654826132,624.9294654826132,0.0,2.798037150859697e-07,94.91419995941816
4_threshold_mod_het,TwoStage_RCS_Fixed,17,True,0.0626615761320907,89.0,24.555333274275085,24.35074994314899,0.2045833311260948,0.0,0.0
4_threshold_mod_het,OneStage_RCS,17,True,0.01268098070269101,41.0,0.9295329478011218,0.189260854288671,0.7402720935124507,0.030315758970814732,93.16544960205557
4_threshold_mod_het,TwoStage_RCS_DL_HKSJ,18,True,0.002188487870847412,100.0,618.5245300094774,618.5245300094774,0.0,3.0142662570328643e-07,94.29851779941738
4_threshold_mod_het,TwoStage_RCS_Fixed,18,True,0.002902438026692499,100.0,24.58600222355769,24.58600222355769,0.0,0.0,0.0
4_threshold_mod_het,OneStage_RCS,18,True,0.0008320550821598571,100.0,0.2156300751543858,0.2156300751543858,0.0,0.04126502608582449,94.19523690841146
4_threshold_mod_het,TwoStage_RCS_DL_HKSJ,19,True,0.0007514281539762695,100.0,909.2255295425963,909.2255295425963,0.0,4.780358228329956e-07,95.77007191842209
4_threshold_mod_het,TwoStage_RCS_Fixed,19,True,0.00048380483242586246,99.0,24.719370251669815,24.719287009535197,8.324213461977648e-05,0.0,0.0
4_threshold_mod_het,OneStage_RCS,19,True,0.0005631083905008861,100.0,0.2376322174392987,0.2376322174392987,0.0,0.05192671823309986,95.4358263897458
4_threshold_mod_het,TwoStage_RCS_DL_HKSJ,20,True,0.08222970701921888,100.0,616.8159278812143,616.8159278812143,0.0,3.5065293997661014e-07,94.77333519135193
4_threshold_mod_het,TwoStage_RCS_Fixed,20,True,0.08442328262091531,100.0,21.76541711644125,21.76541711644125,0.0,0.0,0.0
4_threshold_mod_het,OneStage_RCS,20,True,0.0016188513930837979,100.0,0.20034168794028845,0.20034168794028845,0.0,0.036190695255886904,93.49354682377798
4_threshold_mod_het,TwoStage_RCS_DL_HKSJ,21,True,0.09359116976196485,100.0,833.4571800861886,833.4571800861886,0.0,3.8863223154620194e-07,95.96567306829182
4_threshold_mod_het,TwoStage_RCS_Fixed,21,True,0.0990930425850117,100.0,24.5434332530555,24.5434332530555,0.0,0.0,0.0
4_threshold_mod_het,OneStage_RCS,21,True,0.0012107977578001636,100.0,0.22220222273499673,0.22220222273499673,0.0,0.04382191074327431,94.60083520887365
4_threshold_mod_het,TwoStage_RCS_DL_HKSJ,22,True,0.0570511173623762,100.0,573.6577683172769,573.6577683172769,0.0,3.364200592363108e-07,94.84783079114398
4_threshold_mod_het,TwoStage_RCS_Fixed,22,True,0.05891638330002731,93.0,20.54373267862926,20.519567887242687,0.02416479138657614,0.0,0.0
4_threshold_mod_het,OneStage_RCS,22,True,0.0007680779437323115,100.0,0.22700771396727254,0.22700771396727254,0.0,0.038616124651719125,93.9620664211632
4_threshold_mod_het,TwoStage_RCS_DL_HKSJ,23,True,0.00562074628494592,100.0,524.381519410793,524.381519410793,0.0,2.8524830618849584e-07,93.72328499913421
4_threshold_mod_het,TwoStage_RCS_Fixed,23,True,0.005704750778071154,90.0,22.550077127643426,22.48212350692585,0.06795362071757446,0.0,0.0
4_threshold_mod_het,OneStage_RCS,23,True,0.0009454552623710291,100.0,0.1908359948022954,0.1908359948022954,0.0,0.03209218938897124,92.69394600895787
4_threshold_mod_het,TwoStage_RCS_DL_HKSJ,24,True,0.0008888287890012543,100.0,1487.9814185319392,1487.9814185319392,0.0,8.153189954287168e-07,97.50420013613672
4_threshold_mod_het,TwoStage_RCS_Fixed,24,True,0.0007366371037661533,100.0,23.79409239877411,23.79409239877411,0.0,0.0,0.0
4_threshold_mod_het,OneStage_RCS,24,True,0.00032683223155760354,100.0,0.3249160046864259,0.3249160046864259,0.0,0.09999999026110494,97.23796255856512
4_threshold_mod_het,TwoStage_RCS_DL_HKSJ,25,True,0.009483838741268074,95.0,423.6734401517191,423.642233191414,0.03120696030513275,2.108678010894756e-07,92.04617774378006
4_threshold_mod_het,TwoStage_RCS_Fixed,25,True,0.009177736712903508,87.0,24.152239419337842,23.77973775978933,0.372501659548514,0.0,0.0
4_threshold_mod_het,OneStage_RCS,25,True,0.012406753852463228,16.0,1.1258815678923624,0.1768719900761617,0.9490095778162005,0.026879147859186856,91.42215780436283
4_threshold_mod_het,TwoStage_RCS_DL_HKSJ,26,True,0.03095196152429342,96.0,1304.4849359169218,1304.4210433869212,0.06389253000067376,6.506035361025075e-07,97.52032686135539
4_threshold_mod_het,TwoStage_RCS_Fixed,26,True,0.031785895345753684,84.0,24.196872159221357,23.27500798864927,0.9218641705720801,0.0,0.0
4_threshold_mod_het,OneStage_RCS,26,True,0.031662206660555706,0.0,1.8383035085897073,0.2756803386298611,1.5626231699598458,0.07101777049854659,96.72584204820275
4_threshold_mod_het,TwoStage_RCS_DL_HKSJ,27,True,0.011764653911050058,100.0,846.1763868231152,846.1763868231152,0.0,4.177754213983609e-07,96.10685428137475
4_threshold_mod_het,TwoStage_RCS_Fixed,27,True,0.012505904478101173,92.0,23.669014620208067,23.60861229079093,0.06040232941713974,0.0,0.0
4_threshold_mod_het,OneStage_RCS,27,True,0.005162528554410419,90.0,0.3683828566372858,0.23209987788305106,0.13628297875423484,0.047940796665279485,94.98810682227163
4_threshold_mod_het,TwoStage_RCS_DL_HKSJ,28,True,0.018040454593906578,100.0,594.2812903073101,594.2812903073101,0.0,3.156338137281965e-07,93.88620114273976
4_threshold_mod_het,TwoStage_RCS_Fixed,28,True,0.018361115676898986,92.0,23.934389474332416,23.904929000925435,0.02946047340697855,0.0,0.0
4_threshold_mod_het,OneStage_RCS,28,True,0.0013172470991868576,100.0,0.19930544010764936,0.19930544010764936,0.0,0.03550814297143297,93.35448869576598
4_threshold_mod_het,TwoStage_RCS_DL_HKSJ,29,True,0.0057526757567998785,100.0,412.5685606760025,412.5685606760025,0.0,1.7892604398906692e-07,92.19445762752544
4_threshold_mod_het,TwoStage_RCS_Fixed,29,True,0.005826822345759934,89.0,25.101444119139906,24.90486935073843,0.19657476840147525,0.0,0.0
4_threshold_mod_het,OneStage_RCS,29,True,0.003858567211217675,87.0,0.2422612865935726,0.1724288331486127,0.06983245344495992,0.026701876944797327,91.6717158146465
4_threshold_mod_het,TwoStage_RCS_DL_HKSJ,30,True,0.04379419768088216,100.0,592.812159493747,592.812159493747,0.0,3.0464395802773204e-07,94.01643411454396
4_threshold_mod_het,TwoStage_RCS_Fixed,30,True,0.04901844079359248,92.0,24.081044218284205,24.012004492741585,0.06903972554261939,0.0,0.0
4_threshold_mod_het,OneStage_RCS,30,True,0.0029828644419081845,93.0,0.25663597204559796,0.19685181175054986,0.059784160295048155,0.033231419625794865,93.26203525983652
4_threshold_mod_het,TwoStage_RCS_DL_HKSJ,31,True,0.05877912742423144,100.0,355.0833874497525,355.0833874497525,0.0,1.966033527430312e-07,91.00803691123609
4_threshold_mod_het,TwoStage_RCS_Fixed,31,True,0.06393679579218241,100.0,21.947977059319268,21.947977059319268,0.0,0.0,0.0
4_threshold_mod_het,OneStage_RCS,31,True,0.0009065673418417218,100.0,0.16412829650271907,0.16412829650271907,0.0,0.022857890893384112,90.57696585463245
4_threshold_mod_het,TwoStage_RCS_DL_HKSJ,32,True,0.001598375153932169,100.0,414.5361120672639,414.5361120672639,0.0,2.1519940172613418e-07,91.12107756524036
4_threshold_mod_het,TwoStage_RCS_Fixed,32,True,0.0016833366487726104,91.0,24.405410278746512,24.33569403411598,0.06971624463053021,0.0,0.0
4_threshold_mod_het,OneStage_RCS,32,True,0.0015634666534701622,100.0,0.16718523349746153,0.16718523349746153,0.0,0.02396848150921326,90.78172047961327
4_threshold_mod_het,TwoStage_RCS_DL_HKSJ,33,True,0.003704694670866189,100.0,1245.0893529728614,1245.0893529728614,0.0,6.340457510083446e-07,96.97871922623727
4_threshold_mod_het,TwoStage_RCS_Fixed,33,True,0.005159417497613458,90.0,24.893062224302007,24.840766671334688,0.05229555296731893,0.0,0.0
4_threshold_mod_het,OneStage_RCS,33,True,0.005036945117282686,100.0,0.2737335375859475,0.2737335375859475,0.0,0.06982837795761816,96.69596533848002
4_threshold_mod_het,TwoStage_RCS_DL_HKSJ,34,True,0.10903923248159549,95.0,384.555574077967,384.53245260723315,0.023121470733858084,1.8030159687898045e-07,91.68682383522649
4_threshold_mod_het,TwoStage_RCS_Fixed,34,True,0.1151306464152097,87.0,24.20593987749666,23.864207042493184,0.34173283500348206,0.0,0.0
4_threshold_mod_het,OneStage_RCS,34,True,0.005698500274347627,47.0,0.39306543690696766,0.15880431295729067,0.23426112394967696,0.02081397495915844,89.63419546212752
4_threshold_mod_het,TwoStage_RCS_DL_HKSJ,35,True,0.012406606684928273,96.0,799.019079507474,798.9636335207858,0.05544598668805948,4.7610755519954187e-07,95.25783073779385
4_threshold_mod_het,TwoStage_RCS_Fixed,35,True,0.011495068381422058,86.0,23.62411645575261,23.04629147957823,0.577824976174377,0.0,0.0
4_threshold_mod_het,OneStage_RCS,35,True,0.01878569546622343,20.0,1.1814298137766677,0.22988540549088554,0.951544408285782,0.047066922780811336,95.02350629036478
4_threshold_mod_het,TwoStage_RCS_DL_HKSJ,36,True,0.020637066136849635,100.0,616.1777028952995,616.1777028952995,0.0,2.729176911718593e-07,94.65551043703172
4_threshold_mod_het,TwoStage_RCS_Fixed,36,True,0.023390562859728497,91.0,24.987026162665657,24.921197882990022,0.06582827967563239,0.0,0.0
4_threshold_mod_het,OneStage_RCS,36,True,0.0030533874976738876,96.0,0.2280406062416631,0.20363698251668447,0.024403623724978618,0.036779438584345174,93.53173780841016
4_threshold_mod_het,TwoStage_RCS_DL_HKSJ,37,True,0.003317892003311436,100.0,398.71859865584827,398.71859865584827,0.0,1.7324440567977885e-07,92.27472276689215
4_threshold_mod_het,TwoStage_RCS_Fixed,37,True,0.00330903839574475,94.0,24.340209897265908,24.334190474779945,0.0060194224859664094,0.0,0.0
4_threshold_mod_het,OneStage_RCS,37,True,0.0035448019363093462,84.0,0.23102471705600153,0.16388401420277698,0.06714070285322453,0.02324477593656409,90.50758253632856
4_threshold_mod_het,TwoStage_RCS_DL_HKSJ,38,True,0.011885675864122393,100.0,640.9787312090801,640.9787312090801,0.0,2.9163734729101415e-07,94.70963676735057
4_threshold_mod_het,TwoStage_RCS_Fixed,38,True,0.012560728910303208,87.0,25.300551386724745,24.95111808787651,0.3494332988482378,0.0,0.0
4_threshold_mod_het,OneStage_RCS,38,True,0.009311644888158457,55.00000000000001,0.3579527382029257,0.21031954145976528,0.14763319674316044,0.03977126441176726,93.99214406141346
4_threshold_mod_het,TwoStage_RCS_DL_HKSJ,39,True,0.0007956223444833149,100.0,1127.704700084455,1127.704700084455,0.0,5.704165960837178e-07,96.92574034657406
4_threshold_mod_het,TwoStage_RCS_Fixed,39,True,0.0007055241256521159,100.0,23.927491843143354,23.927491843143354,0.0,0.0,0.0
4_threshold_mod_het,OneStage_RCS,39,True,0.000841844185040195,100.0,0.26749355915873174,0.26749355915873174,0.0,0.06641617949316388,96.39974025599857
4_threshold_mod_het,TwoStage_RCS_DL_HKSJ,40,True,0.00697049166594949,100.0,442.80724361114886,442.80724361114886,0.0,2.1081726978926284e-07,92.24628919043627
4_threshold_mod_het,TwoStage_RCS_Fixed,40,True,0.006964109377855393,93.0,24.55751878477859,24.543906576108043,0.013612208670547294,0.0,0.0
4_threshold_mod_het,OneStage_RCS,40,True,0.0008907541092876896,100.0,0.16877301528729483,0.16877301528729483,0.0,0.02394897688144222,90.38379444865255
4_threshold_mod_het,TwoStage_RCS_DL_HKSJ,41,True,0.01601984661555808,100.0,1354.2126597688218,1354.2126597688218,0.0,6.917508173803675e-07,97.41004707058717
4_threshold_mod_het,TwoStage_RCS_Fixed,41,True,0.020213498338825065,90.0,24.06863692324727,23.949031825199718,0.11960509804754935,0.0,0.0
4_threshold_mod_het,OneStage_RCS,41,True,0.0022201051400190046,100.0,0.2773477954507398,0.2773477954507398,0.0,0.07183765041863813,96.6379588538157
4_threshold_mod_het,TwoStage_RCS_DL_HKSJ,42,True,0.007855859851343207,100.0,952.8122720456707,952.8122720456707,0.0,4.998588660115352e-07,96.46657989841006
4_threshold_mod_het,TwoStage_RCS_Fixed,42,True,0.008760705702633674,93.0,23.16350039521431,23.1533032546682,0.010197140546114505,0.0,0.0
4_threshold_mod_het,OneStage_RCS,42,True,0.002085970299904008,100.0,0.2489091196547245,0.2489091196547245,0.0,0.05759540912485533,95.77173192488824
4_threshold_mod_het,TwoStage_RCS_DL_HKSJ,43,True,0.007324868616691267,100.0,824.1163601654107,824.1163601654107,0.0,4.11789542792286e-07,95.84088150479717
4_threshold_mod_het,TwoStage_RCS_Fixed,43,True,0.00857944412204302,93.0,23.95266811905179,23.93747762755624,0.015190491495547707,0.0,0.0
4_threshold_mod_het,OneStage_RCS,43,True,0.0007067889659133209,100.0,0.22477519769890336,0.22477519769890336,0.0,0.04589619532121642,94.85420820958062
4_threshold_mod_het,TwoStage_RCS_DL_HKSJ,44,True,0.019138532567628878,100.0,518.2708028723636,518.2708028723636,0.0,2.5955585050140884e-07,93.56355693773249
4_threshold_mod_het,TwoStage_RCS_Fixed,44,True,0.02162326305344211,91.0,23.653195426963176,23.58811946473801,0.06507596222516272,0.0,0.0
4_threshold_mod_het,OneStage_RCS,44,True,0.003111168033241431,100.0,0.19205692551980338,0.19205692551980338,0.0,0.031841194669432804,92.64873446799787
4_threshold_mod_het,TwoStage_RCS_DL_HKSJ,45,True,0.11729356943083563,100.0,579.1231497024227,579.1231497024227,0.0,2.8111185980531607e-07,94.57629450131806
4_threshold_mod_het,TwoStage_RCS_Fixed,45,True,0.11281961742354701,100.0,23.249369776017215,23.249369776017215,0.0,0.0,0.0
4_threshold_mod_het,OneStage_RCS,45,True,0.0007396736201588519,100.0,0.20335601620494526,0.20335601620494526,0.0,0.03682667450881126,93.796007783382
4_threshold_mod_het,TwoStage_RCS_DL_HKSJ,46,True,0.019148550297942435,100.0,467.2024282403984,467.2024282403984,0.0,2.1543243842017135e-07,92.98704185307385
4_threshold_mod_het,TwoStage_RCS_Fixed,46,True,0.020808394880975377,88.0,24.613625164773648,24.362639714402903,0.25098545037074627,0.0,0.0
4_threshold_mod_het,OneStage_RCS,46,True,0.01003405491583267,17.0,1.040619639315854,0.1580232835250804,0.8825963557907737,0.02201086165247307,90.79567775294332
4_threshold_mod_het,TwoStage_RCS_DL_HKSJ,47,True,0.12861580167430145,100.0,1237.2795639929182,1237.2795639929182,0.0,6.780689700205425e-07,97.20218501139657
4_threshold_mod_het,TwoStage_RCS_Fixed,47,True,0.1588831477993503,88.0,23.16819624257691,22.97061693693752,0.1975793056393855,0.0,0.0
4_threshold_mod_het,OneStage_RCS,47,True,0.004304329130737943,100.0,0.27982836611086614,0.27982836611086614,0.0,0.0730827313901092,96.79542182198661
4_threshold_mod_het,TwoStage_RCS_DL_HKSJ,48,True,0.005938637995918922,100.0,1395.171301127446,1395.171301127446,0.0,7.138141176977615e-07,97.37831901020299
4_threshold_mod_het,TwoStage_RCS_Fixed,48,True,0.009884584651527193,100.0,24.437504652501598,24.437504652501598,0.0,0.0,0.0
4_threshold_mod_het,OneStage_RCS,48,True,0.0011524137999558933,100.0,0.293204076652085,0.293204076652085,0.0,0.08113581936859131,96.98453954783555
4_threshold_mod_het,TwoStage_RCS_DL_HKSJ,49,True,0.01910219712835655,100.0,800.6215550257891,800.6215550257891,0.0,4.462210109611913e-07,95.34291482710292
4_threshold_mod_het,TwoStage_RCS_Fixed,49,True,0.02062777451735782,92.0,23.676458914393187,23.63960943331662,0.036849481076566076,0.0,0.0
4_threshold_mod_het,OneStage_RCS,49,True,0.0013405500233671054,100.0,0.2189286260712814,0.2189286260712814,0.0,0.043199122848233115,94.60324404604494
5_u_shaped,TwoStage_RCS_DL_HKSJ,0,True,1.440976052869685,94.0,317.56045190753014,317.46409368558585,0.09635822194430382,1.555127407935128e-07,89.4122257993408
5_u_shaped,TwoStage_RCS_Fixed,0,True,1.4621718852948953,87.0,24.334731890121333,23.944332840484446,0.39039904963689276,0.0,0.0
5_u_shaped,OneStage_RCS,0,True,0.019153135422675133,0.0,2.782372070465399,0.1409352551063158,2.641436815359082,0.016750144722582568,87.25226501073017
5_u_shaped,TwoStage_RCS_DL_HKSJ,1,True,0.0035689674972917383,100.0,680.2906686764708,680.2906686764708,0.0,3.981027952776288e-07,94.14363144046649
5_u_shaped,TwoStage_RCS_Fixed,1,True,0.0062343761199877825,91.0,23.89387909354538,23.847588109469143,0.0462909840762384,0.0,0.0
5_u_shaped,OneStage_RCS,1,True,0.0012879520646551482,100.0,0.21860995871857455,0.21860995871857455,0.0,0.04341728313896854,94.55745025288314
5_u_shaped,TwoStage_RCS_DL_HKSJ,2,True,0.007205490223290751,100.0,721.1349153286076,721.1349153286076,0.0,3.4923872670577046e-07,95.47292596570355
5_u_shaped,TwoStage_RCS_Fixed,2,True,0.006880035030868658,91.0,23.818292577953088,23.7298689079331,0.08842367001998731,0.0,0.0
5_u_shaped,OneStage_RCS,2,True,0.004610489975364291,100.0,0.22867064051540806,0.22867064051540806,0.0,0.046959644241443915,94.93945906555935
5_u_shaped,TwoStage_RCS_DL_HKSJ,3,True,0.0014843254291156292,100.0,360.8193369495537,360.8193369495537,0.0,1.6651283395819854e-07,91.10604108191626
5_u_shaped,TwoStage_RCS_Fixed,3,True,0.002307639607681404,94.0,24.13743619465391,24.101320163368545,0.03611603128536496,0.0,0.0
5_u_shaped,OneStage_RCS,3,True,0.0004963274737419558,100.0,0.15596139365216566,0.15596139365216566,0.0,0.01983029631808477,89.3259469349464
5_u_shaped,TwoStage_RCS_DL_HKSJ,4,True,0.001433040121444657,100.0,504.20639116455624,504.20639116455624,0.0,2.8173959363961304e-07,93.34837258940688
5_u_shaped,TwoStage_RCS_Fixed,4,True,0.0015901668600837853,88.0,22.54517496742074,22.391704360999046,0.15347060642168933,0.0,0.0
5_u_shaped,OneStage_RCS,4,True,0.0027868629525488967,100.0,0.1904787393475345,0.1904787393475345,0.0,0.031920519947878145,93.07674715344064
5_u_shaped,TwoStage_RCS_DL_HKSJ,5,True,0.04964101417056687,100.0,734.8702590430647,734.8702590430647,0.0,4.1004935428171176e-07,94.9815753546961
5_u_shaped,TwoStage_RCS_Fixed,5,True,0.04958506587859049,91.0,23.551781913455947,23.496763210371263,0.05501870308468291,0.0,0.0
5_u_shaped,OneStage_RCS,5,True,0.009336149312567592,80.0,0.7871452294535825,0.2110913356443141,0.5760538938092681,0.0382294045916839,93.91686050542505
5_u_shaped,TwoStage_RCS_DL_HKSJ,6,True,0.0008209608115484712,100.0,723.5060491202371,723.5060491202371,0.0,3.442328002084214e-07,95.27118377368153
5_u_shaped,TwoStage_RCS_Fixed,6,True,0.0008182974292330386,99.0,24.509726287167858,24.508562846373287,0.0011634407945659176,0.0,0.0
5_u_shaped,OneStage_RCS,6,True,0.0009985109013865025,100.0,0.22115971374191568,0.22115971374191568,0.0,0.044947502393399064,94.62829549172524
5_u_shaped,TwoStage_RCS_DL_HKSJ,7,True,0.07836960334280986,100.0,839.0992214118995,839.0992214118995,0.0,4.215274151787615e-07,96.03845708618533
5_u_shaped,TwoStage_RCS_Fixed,7,True,0.09123921335357404,100.0,23.510966786449913,23.510966786449913,0.0,0.0,0.0
5_u_shaped,OneStage_RCS,7,True,0.0020156857661050866,100.0,0.2479661001981739,0.2479661001981739,0.0,0.054946688545915424,95.88762884700162
5_u_shaped,TwoStage_RCS_DL_HKSJ,8,True,0.0328840171896918,100.0,1196.7914090741356,1196.7914090741356,0.0,6.005006252846075e-07,96.89458711187734
5_u_shaped,TwoStage_RCS_Fixed,8,True,0.03741535645028953,97.0,24.880590074631247,24.87424530877476,0.0063447658564864005,0.0,0.0
5_u_shaped,OneStage_RCS,8,True,0.0012388552649830274,100.0,0.25818325906775963,0.25818325906775963,0.0,0.062112989049487595,96.19752405839535
5_u_shaped,TwoStage_RCS_DL_HKSJ,9,True,0.390919643329396,100.0,948.1419684516055,948.1419684516055,0.0,4.756071773676931e-07,96.65959439996395
5_u_shaped,TwoStage_RCS_Fixed,9,True,0.4273193916481748,100.0,22.966480659530575,22.966480659530575,0.0,0.0,0.0
5_u_shaped,OneStage_RCS,9,True,0.00045765919358899766,100.0,0.2592389374344936,0.2592389374344936,0.0,0.06076039438911566,96.1193711663439
5_u_shaped,TwoStage_RCS_DL_HKSJ,10,True,0.037675324771618446,96.0,957.8043572662959,957.7648609122735,0.039496354022312066,5.129860968717222e-07,96.22327033577726
5_u_shaped,TwoStage_RCS_Fixed,10,True,0.03525539409206799,84.0,24.463197612831653,23.751567694722997,0.711629918108653,0.0,0.0
5_u_shaped,OneStage_RCS,10,True,0.022631313133723956,33.0,1.404117139542388,0.24336875166699104,1.1607483878753968,0.05371804730531535,95.51685296487464
5_u_shaped,TwoStage_RCS_DL_HKSJ,11,True,0.05792392132957243,100.0,1957.1009272214887,1957.1009272214887,0.0,8.847470690903119e-07,98.3084253796118
5_u_shaped,TwoStage_RCS_Fixed,11,True,0.07598270760357063,88.0,24.93646167588364,24.733176589666456,0.2032850862171847,0.0,0.0
5_u_shaped,OneStage_RCS,11,True,0.009201869012131688,100.0,0.3551522047095418,0.3551522047095418,0.0,0.11645328914399661,97.96572137998308
5_u_shaped,TwoStage_RCS_DL_HKSJ,12,True,0.010600151644901768,100.0,467.5383600328156,467.5383600328156,0.0,2.3336218025867983e-07,92.9907815063192
5_u_shaped,TwoStage_RCS_Fixed,12,True,0.010815613495884757,100.0,23.418901962610633,23.418901962610633,0.0,0.0,0.0
5_u_shaped,OneStage_RCS,12,True,0.0006214357940622841,100.0,0.17345787447397043,0.17345787447397043,0.0,0.02439326440014267,90.91909164255485
5_u_shaped,TwoStage_RCS_DL_HKSJ,13,True,0.09232325708365505,100.0,628.5774202443879,628.5774202443879,0.0,3.2346581436394214e-07,94.8201731902617
5_u_shaped,TwoStage_RCS_Fixed,13,True,0.10512986753232056,91.0,23.029821720958786,22.989855632423417,0.03996608853536789,0.0,0.0
5_u_shaped,OneStage_RCS,13,True,0.001835084901806948,100.0,0.19988008494910453,0.19988008494910453,0.0,0.03430784259327914,93.62712024081935
5_u_shaped,TwoStage_RCS_DL_HKSJ,14,True,0.006589742477037087,100.0,775.5536368690451,775.5536368690451,0.0,4.3703499404193295e-07,95.11083214576713
5_u_shaped,TwoStage_RCS_Fixed,14,True,0.009775418403434766,100.0,23.708685549998577,23.708685549998577,0.0,0.0,0.0
5_u_shaped,OneStage_RCS,14,True,0.0007399563192364957,100.0,0.21909394541156524,0.21909394541156524,0.0,0.04340596522106209,94.82743109429774
5_u_shaped,TwoStage_RCS_DL_HKSJ,15,True,114.6570698276629,100.0,713.7915820040943,713.7915820040943,0.0,3.370080184874165e-07,95.0593577012018
5_u_shaped,TwoStage_RCS_Fixed,15,True,21.725122773101315,87.0,25.675984342091027,25.460843726584717,0.2151406155063137,0.0,0.0
5_u_shaped,OneStage_RCS,15,True,0.006002618577825258,83.0,0.2663129324380042,0.23109146685904539,0.035221465578958805,0.04875685067626867,94.99298722133392
5_u_shaped,TwoStage_RCS_DL_HKSJ,16,True,0.0027551686317388076,100.0,900.6667198541793,900.6667198541793,0.0,4.2314119642369113e-07,96.23899072126454
5_u_shaped,TwoStage_RCS_Fixed,16,True,0.0025961314832318436,89.0,24.623994134439286,24.541511244400475,0.08248289003881099,0.0,0.0
5_u_shaped,OneStage_RCS,16,True,0.0048150076250907566,100.0,0.24320334524217363,0.24320334524217363,0.0,0.05441054176511352,95.54304892419881
5_u_shaped,TwoStage_RCS_DL_HKSJ,17,True,0.08720168311279011,100.0,619.4981051811658,619.4981051811658,0.0,2.721674277517196e-07,94.96587192547295
5_u_shaped,TwoStage_RCS_Fixed,17,True,0.09361643392704336,87.0,24.634719494373034,24.35074994314899,0.28396955122404166,0.0,0.0
5_u_shaped,OneStage_RCS,17,True,0.01565363572892901,34.0,1.1272165314453517,0.19386800982253655,0.9333485216228151,0.03202485881925619,93.48708910683166
5_u_shaped,TwoStage_RCS_DL_HKSJ,18,True,0.00436879481881004,100.0,627.2406925441818,627.2406925441818,0.0,3.078013623269144e-07,94.33862509550568
5_u_shaped,TwoStage_RCS_Fixed,18,True,0.0049842319555642705,98.0,24.586455446759963,24.58600222355769,0.0004532232022757654,0.0,0.0
5_u_shaped,OneStage_RCS,18,True,0.0009491852788894248,100.0,0.21768146485523168,0.21768146485523168,0.0,0.042129407278906766,94.29978178044897
5_u_shaped,TwoStage_RCS_DL_HKSJ,19,True,0.0008059327228277034,100.0,905.2939767241404,905.2939767241404,0.0,4.7333409142484116e-07,95.77521735408465
5_u_shaped,TwoStage_RCS_Fixed,19,True,0.0007855904430285117,97.0,24.72960927412027,24.719287009535197,0.010322264585075435,0.0,0.0
5_u_shaped,OneStage_RCS,19,True,0.0006159572329776875,100.0,0.2370017153448179,0.2370017153448179,0.0,0.051634916413751036,95.41737620801405
5_u_shaped,TwoStage_RCS_DL_HKSJ,20,True,0.07880927975771401,100.0,644.5029824487472,644.5029824487472,0.0,3.8154101888633893e-07,94.79106486271863
5_u_shaped,TwoStage_RCS_Fixed,20,True,0.07943066483972727,97.0,21.767788766384456,21.76541711644125,0.0023716499432070437,0.0,0.0
5_u_shaped,OneStage_RCS,20,True,0.0010064422399550421,100.0,0.20637475410022513,0.20637475410022513,0.0,0.038582241280555735,93.8798740906017
5_u_shaped,TwoStage_RCS_DL_HKSJ,21,True,0.07439990055379525,100.0,818.2216983286712,818.2216983286712,0.0,3.845772810048627e-07,95.85770923787832
5_u_shaped,TwoStage_RCS_Fixed,21,True,0.07727180156137155,100.0,24.5434332530555,24.5434332530555,0.0,0.0,0.0
5_u_shaped,OneStage_RCS,21,True,0.002719371911885914,100.0,0.22090386502282797,0.22090386502282797,0.0,0.0432624175451225,94.491441044299
5_u_shaped,TwoStage_RCS_DL_HKSJ,22,True,0.04014505733909016,100.0,575.6114742928133,575.6114742928133,0.0,3.33288832519621e-07,94.93037341427276
5_u_shaped,TwoStage_RCS_Fixed,22,True,0.04271406557471536,96.0,20.537580895462742,20.519567887242687,0.018013008220054427,0.0,0.0
5_u_shaped,OneStage_RCS,22,True,0.0022043081137330276,100.0,0.22495939136976006,0.22495939136976006,0.0,0.03773802866911385,93.8505816763585
5_u_shaped,TwoStage_RCS_DL_HKSJ,23,True,0.0064685911117197395,100.0,517.7452681403862,517.7452681403862,0.0,2.8511069582398504e-07,93.56445504145111
5_u_shaped,TwoStage_RCS_Fixed,23,True,0.005970634710258117,93.0,22.535695514484345,22.48212350692585,0.05357200755849325,0.0,0.0
5_u_shaped,OneStage_RCS,23,True,0.001656770736196548,100.0,0.1870104996610166,0.1870104996610166,0.0,0.030685734655831413,92.38611512392143
5_u_shaped,TwoStage_RCS_DL_HKSJ,24,True,0.0011432862681948384,100.0,1477.7096053464118,1477.7096053464118,0.0,8.140823173116366e-07,97.47322048288186
5_u_shaped,TwoStage_RCS_Fixed,24,True,0.0013363159113269477,100.0,23.79409239877411,23.79409239877411,0.0,0.0,0.0
5_u_shaped,OneStage_RCS,24,True,0.00041843059231007964,100.0,0.3249160047827261,0.3249160047827261,0.0,0.09999999032217625,97.22696690881476
5_u_shaped,TwoStage_RCS_DL_HKSJ,25,True,0.008494359532987612,95.0,413.08672286323446,413.0463462542822,0.04037660895236066,2.0321353023178328e-07,91.93657460736213
5_u_shaped,TwoStage_RCS_Fixed,25,True,0.008401610313693226,88.0,24.096759679946334,23.77973775978933,0.3170219201570067,0.0,0.0
5_u_shaped,OneStage_RCS,25,True,0.011791473275267972,28.000000000000004,1.0736752159572973,0.17408605661260443,0.8995891593446931,0.02592987968923732,91.14008885788789
5_u_shaped,TwoStage_RCS_DL_HKSJ,26,True,0.0448499879942114,96.0,1312.4401600076928,1312.3791697456215,0.06099026207122109,6.549498111680071e-07,97.53394398571763
5_u_shaped,TwoStage_RCS_Fixed,26,True,0.04510578155868081,83.0,24.31489882073224,23.27500798864927,1.0398908320829596,0.0,0.0
5_u_shaped,OneStage_RCS,26,True,0.03274675982102848,0.0,1.8445290591214225,0.28164652325065337,1.5628825358707692,0.07426155537217877,96.88597344159014
5_u_shaped,TwoStage_RCS_DL_HKSJ,27,True,0.015356776359073556,100.0,840.9402883784555,840.9402883784555,0.0,4.1195452477811954e-07,96.11314229323794
5_u_shaped,TwoStage_RCS_Fixed,27,True,0.015030765308048968,89.0,23.716590547167655,23.60861229079093,0.10797825637672873,0.0,0.0
5_u_shaped,OneStage_RCS,27,True,0.005141871726030327,90.0,0.3182645523188859,0.23279089439695844,0.08547365792192739,0.04825319267757151,95.01601386076123
5_u_shaped,TwoStage_RCS_DL_HKSJ,28,True,0.02272645639291099,100.0,607.7109774196615,607.7109774196615,0.0,3.3218621820055173e-07,93.84683255627307
5_u_shaped,TwoStage_RCS_Fixed,28,True,0.021891360376101593,95.0,23.91394308946131,23.904929000925435,0.009014088535873243,0.0,0.0
5_u_shaped,OneStage_RCS,28,True,0.002369569705392745,100.0,0.204335991669214,0.204335991669214,0.0,0.03748535032578227,93.71471749138848
5_u_shaped,TwoStage_RCS_DL_HKSJ,29,True,0.005473627273892656,100.0,447.469051331818,447.469051331818,0.0,2.0628304277659556e-07,92.35006667782466
5_u_shaped,TwoStage_RCS_Fixed,29,True,0.005763920958963957,87.0,25.1789778725558,24.90486935073843,0.27410852181736745,0.0,0.0
5_u_shaped,OneStage_RCS,29,True,0.004773691249469144,73.0,0.313282977592708,0.1783816126722951,0.13490136492041288,0.028737971885772966,92.27407073896107
5_u_shaped,TwoStage_RCS_DL_HKSJ,30,True,0.06906965133559542,100.0,586.952025066852,586.952025066852,0.0,2.9046848411616706e-07,94.18036223638624
5_u_shaped,TwoStage_RCS_Fixed,30,True,0.07415159207037163,90.0,24.10876029225178,24.012004492741585,0.09675579951019721,0.0,0.0
5_u_shaped,OneStage_RCS,30,True,0.003898165417679362,90.0,0.30141905955130655,0.1990613017377761,0.10235775781353056,0.034079543618323195,93.4403177789391
5_u_shaped,TwoStage_RCS_DL_HKSJ,31,True,0.08937883162479789,100.0,340.8010219507908,340.8010219507908,0.0,1.8150735433384716e-07,90.98807016593624
5_u_shaped,TwoStage_RCS_Fixed,31,True,0.09303951001771864,100.0,21.947977059319268,21.947977059319268,0.0,0.0,0.0
5_u_shaped,OneStage_RCS,31,True,0.0008214323694188103,100.0,0.1604505506664754,0.1604505506664754,0.0,0.021699258522634143,89.8715078590942
5_u_shaped,TwoStage_RCS_DL_HKSJ,32,True,0.000623350457656858,100.0,420.90378688776894,420.90378688776894,0.0,2.239523636224726e-07,91.03741020781717
5_u_shaped,TwoStage_RCS_Fixed,32,True,0.0006953306179787876,94.0,24.386702215671953,24.33569403411598,0.051008181555972865,0.0,0.0
5_u_shaped,OneStage_RCS,32,True,0.0011944236007470118,100.0,0.1692406145138764,0.1692406145138764,0.0,0.024639982127639813,91.04249575543083
5_u_shaped,TwoStage_RCS_DL_HKSJ,33,True,0.008653187594075757,100.0,1283.3450548452324,1283.3450548452324,0.0,6.723238380761411e-07,96.98447562516473
5_u_shaped,TwoStage_RCS_Fixed,33,True,0.010243394226309734,93.0,24.86780896635723,24.840766671334688,0.027042295022542694,0.0,0.0
5_u_shaped,OneStage_RCS,33,True,0.0043727260172005435,100.0,0.28069610819990204,0.28069610819990204,0.0,0.07359357976308373,96.86461002237014
5_u_shaped,TwoStage_RCS_DL_HKSJ,34,True,0.11088313895152298,96.0,390.31332747897454,390.283465998717,0.02986148025758053,1.8603816542812484e-07,91.67326490603917
5_u_shaped,TwoStage_RCS_Fixed,34,True,0.114592184254231,88.0,24.144531105423415,23.864207042493184,0.2803240629302372,0.0,0.0
5_u_shaped,OneStage_RCS,34,True,0.007469504393307929,43.0,0.6889204751025564,0.15969231294354652,0.5292281621590099,0.021087452390130608,89.63916414541535
5_u_shaped,TwoStage_RCS_DL_HKSJ,35,True,0.019732535117511687,96.0,821.6193220803739,821.5616423430776,0.05767973729626896,4.985128661629008e-07,95.30406859697038
5_u_shaped,TwoStage_RCS_Fixed,35,True,0.017542048054329563,87.0,23.547835843754005,23.04629147957823,0.5015443641757716,0.0,0.0
5_u_shaped,OneStage_RCS,35,True,0.019643534707243865,11.0,1.2758423821559226,0.23133362185017362,1.044508760305749,0.047716591906506275,95.10899657103086
5_u_shaped,TwoStage_RCS_DL_HKSJ,36,True,0.02811744384900372,100.0,609.6765172354932,609.6765172354932,0.0,2.681145738483593e-07,94.63699560642937
5_u_shaped,TwoStage_RCS_Fixed,36,True,0.03047659894426031,89.0,25.039671087345532,24.921197882990022,0.11847320435550683,0.0,0.0
5_u_shaped,OneStage_RCS,36,True,0.004165532137493222,95.0,0.23344601919975638,0.20273987070638366,0.030706148493372675,0.03642475469894983,93.46368992897409
5_u_shaped,TwoStage_RCS_DL_HKSJ,37,True,0.006019602597975035,100.0,421.2643519261352,421.2643519261352,0.0,1.8889204610361273e-07,92.45444745016133
5_u_shaped,TwoStage_RCS_Fixed,37,True,0.005702420894324423,92.0,24.386310063622236,24.334190474779945,0.05211958884229501,0.0,0.0
5_u_shaped,OneStage_RCS,37,True,0.005311112169351098,72.0,0.2356252811813963,0.16628160019039703,0.06934368099099926,0.024014184865960606,90.75320341802177
5_u_shaped,TwoStage_RCS_DL_HKSJ,38,True,0.009646784805571712,100.0,655.8432673379258,655.8432673379258,0.0,3.0379049991018027e-07,94.73615250856993
5_u_shaped,TwoStage_RCS_Fixed,38,True,0.010452720506079928,88.0,25.223978768584224,24.95111808787651,0.2728606807077161,0.0,0.0
5_u_shaped,OneStage_RCS,38,True,0.008852237289959647,64.0,0.4665539966034356,0.21183742745691997,0.25471656914651564,0.04039533552733419,94.10548468211205
5_u_shaped,TwoStage_RCS_DL_HKSJ,39,True,0.0008320711662874365,100.0,1118.2317258355838,1118.2317258355838,0.0,5.56652521504995e-07,96.94887588922222
5_u_shaped,TwoStage_RCS_Fixed,39,True,0.0007052203058594914,100.0,23.927491843143354,23.927491843143354,0.0,0.0,0.0
5_u_shaped,OneStage_RCS,39,True,0.0008505437704460592,100.0,0.26709459876523634,0.26709459876523634,0.0,0.0662081728494168,96.40431197254965
5_u_shaped,TwoStage_RCS_DL_HKSJ,40,True,0.012649744169741496,100.0,436.26708808066667,436.26708808066667,0.0,2.1188622200525095e-07,91.97157031631096
5_u_shaped,TwoStage_RCS_Fixed,40,True,0.013082982098874677,96.0,24.55609324278817,24.543906576108043,0.01218666668012871,0.0,0.0
5_u_shaped,OneStage_RCS,40,True,0.0015696972775527903,100.0,0.1716587328886906,0.1716587328886906,0.0,0.024901277531269122,90.78543603629541
5_u_shaped,TwoStage_RCS_DL_HKSJ,41,True,0.009129703525129533,100.0,1369.9936221300532,1369.9936221300532,0.0,6.926800874473333e-07,97.46597127035076
5_u_shaped,TwoStage_RCS_Fixed,41,True,0.012784369289342751,92.0,24.041678521477824,23.949031825199718,0.09264669627810773,0.0,0.0
5_u_shaped,OneStage_RCS,41,True,0.0019128261546798747,100.0,0.2766839440608197,0.2766839440608197,0.0,0.07147886628302622,96.6206854402074
5_u_shaped,TwoStage_RCS_DL_HKSJ,42,True,0.01712085243019612,100.0,970.7692270951051,970.7692270951051,0.0,5.049630747869086e-07,96.56133306769408
5_u_shaped,TwoStage_RCS_Fixed,42,True,0.01682227022982548,93.0,23.18417091376689,23.1533032546682,0.03086765909869673,0.0,0.0
5_u_shaped,OneStage_RCS,42,True,0.0020555717553951847,100.0,0.2509641556336714,0.2509641556336714,0.0,0.05859753356471274,95.8454525799058
5_u_shaped,TwoStage_RCS_DL_HKSJ,43,True,0.01493713806244606,100.0,808.6712100915606,808.6712100915606,0.0,3.9938545750308226e-07,95.8106026377042
5_u_shaped,TwoStage_RCS_Fixed,43,True,0.016290971043161566,97.0,23.942837261204183,23.93747762755624,0.005359633647940653,0.0,0.0
5_u_shaped,OneStage_RCS,43,True,0.0004931696655534815,100.0,0.22674481552757966,0.22674481552757966,0.0,0.04676269635584491,94.9373669967591
5_u_shaped,TwoStage_RCS_DL_HKSJ,44,True,0.004357404833925921,100.0,542.5710148655139,542.5710148655139,0.0,2.787772229003129e-07,93.69228605239363
5_u_shaped,TwoStage_RCS_Fixed,44,True,0.006152249761873603,94.0,23.63801229077873,23.58811946473801,0.04989282604072072,0.0,0.0
5_u_shaped,OneStage_RCS,44,True,0.0021905513197965913,100.0,0.19207824680226104,0.19207824680226104,0.0,0.03184914365314043,92.65920566794509
5_u_shaped,TwoStage_RCS_DL_HKSJ,45,True,0.1402619512479435,100.0,591.8179048709048,591.8179048709048,0.0,2.925289117377874e-07,94.59555631409397
5_u_shaped,TwoStage_RCS_Fixed,45,True,0.13326879076989945,100.0,23.249369776017215,23.249369776017215,0.0,0.0,0.0
5_u_shaped,OneStage_RCS,45,True,0.0009574540257349366,100.0,0.20156274345532488,0.20156274345532488,0.0,0.03612009907113545,93.68363340045993
5_u_shaped,TwoStage_RCS_DL_HKSJ,46,True,0.013849425221509075,100.0,514.2795206230757,514.2795206230757,0.0,2.5374989002960537e-07,93.18279972145457
5_u_shaped,TwoStage_RCS_Fixed,46,True,0.016077130496713374,90.0,24.5610494552258,24.362639714402903,0.198409740822897,0.0,0.0
5_u_shaped,OneStage_RCS,46,True,0.009172103499713596,43.0,0.8567555314820077,0.1655865500143416,0.691168981467666,0.024396024191580323,91.61167479290764
5_u_shaped,TwoStage_RCS_DL_HKSJ,47,True,0.13708771787188617,100.0,1241.6800432954458,1241.6800432954458,0.0,6.82732711732333e-07,97.20287372139076
5_u_shaped,TwoStage_RCS_Fixed,47,True,0.16207723040242147,90.0,23.118075116710465,22.97061693693752,0.1474581797729434,0.0,0.0
5_u_shaped,OneStage_RCS,47,True,0.004509701759400808,100.0,0.2790742094551432,0.2790742094551432,0.0,0.07267155759413077,96.77189891934235
5_u_shaped,TwoStage_RCS_DL_HKSJ,48,True,0.014067110514638808,100.0,1415.165216121521,1415.165216121521,0.0,7.21500361444559e-07,97.42443813299995
5_u_shaped,TwoStage_RCS_Fixed,48,True,0.01761621531983796,100.0,24.437504652501598,24.437504652501598,0.0,0.0,0.0
5_u_shaped,OneStage_RCS,48,True,0.0012410971972987505,100.0,0.29407687723233905,0.29407687723233905,0.0,0.08163600720617768,97.00711785879983
5_u_shaped,TwoStage_RCS_DL_HKSJ,49,True,0.021884617750526573,100.0,768.7158224171933,768.7158224171933,0.0,4.1951335642564674e-07,95.25065931878581
5_u_shaped,TwoStage_RCS_Fixed,49,True,0.022744385105714283,90.0,23.707473555731326,23.63960943331662,0.06786412241470752,0.0,0.0
5_u_shaped,OneStage_RCS,49,True,0.0018544710946409206,100.0,0.2156011544254016,0.2156011544254016,0.0,0.04179089004668632,94.43347223499666
6_j_shaped,TwoStage_RCS_DL_HKSJ,0,True,0.8293320069104634,94.0,297.3913044328008,297.29649153478226,0.09481289801848104,1.391768141969682e-07,89.19517178764
6_j_shaped,TwoStage_RCS_Fixed,0,True,0.835114822755639,85.0,24.478103788780512,23.944332840484446,0.5337709482960723,0.0,0.0
6_j_shaped,OneStage_RCS,0,True,0.022637143400596287,0.0,3.3904018030312266,0.13316479005683207,3.257237012974395,0.014681570248326382,85.68973821689835
6_j_shaped,TwoStage_RCS_DL_HKSJ,1,True,0.016114533040542566,100.0,642.3363500519486,642.3363500519486,0.0,3.657504767881629e-07,93.96492340498507
6_j_shaped,TwoStage_RCS_Fixed,1,True,0.019282658480577135,95.0,23.857514586099928,23.847588109469143,0.009926476630788583,0.0,0.0
6_j_shaped,OneStage_RCS,1,True,0.0015844994395244607,100.0,0.215833484299372,0.215833484299372,0.0,0.04224191066403474,94.39649112284836
6_j_shaped,TwoStage_RCS_DL_HKSJ,2,True,0.02536982929573526,100.0,783.0276845765779,783.0276845765779,0.0,3.9145033651323974e-07,95.69622306280472
6_j_shaped,TwoStage_RCS_Fixed,2,True,0.022558903546142327,87.0,23.931669430577394,23.7298689079331,0.20180052264429554,0.0,0.0
6_j_shaped,OneStage_RCS,2,True,0.004536470681875346,93.0,0.2541016923213771,0.23235112008928513,0.021750572232091904,0.04861077404785696,95.23039478629795
6_j_shaped,TwoStage_RCS_DL_HKSJ,3,True,0.03704602960718069,100.0,342.9504547732897,342.9504547732897,0.0,1.5131466449096195e-07,91.05363558063138
6_j_shaped,TwoStage_RCS_Fixed,3,True,0.039168254819664926,90.0,24.142181283018285,24.101320163368545,0.0408611196497388,0.0,0.0
6_j_shaped,OneStage_RCS,3,True,0.001166896631057659,99.0,0.16149099518026713,0.16113867771553467,0.0003523174647324667,0.021415437502961543,90.13103548524762
6_j_shaped,TwoStage_RCS_DL_HKSJ,4,True,0.007577632243856877,100.0,482.669860133547,482.669860133547,0.0,2.60566694568288e-07,93.28700860960359
6_j_shaped,TwoStage_RCS_Fixed,4,True,0.00773917321385577,91.0,22.507278647240334,22.391704360999046,0.11557428624128335,0.0,0.0
6_j_shaped,OneStage_RCS,4,True,0.003488568421263879,100.0,0.18980441056848993,0.18980441056848993,0.0,0.03167109104655797,93.04043328966999
6_j_shaped,TwoStage_RCS_DL_HKSJ,5,True,0.004613835513622983,100.0,733.5071654954758,733.5071654954758,0.0,3.9681759243835006e-07,95.1254440006327
6_j_shaped,TwoStage_RCS_Fixed,5,True,0.005628406491996405,94.0,23.537704545147832,23.496763210371263,0.0409413347765669,0.0,0.0
6_j_shaped,OneStage_RCS,5,True,0.0022182431287988864,100.0,0.20733690616860623,0.20733690616860623,0.0,0.03670730915724532,93.68411617811296
6_j_shaped,TwoStage_RCS_DL_HKSJ,6,True,0.008499390892681863,100.0,724.5143936881124,724.5143936881124,0.0,3.6082841453996916e-07,95.0569973486843
6_j_shaped,TwoStage_RCS_Fixed,6,True,0.007795918458505076,100.0,24.508562846373287,24.508562846373287,0.0,0.0,0.0
6_j_shaped,OneStage_RCS,6,True,0.0007932818558356364,100.0,0.2286332657131284,0.2286332657131284,0.0,0.04822592639024354,95.01844532580279
6_j_shaped,TwoStage_RCS_DL_HKSJ,7,True,0.04303607043884192,100.0,879.947766210311,879.947766210311,0.0,4.522644530831406e-07,96.13505515005971
6_j_shaped,TwoStage_RCS_Fixed,7,True,0.06126324298926205,98.0,23.51884001059109,23.510966786449913,0.007873224141180302,0.0,0.0
6_j_shaped,OneStage_RCS,7,True,0.0014664130041802353,100.0,0.2562020316956249,0.2562020316956249,0.0,0.05898527917835313,96.17706121245222
6_j_shaped,TwoStage_RCS_DL_HKSJ,8,True,0.01711231888744697,100.0,1144.590142439101,1144.590142439101,0.0,5.684699109305171e-07,96.78596496273082
6_j_shaped,TwoStage_RCS_Fixed,8,True,0.022116347301648624,92.0,24.92293505415716,24.87424530877476,0.048689745382397176,0.0,0.0
6_j_shaped,OneStage_RCS,8,True,0.0022303734306092105,100.0,0.2526295728906185,0.2526295728906185,0.0,0.05934584130724771,96.0107310562362
6_j_shaped,TwoStage_RCS_DL_HKSJ,9,True,0.3542853759006415,100.0,916.9167600670344,916.9167600670344,0.0,4.6241074468969565e-07,96.52731137138716
6_j_shaped,TwoStage_RCS_Fixed,9,True,0.4053887367183036,100.0,22.966480659530575,22.966480659530575,0.0,0.0,0.0
6_j_shaped,OneStage_RCS,9,True,0.0033955917394550604,96.0,0.28010744590792186,0.2517275477691904,0.02837989813873145,0.057024004507615446,95.86750741602266
6_j_shaped,TwoStage_RCS_DL_HKSJ,10,True,0.01806926385115554,96.0,936.0787584771301,936.0129083302265,0.06585014690370103,5.090761753266525e-07,96.07583511075843
6_j_shaped,TwoStage_RCS_Fixed,10,True,0.018632448861087204,86.0,24.336592956812886,23.751567694722997,0.5850252620898857,0.0,0.0
6_j_shaped,OneStage_RCS,10,True,0.01901228953249018,32.0,1.0204989651279268,0.24808600923031576,0.7724129558976108,0.055976210204539745,95.6766427814122
6_j_shaped,TwoStage_RCS_DL_HKSJ,11,True,0.016165124953951483,100.0,1892.6394981743658,1892.6394981743658,0.0,8.560202686983965e-07,98.24996445308552
6_j_shaped,TwoStage_RCS_Fixed,11,True,0.026519294966728463,85.0,25.084792157191742,24.733176589666456,0.35161556752528833,0.0,0.0
6_j_shaped,OneStage_RCS,11,True,0.01237859289938404,100.0,0.3489424371852574,0.3489424371852574,0.0,0.11219353961422188,97.87667582392305
6_j_shaped,TwoStage_RCS_DL_HKSJ,12,True,0.0026425342810641943,100.0,495.5327809656326,495.5327809656326,0.0,2.5854752182691174e-07,93.08697493362513
6_j_shaped,TwoStage_RCS_Fixed,12,True,0.0022036969247008877,100.0,23.418901962610633,23.418901962610633,0.0,0.0,0.0
6_j_shaped,OneStage_RCS,12,True,0.0027708075697464116,93.0,0.22292556519973877,0.17535287016308923,0.04757269503664947,0.025029941801919434,91.10348297008353
6_j_shaped,TwoStage_RCS_DL_HKSJ,13,True,0.026352732391371793,100.0,658.4843650189215,658.4843650189215,0.0,3.586045300131777e-07,94.76726981678054
6_j_shaped,TwoStage_RCS_Fixed,13,True,0.038594720161910144,94.0,23.0187737253845,22.989855632423417,0.02891809296108403,0.0,0.0
6_j_shaped,OneStage_RCS,13,True,0.0020603040029146128,100.0,0.20641030717305345,0.20641030717305345,0.0,0.03688120764999625,94.03822671619932
6_j_shaped,TwoStage_RCS_DL_HKSJ,14,True,0.01649685691057153,100.0,731.2465332261152,731.2465332261152,0.0,4.045735691235957e-07,94.9088855519281
6_j_shaped,TwoStage_RCS_Fixed,14,True,0.014501803835212738,100.0,23.708685549998577,23.708685549998577,0.0,0.0,0.0
6_j_shaped,OneStage_RCS,14,True,0.0010331699655015793,100.0,0.21895647265124032,0.21895647265124032,0.0,0.04334730695498762,94.72706298679974
6_j_shaped,TwoStage_RCS_DL_HKSJ,15,True,58.431665556524614,100.0,743.9847755816647,743.9847755816647,0.0,3.6054092299226356e-07,95.13555855858031
6_j_shaped,TwoStage_RCS_Fixed,15,True,11.420000970303557,91.0,25.54551077460862,25.460843726584717,0.08466704802390285,0.0,0.0
6_j_shaped,OneStage_RCS,15,True,0.003553161022894638,100.0,0.2366726161546039,0.2366726161546039,0.0,0.051301182203278936,95.22677277908113
6_j_shaped,TwoStage_RCS_DL_HKSJ,16,True,0.007446702688395276,100.0,926.5344387299058,926.5344387299058,0.0,4.3643705686746293e-07,96.3343955824458
6_j_shaped,TwoStage_RCS_Fixed,16,True,0.008402512137794577,93.0,24.57525691314785,24.541511244400475,0.03374566874737257,0.0,0.0
6_j_shaped,OneStage_RCS,16,True,0.0028320498678494647,100.0,0.2458025582589508,0.2458025582589508,0.0,0.05564969677740087,95.64193864843263
6_j_shaped,TwoStage_RCS_DL_HKSJ,17,True,0.03784401763409709,100.0,639.9520192125634,639.9520192125634,0.0,2.978890527619637e-07,94.83670502658295
6_j_shaped,TwoStage_RCS_Fixed,17,True,0.04458475393554544,90.0,24.525403922139937,24.35074994314899,0.17465397899094248,0.0,0.0
6_j_shaped,OneStage_RCS,17,True,0.008847113190583374,51.0,0.6010257429597605,0.19308183380023106,0.4079439091595294,0.03173022472915818,93.4433584627981
6_j_shaped,TwoStage_RCS_DL_HKSJ,18,True,0.0008336809691549877,100.0,642.1073940122571,642.1073940122571,0.0,3.225007859573303e-07,94.33975988472609
6_j_shaped,TwoStage_RCS_Fixed,18,True,0.0007110481710454518,100.0,24.58600222355769,24.58600222355769,0.0,0.0,0.0
6_j_shaped,OneStage_RCS,18,True,0.0011239607204242246,100.0,0.21989514548741138,0.21989514548741138,0.0,0.043071477965997924,94.42327951308154
6_j_shaped,TwoStage_RCS_DL_HKSJ,19,True,0.0020987937262125604,100.0,923.7331771513625,923.7331771513625,0.0,4.875272860900695e-07,95.82052721300757
6_j_shaped,TwoStage_RCS_Fixed,19,True,0.0026756384772716867,96.0,24.72430907221875,24.719287009535197,0.005022062683557394,0.0,0.0
6_j_shaped,OneStage_RCS,19,True,0.001681522815432574,100.0,0.2358707902909841,0.2358707902909841,0.0,0.05111346519468054,95.36366726903698
6_j_shaped,TwoStage_RCS_DL_HKSJ,20,True,0.06767898812623402,100.0,590.9646635198567,590.9646635198567,0.0,3.2571743833156316e-07,94.71095824007377
6_j_shaped,TwoStage_RCS_Fixed,20,True,0.0712500821261332,99.0,21.765838241129618,21.76541711644125,0.0004211246883689901,0.0,0.0
6_j_shaped,OneStage_RCS,20,True,0.002662011095362068,98.0,0.20486100904147267,0.19860345371239072,0.00625755532908201,0.03551489296356327,93.37333796259661
6_j_shaped,TwoStage_RCS_DL_HKSJ,21,True,0.08241435632600816,100.0,866.016439635385,866.016439635385,0.0,4.0981442016616466e-07,96.05966259328288
6_j_shaped,TwoStage_RCS_Fixed,21,True,0.09055981558430293,95.0,24.556077628676857,24.5434332530555,0.012644375621358188,0.0,0.0
6_j_shaped,OneStage_RCS,21,True,0.0017919820456836907,100.0,0.2242173121485891,0.2242173121485891,0.0,0.044696840016118615,94.7384244197654
6_j_shaped,TwoStage_RCS_DL_HKSJ,22,True,0.09595163087141462,100.0,571.5130349575976,571.5130349575976,0.0,3.358179995929166e-07,94.81837830493872
6_j_shaped,TwoStage_RCS_Fixed,22,True,0.09601229143644545,91.0,20.550191037984167,20.519567887242687,0.030623150741475556,0.0,0.0
6_j_shaped,OneStage_RCS,22,True,0.00805304875311944,87.0,0.4455244517684416,0.2267216064969383,0.21880284527150337,0.03849295097487563,93.93971093266555
6_j_shaped,TwoStage_RCS_DL_HKSJ,23,True,0.0024941388050506467,100.0,536.3766634435876,536.3766634435876,0.0,2.874431826868321e-07,93.95472199225688
6_j_shaped,TwoStage_RCS_Fixed,23,True,0.0026221775851516353,89.0,22.556073935659047,22.48212350692585,0.07395042873319375,0.0,0.0
6_j_shaped,OneStage_RCS,23,True,0.0017787964901635161,100.0,0.1951898134353396,0.1951898134353396,0.0,0.03372792928928384,93.06793270382946
6_j_shaped,TwoStage_RCS_DL_HKSJ,24,True,0.00943269220468833,100.0,1498.5724064253372,1498.5724064253372,0.0,8.222165309891679e-07,97.51853637105188
6_j_shaped,TwoStage_RCS_Fixed,24,True,0.006864323408215145,100.0,23.79409239877411,23.79409239877411,0.0,0.0,0.0
6_j_shaped,OneStage_RCS,24,True,0.0009548928906723358,100.0,0.3025564423528467,0.3025564423528467,0.0,0.08630868513271299,97.20013254733232
6_j_shaped,TwoStage_RCS_DL_HKSJ,25,True,0.02077957124799394,95.0,440.06675784291036,440.04649203479755,0.020265808112780937,2.2570918429606528e-07,92.10930089229659
6_j_shaped,TwoStage_RCS_Fixed,25,True,0.019554596219636487,86.0,24.189741678744408,23.77973775978933,0.4100039189550795,0.0,0.0
6_j_shaped,OneStage_RCS,25,True,0.01553973521025106,36.0,1.4255433004020162,0.18003097843546498,1.2455123219665512,0.02797410510368218,91.79663093227394
6_j_shaped,TwoStage_RCS_DL_HKSJ,26,True,0.030120462465519228,96.0,1300.0556874843014,1299.9829118850694,0.072775599232058,6.512127482893568e-07,97.5010290236686
6_j_shaped,TwoStage_RCS_Fixed,26,True,0.03070877684094068,85.0,24.122440912315064,23.27500798864927,0.8474329236657911,0.0,0.0
6_j_shaped,OneStage_RCS,26,True,0.030960957797525338,21.0,1.8383148091731214,0.27637421565170084,1.561940593521421,0.07139144998465292,96.72557723591248
6_j_shaped,TwoStage_RCS_DL_HKSJ,27,True,0.0026307933054161604,100.0,851.3981841658393,851.3981841658393,0.0,4.2456286590050063e-07,96.09198678714505
6_j_shaped,TwoStage_RCS_Fixed,27,True,0.003054178644087623,93.0,23.659004073454163,23.60861229079093,0.050391782663230945,0.0,0.0
6_j_shaped,OneStage_RCS,27,True,0.001906546646613226,100.0,0.23107812679373868,0.23107812679373868,0.0,0.04748060678433997,94.93539586537229
6_j_shaped,TwoStage_RCS_DL_HKSJ,28,True,0.007277782645373634,100.0,598.4051545214382,598.4051545214382,0.0,3.17838521614352e-07,93.92805880791254
6_j_shaped,TwoStage_RCS_Fixed,28,True,0.00800134813943348,91.0,23.95853858442805,23.904929000925435,0.05360958350261636,0.0,0.0
6_j_shaped,OneStage_RCS,28,True,0.0030458029401603326,95.0,0.21629042984238323,0.19713482928687348,0.01915560055550971,0.03467037037199617,93.21393335015274
6_j_shaped,TwoStage_RCS_DL_HKSJ,29,True,0.008632064285843104,100.0,394.5444981462416,394.5444981462416,0.0,1.6799060286192055e-07,91.98662298392148
6_j_shaped,TwoStage_RCS_Fixed,29,True,0.008408846134156756,90.0,25.07866404384094,24.90486935073843,0.173794693102505,0.0,0.0
6_j_shaped,OneStage_RCS,29,True,0.0039344324712114525,71.0,0.2482813377478297,0.1626576717547251,0.08562366599310461,0.023510276162152576,90.61778818482387
6_j_shaped,TwoStage_RCS_DL_HKSJ,30,True,0.02082247194029586,100.0,589.8955043471283,589.8955043471283,0.0,3.0326279927336307e-07,93.98451398225454
6_j_shaped,TwoStage_RCS_Fixed,30,True,0.024360198848878016,93.0,24.080132985995032,24.012004492741585,0.06812849325344826,0.0,0.0
6_j_shaped,OneStage_RCS,30,True,0.001240533188494665,100.0,0.19390647703833622,0.19390647703833622,0.0,0.032115910749582005,93.02626582303016
6_j_shaped,TwoStage_RCS_DL_HKSJ,31,True,0.031106385219949705,100.0,376.2061009497234,376.2061009497234,0.0,2.1978733484002616e-07,91.04482812074735
6_j_shaped,TwoStage_RCS_Fixed,31,True,0.036797674012922034,99.0,21.948479230786166,21.947977059319268,0.0005021714668959843,0.0,0.0
6_j_shaped,OneStage_RCS,31,True,0.002562003221203422,92.0,0.24253927207384257,0.16903834256969527,0.07350092950414729,0.02444647809028659,91.19285485410664
6_j_shaped,TwoStage_RCS_DL_HKSJ,32,True,0.00810848453832069,100.0,417.23867686602136,417.23867686602136,0.0,2.1484138594908848e-07,91.25030759552513
6_j_shaped,TwoStage_RCS_Fixed,32,True,0.008238031879073775,89.0,24.42521863676693,24.33569403411598,0.08952460265094368,0.0,0.0
6_j_shaped,OneStage_RCS,32,True,0.003705356713206291,80.0,0.28847936177821476,0.16824632152102612,0.12023304025718859,0.02431409932286772,90.80452828386892
6_j_shaped,TwoStage_RCS_DL_HKSJ,33,True,0.003116568901475182,100.0,1239.9847156911915,1239.9847156911915,0.0,6.333073307719068e-07,96.9573402683112
6_j_shaped,TwoStage_RCS_Fixed,33,True,0.0030943484427857805,90.0,24.91984427255347,24.840766671334688,0.07907760121877999,0.0,0.0
6_j_shaped,OneStage_RCS,33,True,0.006088648462328705,96.0,0.27727601395047663,0.26648579634595443,0.010790217604522225,0.06600974826161327,96.52049004893017
6_j_shaped,TwoStage_RCS_DL_HKSJ,34,True,0.07822216485552598,96.0,397.8451569331394,397.8302210183534,0.014935914786068228,1.9356662614715024e-07,91.66189327006705
6_j_shaped,TwoStage_RCS_Fixed,34,True,0.08596993453857955,86.0,24.252583393850852,23.864207042493184,0.38837635135766463,0.0,0.0
6_j_shaped,OneStage_RCS,34,True,0.009308553353895741,46.0,0.8051104111941043,0.16575679025665618,0.6393536209374482,0.02299720602848646,90.47892876180586
6_j_shaped,TwoStage_RCS_DL_HKSJ,35,True,0.007901463079183248,96.0,778.1563826407811,778.1079391170127,0.04844352376835795,4.570473853612216e-07,95.20036921113766
6_j_shaped,TwoStage_RCS_Fixed,35,True,0.007797384451877418,85.0,23.682105757642997,23.04629147957823,0.6358142780647654,0.0,0.0
6_j_shaped,OneStage_RCS,35,True,0.024123319075734867,25.0,1.7103375541716233,0.22920499174638015,1.4811325624252425,0.04676311689627517,94.97359943198963
6_j_shaped,TwoStage_RCS_DL_HKSJ,36,True,0.01337530238000027,100.0,615.8550473733088,615.8550473733088,0.0,2.7392572476489586e-07,94.63014847685015
6_j_shaped,TwoStage_RCS_Fixed,36,True,0.01586291912791386,93.0,24.975591978208595,24.921197882990022,0.05439409521857631,0.0,0.0
6_j_shaped,OneStage_RCS,36,True,0.0014157472145960323,100.0,0.20549843346896102,0.20549843346896102,0.0,0.03752044114347506,93.66455552740783
6_j_shaped,TwoStage_RCS_DL_HKSJ,37,True,0.00445903418651707,100.0,381.84000099489674,381.84000099489674,0.0,1.6423940147659655e-07,92.01448322203557
6_j_shaped,TwoStage_RCS_Fixed,37,True,0.0044822768050258,95.0,24.342611242683244,24.334190474779945,0.008420767903298399,0.0,0.0
6_j_shaped,OneStage_RCS,37,True,0.0029693030701171434,100.0,0.1669058239931249,0.1669058239931249,0.0,0.024216366370203843,90.82578893802578
6_j_shaped,TwoStage_RCS_DL_HKSJ,38,True,0.017933353303762275,100.0,635.4900435828542,635.4900435828542,0.0,2.8554642608259695e-07,94.73026224626496
6_j_shaped,TwoStage_RCS_Fixed,38,True,0.018475585077168,85.0,25.3587964402519,24.95111808787651,0.4076783523753909,0.0,0.0
6_j_shaped,OneStage_RCS,38,True,0.011693112205404426,59.0,0.5739888565887141,0.21122206663857226,0.3627667899501417,0.04014178757038252,94.03753346460077
6_j_shaped,TwoStage_RCS_DL_HKSJ,39,True,0.007161515712056778,100.0,1137.67781726341,1137.67781726341,0.0,5.836021908724397e-07,96.90958090076664
6_j_shaped,TwoStage_RCS_Fixed,39,True,0.006242895291008719,100.0,23.927491843143354,23.927491843143354,0.0,0.0,0.0
6_j_shaped,OneStage_RCS,39,True,0.002526634069957695,100.0,0.2697060838687439,0.2697060838687439,0.0,0.06757538207898388,96.4505453160032
6_j_shaped,TwoStage_RCS_DL_HKSJ,40,True,0.01279471227582777,100.0,466.0504643204315,466.0504643204315,0.0,2.2582316817672892e-07,92.50218495318572
6_j_shaped,TwoStage_RCS_Fixed,40,True,0.012173920057045205,92.0,24.575572208107324,24.543906576108043,0.031665631999284634,0.0,0.0
6_j_shaped,OneStage_RCS,40,True,0.0029414306076582996,91.0,0.20421702638757513,0.16889401969186235,0.035323006695712776,0.02398857674143212,90.44783676863375
6_j_shaped,TwoStage_RCS_DL_HKSJ,41,True,0.032016878851201164,100.0,1346.4358556201903,1346.4358556201903,0.0,6.853734202550557e-07,97.40419598863335
6_j_shaped,TwoStage_RCS_Fixed,41,True,0.03725165590144226,88.0,24.087580230206978,23.949031825199718,0.13854840500725715,0.0,0.0
6_j_shaped,OneStage_RCS,41,True,0.0034672847162137335,100.0,0.27980298395734127,0.27980298395734127,0.0,0.073172067971454,96.69556501106678
6_j_shaped,TwoStage_RCS_DL_HKSJ,42,True,0.004569266859004384,100.0,957.7069334749858,957.7069334749858,0.0,5.127108214592279e-07,96.41268417916542
6_j_shaped,TwoStage_RCS_Fixed,42,True,0.00491440479203831,94.0,23.17323082582513,23.1533032546682,0.019927571156931577,0.0,0.0
6_j_shaped,OneStage_RCS,42,True,0.005132440851179529,100.0,0.249877330005182,0.249877330005182,0.0,0.05806652120662639,95.80091166658634
6_j_shaped,TwoStage_RCS_DL_HKSJ,43,True,0.0026895422154870844,100.0,836.5012331785119,836.5012331785119,0.0,4.2222780840846743e-07,95.8607988051282
6_j_shaped,TwoStage_RCS_Fixed,43,True,0.0033027925544180507,92.0,23.980789754190212,23.93747762755624,0.04331212663397391,0.0,0.0
6_j_shaped,OneStage_RCS,43,True,0.0017650045827210944,100.0,0.22973929412786454,0.22973929412786454,0.0,0.04809465146626977,95.07052452288333
6_j_shaped,TwoStage_RCS_DL_HKSJ,44,True,0.04879246360378228,100.0,504.5879356448269,504.5879356448269,0.0,2.4726709538789965e-07,93.53123011670182
6_j_shaped,TwoStage_RCS_Fixed,44,True,0.05169479615574815,90.0,23.662889715248546,23.58811946473801,0.07477025051053404,0.0,0.0
6_j_shaped,OneStage_RCS,44,True,0.009871784329592445,79.0,0.8971661778429767,0.19131319912569514,0.7058529787172815,0.03156448264669441,92.59043089634189
6_j_shaped,TwoStage_RCS_DL_HKSJ,45,True,0.0994249127817954,100.0,592.1212812815288,592.1212812815288,0.0,2.951443658490618e-07,94.55282317593338
6_j_shaped,TwoStage_RCS_Fixed,45,True,0.09565438049141753,100.0,23.249369776017215,23.249369776017215,0.0,0.0,0.0
6_j_shaped,OneStage_RCS,45,True,0.0012349269916982508,100.0,0.20466560799861352,0.20466560799861352,0.0,0.037346672453924874,93.90661889968125
6_j_shaped,TwoStage_RCS_DL_HKSJ,46,True,0.025377332029139422,100.0,441.59442507594184,441.59442507594184,0.0,1.9309599008537493e-07,92.96397052077653
6_j_shaped,TwoStage_RCS_Fixed,46,True,0.026688850074608465,86.0,24.647804021101283,24.362639714402903,0.28516430669838244,0.0,0.0
6_j_shaped,OneStage_RCS,46,True,0.010751983523341623,3.0,1.0742034552228157,0.157079832326108,0.9171236228967077,0.02172120642467213,90.63472591030757
6_j_shaped,TwoStage_RCS_DL_HKSJ,47,True,0.08849673286464382,100.0,1245.6981246297316,1245.6981246297316,0.0,6.889454875787518e-07,97.19560003546076
6_j_shaped,TwoStage_RCS_Fixed,47,True,0.11876776136217414,86.0,23.205648934316567,22.97061693693752,0.2350319973790471,0.0,0.0
6_j_shaped,OneStage_RCS,47,True,0.0064724357313239176,100.0,0.27900310797472794,0.27900310797472794,0.0,0.07263284974485745,96.77572185801037
6_j_shaped,TwoStage_RCS_DL_HKSJ,48,True,0.0021796448815787593,100.0,1385.5686129240971,1385.5686129240971,0.0,7.16564981531616e-07,97.3316102307394
6_j_shaped,TwoStage_RCS_Fixed,48,True,0.004626233299768091,100.0,24.437504652501598,24.437504652501598,0.0,0.0,0.0
6_j_shaped,OneStage_RCS,48,True,0.0014979321206120355,100.0,0.29253730119059446,0.29253730119059446,0.0,0.08075470437489336,96.96223644435787
6_j_shaped,TwoStage_RCS_DL_HKSJ,49,True,0.007952865551628335,100.0,827.1751454718705,827.1751454718705,0.0,4.6423769210074814e-07,95.46096127554672
6_j_shaped,TwoStage_RCS_Fixed,49,True,0.009013944606130008,94.0,23.674920528915447,23.63960943331662,0.03531109559882778,0.0,0.0
6_j_shaped,OneStage_RCS,49,True,0.002010057154950706,100.0,0.22392983099676098,0.22392983099676098,0.0,0.04535660022163923,94.83518345071073
7_quadratic_dose_dep_het,TwoStage_RCS_DL_HKSJ,0,True,0.025691078853770498,100.0,408.22076368794404,408.22076368794404,0.0,2.2098865281263396e-07,90.24660718564736
7_quadratic_dose_dep_het,TwoStage_RCS_Fixed,0,True,0.024989088589163506,99.0,24.790513845947896,24.790288224401817,0.00022562154607855267,0.0,0.0
7_quadratic_dose_dep_het,OneStage_RCS,0,True,0.004415741027462982,88.0,0.28252062173688963,0.2271615355001968,0.0553590862366929,0.04607553152038635,94.63777887542017
7_quadratic_dose_dep_het,TwoStage_RCS_DL_HKSJ,1,True,0.002295695637912458,100.0,486.08000734499495,486.08000734499495,0.0,3.3564478674292773e-07,90.15733973504697
7_quadratic_dose_dep_het,TwoStage_RCS_Fixed,1,True,0.0020222045892325535,100.0,24.05811215866713,24.05811215866713,0.0,0.0,0.0
7_quadratic_dose_dep_het,OneStage_RCS,1,True,0.0009003485768700346,93.0,0.12539705647350496,0.0995719795831773,0.025825076890327665,0.007029470949513805,96.41017210382789
7_quadratic_dose_dep_het,TwoStage_RCS_DL_HKSJ,2,True,0.03303781941543209,100.0,414.754627694925,414.754627694925,0.0,3.2330184768873834e-07,86.13564805108615
7_quadratic_dose_dep_het,TwoStage_RCS_Fixed,2,True,0.0324165764851486,89.0,24.957876551616177,24.823509485289016,0.1343670663271633,0.0,0.0
7_quadratic_dose_dep_het,OneStage_RCS,2,True,0.0063213081569686415,18.0,1.3572550783618584,0.09725028611002635,1.260004792251832,0.006438171430128177,96.04177132839855
7_quadratic_dose_dep_het,TwoStage_RCS_DL_HKSJ,3,True,0.008973948740319475,100.0,265.5475882626526,265.5475882626526,0.0,1.865470348356767e-07,83.52796065417002
7_quadratic_dose_dep_het,TwoStage_RCS_Fixed,3,True,0.012183302719698932,93.0,22.85961656740057,22.832780508450718,0.026836058949851714,0.0,0.0
7_quadratic_dose_dep_het,OneStage_RCS,3,True,0.01585917383630862,25.0,2.2331909853279504,0.08194876935690429,2.151242215971046,0.002783584620194387,91.47780308238497
7_quadratic_dose_dep_het,TwoStage_RCS_DL_HKSJ,4,True,0.0024476327457224755,100.0,433.9853106347925,433.9853106347925,0.0,3.961105547551434e-07,85.33945969992983
7_quadratic_dose_dep_het,TwoStage_RCS_Fixed,4,True,0.002689210123038159,100.0,24.130744708621386,24.130744708621386,0.0,0.0,0.0
7_quadratic_dose_dep_het,OneStage_RCS,4,True,0.00036400078711994606,100.0,0.27730456095472794,0.27730456095472794,0.0,0.07116524159219484,96.43686858526983
7_quadratic_dose_dep_het,TwoStage_RCS_DL_HKSJ,5,True,0.001491388654949893,100.0,452.01371914880025,452.01371914880025,0.0,2.35536944705111e-07,91.55058541879414
7_quadratic_dose_dep_het,TwoStage_RCS_Fixed,5,True,0.0017279198388135152,92.0,24.76440149799954,24.74343670344831,0.020964794551226414,0.0,0.0
7_quadratic_dose_dep_het,OneStage_RCS,5,True,0.002619911634898383,100.0,0.2458220799525203,0.2458220799525203,0.0,0.05574578945515541,95.47576862211358
7_quadratic_dose_dep_het,TwoStage_RCS_DL_HKSJ,6,True,0.010851809300215285,100.0,268.2678984364655,268.2678984364655,0.0,2.1672077868774902e-07,79.57004005417718
7_quadratic_dose_dep_het,TwoStage_RCS_Fixed,6,True,0.009082137838440271,100.0,23.805497930635116,23.805497930635116,0.0,0.0,0.0
7_quadratic_dose_dep_het,OneStage_RCS,6,True,0.006205468700793291,15.0,1.2601575370906593,0.09687150840658354,1.163286028684076,0.005818307729153614,95.72061987416748
7_quadratic_dose_dep_het,TwoStage_RCS_DL_HKSJ,7,True,0.11841781810020416,100.0,626.4659541874645,626.4659541874645,0.0,3.521641438380823e-07,94.03370429899002
7_quadratic_dose_dep_het,TwoStage_RCS_Fixed,7,True,0.11639483724416615,100.0,23.56707887522863,23.56707887522863,0.0,0.0,0.0
7_quadratic_dose_dep_het,OneStage_RCS,7,True,0.024711828752316065,78.0,1.6735002673307908,0.2301095112422129,1.443390756088578,0.04829656442232334,95.12746349196557
7_quadratic_dose_dep_het,TwoStage_RCS_DL_HKSJ,8,True,0.6165110000764665,100.0,284.30648655622036,284.30648655622036,0.0,2.968329938600479e-07,76.81962677495486
7_quadratic_dose_dep_het,TwoStage_RCS_Fixed,8,True,0.6175431504839841,100.0,22.963099118616864,22.963099118616864,0.0,0.0,0.0
7_quadratic_dose_dep_het,OneStage_RCS,8,True,0.02413389219231979,59.0,2.631092265049217,0.09749932455982047,2.5335929404893966,0.00583187170676693,95.79487627439673
7_quadratic_dose_dep_het,TwoStage_RCS_DL_HKSJ,9,True,0.016356273632467937,100.0,347.89226644410576,347.89226644410576,0.0,3.096363784360974e-07,82.26531203893644
7_quadratic_dose_dep_het,TwoStage_RCS_Fixed,9,True,0.017648743487407585,92.0,24.133433058445004,24.063739751194362,0.06969330725063956,0.0,0.0
7_quadratic_dose_dep_het,OneStage_RCS,9,True,0.004584383452442388,100.0,0.22786648006064472,0.22786648006064472,0.0,0.04664643372998201,94.9642766796168
7_quadratic_dose_dep_het,TwoStage_RCS_DL_HKSJ,10,True,0.04650019338783935,100.0,608.7219126228357,608.7219126228357,0.0,3.782229354863319e-07,92.60496606707153
7_quadratic_dose_dep_het,TwoStage_RCS_Fixed,10,True,0.039473208239268136,100.0,24.60102884709795,24.60102884709795,0.0,0.0,0.0
7_quadratic_dose_dep_het,OneStage_RCS,10,True,0.003484966345393732,100.0,0.3163931100605911,0.3163931100605911,0.0,0.0946734019581674,97.32286184153892
7_quadratic_dose_dep_het,TwoStage_RCS_DL_HKSJ,11,True,0.0027627980172442506,100.0,485.79783782849864,485.79783782849864,0.0,3.368370767368001e-07,89.77211745496156
7_quadratic_dose_dep_het,TwoStage_RCS_Fixed,11,True,0.0018907528279851385,92.0,24.529322821659253,24.46618885869728,0.0631339629619652,0.0,0.0
7_quadratic_dose_dep_het,OneStage_RCS,11,True,0.00338176597621612,100.0,0.2705318102625899,0.2705318102625899,0.0,0.06712029332294366,96.2202740597978
7_quadratic_dose_dep_het,TwoStage_RCS_DL_HKSJ,12,True,0.0032332219144963264,100.0,194.05232948308267,194.05232948308267,0.0,1.1663888270562944e-07,77.87141436575882
7_quadratic_dose_dep_het,TwoStage_RCS_Fixed,12,True,0.003324074150787698,99.0,24.42833332429313,24.42830830909101,2.5015202124448187e-05,0.0,0.0
7_quadratic_dose_dep_het,OneStage_RCS,12,True,0.0034504790064094847,96.0,0.21821538246157368,0.21595042627912847,0.0022649561824451938,0.0429107212148833,94.21959186512746
7_quadratic_dose_dep_het,TwoStage_RCS_DL_HKSJ,13,True,0.01771235173272609,100.0,508.3479449854957,508.3479449854957,0.0,3.3444409154821787e-07,91.78612965877075
7_quadratic_dose_dep_het,TwoStage_RCS_Fixed,13,True,0.01212477658644748,92.0,23.05465267361238,23.025821243538317,0.028831430074063268,0.0,0.0
7_quadratic_dose_dep_het,OneStage_RCS,13,True,0.0009485287387927889,100.0,0.2202591810015614,0.2202591810015614,0.0,0.04335877030621648,94.37018383359184
7_quadratic_dose_dep_het,TwoStage_RCS_DL_HKSJ,14,True,0.02167518138164071,100.0,344.51683809273544,344.51683809273544,0.0,2.0658679316954454e-07,88.78311129962516
7_quadratic_dose_dep_het,TwoStage_RCS_Fixed,14,True,0.028095368812841946,100.0,23.205178608252723,23.205178608252723,0.0,0.0,0.0
7_quadratic_dose_dep_het,OneStage_RCS,14,True,0.0021481259461838017,76.0,0.4005682135474176,0.08263451505841775,0.31793369848899994,0.0037749072748219223,93.51840510901586
7_quadratic_dose_dep_het,TwoStage_RCS_DL_HKSJ,15,True,0.00511948043060503,100.0,233.4116218487939,233.4116218487939,0.0,1.1635040094399522e-07,85.44569783844331
7_quadratic_dose_dep_het,TwoStage_RCS_Fixed,15,True,0.0051578238237377,100.0,23.859400254792234,23.859400254792234,0.0,0.0,0.0
7_quadratic_dose_dep_het,OneStage_RCS,15,True,0.011330178107267188,52.0,1.6654189602902385,0.08439314093144631,1.5810258193587925,0.002408686119015185,90.431149670234
7_quadratic_dose_dep_het,TwoStage_RCS_DL_HKSJ,16,True,0.004252685100457382,100.0,434.16217570555347,434.16217570555347,0.0,2.467713261450632e-07,90.52542149734396
7_quadratic_dose_dep_het,TwoStage_RCS_Fixed,16,True,0.0044874618140123244,93.0,24.59405453096414,24.587425335744356,0.006629195219781252,0.0,0.0
7_quadratic_dose_dep_het,OneStage_RCS,16,True,0.00809376243409325,76.0,0.3267106504352246,0.24968183606097882,0.07702881437424582,0.057262531400929205,95.62805148220447
7_quadratic_dose_dep_het,TwoStage_RCS_DL_HKSJ,17,True,0.0005880751780078474,100.0,314.7655036129287,314.7655036129287,0.0,1.8566996833245782e-07,86.17400693588692
7_quadratic_dose_dep_het,TwoStage_RCS_Fixed,17,True,0.0005472255157840609,95.0,24.830338486468044,24.824958578710476,0.005379907757570718,0.0,0.0
7_quadratic_dose_dep_het,OneStage_RCS,17,True,0.0005241108351713872,88.0,0.08989308963497863,0.08326018504524395,0.0066329045897347005,0.004383893068145994,94.27329609864705
7_quadratic_dose_dep_het,TwoStage_RCS_DL_HKSJ,18,True,0.00239555179308677,100.0,877.927898104806,877.927898104806,0.0,5.284345134731443e-07,94.95598285933144
7_quadratic_dose_dep_het,TwoStage_RCS_Fixed,18,True,0.0016370167672231746,100.0,24.79029603609712,24.79029603609712,0.0,0.0,0.0
7_quadratic_dose_dep_het,OneStage_RCS,18,True,0.0016559327526499198,90.0,0.10843087415164204,0.10527242579957301,0.0031584483520690322,0.007655305245672404,96.68542623290524
7_quadratic_dose_dep_het,TwoStage_RCS_DL_HKSJ,19,True,0.004036150081571558,100.0,624.8976506824486,624.8976506824486,0.0,3.7656349776003685e-07,92.81886348258809
7_quadratic_dose_dep_het,TwoStage_RCS_Fixed,19,True,0.0037606989135357516,92.0,24.973035104618475,24.940972545519273,0.03206255909920943,0.0,0.0
7_quadratic_dose_dep_het,OneStage_RCS,19,True,0.00427353200397088,100.0,0.26133097532999555,0.26133097532999555,0.0,0.0637708367932037,96.05575987604679
7_quadratic_dose_dep_het,TwoStage_RCS_DL_HKSJ,20,True,0.0006001684196905968,100.0,448.85668348258497,448.85668348258497,0.0,3.075022907412875e-07,88.68456547403137
7_quadratic_dose_dep_het,TwoStage_RCS_Fixed,20,True,0.0006002536009179862,92.0,24.90435046041979,24.885399805089698,0.018950655330090094,0.0,0.0
7_quadratic_dose_dep_het,OneStage_RCS,20,True,0.0040184308521244196,49.0,0.6943693451262178,0.09305170916452153,0.6013176359616963,0.006164981029660695,95.82505458927383
7_quadratic_dose_dep_het,TwoStage_RCS_DL_HKSJ,21,True,0.008039359635302942,100.0,362.9370902892515,362.9370902892515,0.0,2.0901533248206732e-07,89.4046807778741
7_quadratic_dose_dep_het,TwoStage_RCS_Fixed,21,True,0.008126154308641774,95.0,23.626433898791035,23.617245587034773,0.00918831175625716,0.0,0.0
7_quadratic_dose_dep_het,OneStage_RCS,21,True,0.013498135279914097,52.0,0.942020213695536,0.23306048385640016,0.7089597298391357,0.049298745457088296,95.05912250532684
7_quadratic_dose_dep_het,TwoStage_RCS_DL_HKSJ,22,True,0.8786701488295583,100.0,346.13937317702386,346.13937317702386,0.0,1.7803796152762668e-07,90.71529988327228
7_quadratic_dose_dep_het,TwoStage_RCS_Fixed,22,True,0.8669794235623729,95.0,22.866673638860103,22.84710787561921,0.01956576324089366,0.0,0.0
7_quadratic_dose_dep_het,OneStage_RCS,22,True,0.017514038150883978,80.0,1.2139617373460219,0.264478100703871,0.9494836366421506,0.06542815760539981,96.53729706846143
7_quadratic_dose_dep_het,TwoStage_RCS_DL_HKSJ,23,True,0.0003882013069786033,100.0,347.20537191385927,347.20537191385927,0.0,2.222121797281521e-07,88.23218892177215
7_quadratic_dose_dep_het,TwoStage_RCS_Fixed,23,True,0.0006037620203886555,99.0,23.093870570823302,23.0933309095757,0.0005396612476041646,0.0,0.0
7_quadratic_dose_dep_het,OneStage_RCS,23,True,0.0012891539597381968,77.0,0.0968493548929324,0.08466593311178192,0.012183421781150472,0.004160934011701745,94.11345712125778
7_quadratic_dose_dep_het,TwoStage_RCS_DL_HKSJ,24,True,0.029672548806584133,100.0,285.81626087974723,285.81626087974723,0.0,1.855377010848722e-07,85.26841281951161
7_quadratic_dose_dep_het,TwoStage_RCS_Fixed,24,True,0.0297285940120418,93.0,23.308439984570924,23.276702027445364,0.03173795712556084,0.0,0.0
7_quadratic_dose_dep_het,OneStage_RCS,24,True,0.005479632468994804,34.0,1.2692700239954262,0.0901572986951304,1.1791127253002958,0.00485336353384228,94.87006752821064
7_quadratic_dose_dep_het,TwoStage_RCS_DL_HKSJ,25,True,0.0078000812844983,100.0,303.16429282937474,303.16429282937474,0.0,2.5781775823954085e-07,81.4465951404256
7_quadratic_dose_dep_het,TwoStage_RCS_Fixed,25,True,0.006954980070158092,98.0,23.505828878218814,23.504874242089908,0.0009546361289057087,0.0,0.0
7_quadratic_dose_dep_het,OneStage_RCS,25,True,0.003814207041551804,28.999999999999996,0.9777692284746078,0.07542316603580243,0.9023460624388054,0.002990808090903097,92.0650739987111
7_quadratic_dose_dep_het,TwoStage_RCS_DL_HKSJ,26,True,0.02030282153478367,96.0,324.0917422935479,324.07110312486185,0.020639168686034787,2.4301994746836404e-07,83.24633429054968
7_quadratic_dose_dep_het,TwoStage_RCS_Fixed,26,True,0.018247033897521095,92.0,24.709958640963794,24.592519199158822,0.11743944180497284,0.0,0.0
7_quadratic_dose_dep_het,OneStage_RCS,26,True,0.0015734894252377887,100.0,0.22382041682882522,0.22382041682882522,0.0,0.044224085192879105,94.55491113160727
7_quadratic_dose_dep_het,TwoStage_RCS_DL_HKSJ,27,True,0.0022257028354293537,100.0,353.1465038106372,353.1465038106372,0.0,1.8635356384755496e-07,89.41118736684032
7_quadratic_dose_dep_het,TwoStage_RCS_Fixed,27,True,0.002845093550266753,89.0,24.419586147838928,24.329517918571177,0.09006822926775042,0.0,0.0
7_quadratic_dose_dep_het,OneStage_RCS,27,True,0.013080879103340316,19.0,2.136159173881843,0.08508681593553147,2.0510723579463117,0.003942181786524074,93.8249654625851
7_quadratic_dose_dep_het,TwoStage_RCS_DL_HKSJ,28,True,0.07498554625082264,100.0,374.37261929070996,374.37261929070996,0.0,3.0953729611812953e-07,86.98555327057507
7_quadratic_dose_dep_het,TwoStage_RCS_Fixed,28,True,0.0616309841552724,100.0,22.187031418142855,22.187031418142855,0.0,0.0,0.0
7_quadratic_dose_dep_het,OneStage_RCS,28,True,0.0037802360575074968,92.0,0.31333898653284464,0.23986074800737808,0.07347823852546659,0.05136973351479525,95.30672905719241
7_quadratic_dose_dep_het,TwoStage_RCS_DL_HKSJ,29,True,0.0064749903702192475,100.0,471.8068781988199,471.8068781988199,0.0,3.2018681257420436e-07,89.93033852718933
7_quadratic_dose_dep_het,TwoStage_RCS_Fixed,29,True,0.007114712802537036,100.0,24.1822419867736,24.1822419867736,0.0,0.0,0.0
7_quadratic_dose_dep_het,OneStage_RCS,29,True,0.0009331558023532715,100.0,0.24098204289893727,0.24098204289893727,0.0,0.05327024640718681,95.36867563393146
7_quadratic_dose_dep_het,TwoStage_RCS_DL_HKSJ,30,True,0.032511084317427115,100.0,419.4000798435409,419.4000798435409,0.0,2.362978380798212e-07,90.05761872571432
7_quadratic_dose_dep_het,TwoStage_RCS_Fixed,30,True,0.030434436527893332,96.0,24.869718838145424,24.866199160336677,0.0035196778087501434,0.0,0.0
7_quadratic_dose_dep_het,OneStage_RCS,30,True,0.003969372568626445,33.0,0.7593559922892049,0.08728352528195611,0.6720724670072488,0.004139953694454842,94.12677029544345
7_quadratic_dose_dep_het,TwoStage_RCS_DL_HKSJ,31,True,0.13815819625538672,100.0,309.11111089798135,309.11111089798135,0.0,2.413405059605691e-07,83.09769018784417
7_quadratic_dose_dep_het,TwoStage_RCS_Fixed,31,True,0.12990849186971254,100.0,23.64292583667082,23.64292583667082,0.0,0.0,0.0
7_quadratic_dose_dep_het,OneStage_RCS,31,True,0.0056760092414997795,13.0,0.982685531071584,0.0946379880190003,0.8880475430525836,0.004055445397268915,94.00686740361778
7_quadratic_dose_dep_het,TwoStage_RCS_DL_HKSJ,32,True,0.007342282552906973,98.0,226.98024971694213,226.9756876052414,0.004562111700769198,1.7544996708375503e-07,75.00345756967373
7_quadratic_dose_dep_het,TwoStage_RCS_Fixed,32,True,0.008036924486719383,93.0,24.81851937937487,24.760811718119747,0.057707661255123346,0.0,0.0
7_quadratic_dose_dep_het,OneStage_RCS,32,True,0.004732831749485692,82.0,0.48116938828281336,0.18353797432091715,0.2976314139618961,0.029585740659437414,92.01264216210889
7_quadratic_dose_dep_het,TwoStage_RCS_DL_HKSJ,33,True,0.003809055890645383,98.0,427.93384426580883,427.9318546577621,0.001989608046697247,2.2751760080173108e-07,91.37606334384898
7_quadratic_dose_dep_het,TwoStage_RCS_Fixed,33,True,0.004897288074636902,87.0,24.361349530166603,24.07982933146961,0.28152019869699335,0.0,0.0
7_quadratic_dose_dep_het,OneStage_RCS,33,True,0.02352320946885387,63.0,1.5550502825925543,0.23421826896870637,1.3208320136238478,0.04927245147982043,95.06430302389184
7_quadratic_dose_dep_het,TwoStage_RCS_DL_HKSJ,34,True,0.0027266987491905044,100.0,322.5812257687206,322.5812257687206,0.0,2.6669409659616677e-07,82.026501222549
7_quadratic_dose_dep_het,TwoStage_RCS_Fixed,34,True,0.003285039046602745,100.0,24.203423647456443,24.203423647456443,0.0,0.0,0.0
7_quadratic_dose_dep_het,OneStage_RCS,34,True,0.002384216840707415,66.0,0.3723091034656102,0.08795562815369128,0.28435347531191885,0.004858217525841146,94.82708454395605
7_quadratic_dose_dep_het,TwoStage_RCS_DL_HKSJ,35,True,0.010395217232555255,100.0,289.63043732742295,289.63043732742295,0.0,2.670085762039297e-07,78.74923586373806
7_quadratic_dose_dep_het,TwoStage_RCS_Fixed,35,True,0.00970364815075902,100.0,23.615315903678006,23.615315903678006,0.0,0.0,0.0
7_quadratic_dose_dep_het,OneStage_RCS,35,True,0.0047425975360920174,92.0,0.2175478368622928,0.20495010766280333,0.012597729199489404,0.03821757452529797,93.7326358696979
7_quadratic_dose_dep_het,TwoStage_RCS_DL_HKSJ,36,True,0.544044616042664,100.0,388.75678097218736,388.75678097218736,0.0,2.3169045900986945e-07,88.66470322530999
7_quadratic_dose_dep_het,TwoStage_RCS_Fixed,36,True,0.5359147898718915,91.0,24.931656846042095,24.85316489389993,0.07849195214216217,0.0,0.0
7_quadratic_dose_dep_het,OneStage_RCS,36,True,0.014026970135354954,78.0,1.0701091382537387,0.26628698995166117,0.8038221483020775,0.06544913275938226,96.12659173721045
7_quadratic_dose_dep_het,TwoStage_RCS_DL_HKSJ,37,True,0.014808374131693005,100.0,417.478457617757,417.478457617757,0.0,2.4834776427898064e-07,90.1259402425694
7_quadratic_dose_dep_het,TwoStage_RCS_Fixed,37,True,0.014081953246699013,97.0,24.061952260346224,24.05917941752001,0.0027728428262150467,0.0,0.0
7_quadratic_dose_dep_het,OneStage_RCS,37,True,0.000996316006442492,100.0,0.2168746704873796,0.2168746704873796,0.0,0.04262425245850564,94.32566568608723
7_quadratic_dose_dep_het,TwoStage_RCS_DL_HKSJ,38,True,0.012910306233651928,100.0,347.06279323680616,347.06279323680616,0.0,1.4281998200424543e-07,91.58448799644894
7_quadratic_dose_dep_het,TwoStage_RCS_Fixed,38,True,0.013311825244159121,96.0,24.350816536242824,24.348572379050992,0.002244157191829116,0.0,0.0
7_quadratic_dose_dep_het,OneStage_RCS,38,True,0.0006690431536166931,100.0,0.22842681014871669,0.22842681014871669,0.0,0.04770841735495665,94.90437313235402
7_quadratic_dose_dep_het,TwoStage_RCS_DL_HKSJ,39,True,0.07848639102089677,100.0,301.6892024930206,301.6892024930206,0.0,2.917318593770798e-07,77.9978556424893
7_quadratic_dose_dep_het,TwoStage_RCS_Fixed,39,True,0.08204574170946755,99.0,23.946254517609308,23.94596658841697,0.0002879291923431032,0.0,0.0
7_quadratic_dose_dep_het,OneStage_RCS,39,True,0.001262956121333181,100.0,0.2495805400323089,0.2495805400323089,0.0,0.05821675122995606,95.74321502849929
7_quadratic_dose_dep_het,TwoStage_RCS_DL_HKSJ,40,True,0.026673533838825182,100.0,214.86914502971248,214.86914502971248,0.0,1.5751263556986938e-07,75.23589197257652
7_quadratic_dose_dep_het,TwoStage_RCS_Fixed,40,True,0.02788271939511397,100.0,24.624076429123356,24.624076429123356,0.0,0.0,0.0
7_quadratic_dose_dep_het,OneStage_RCS,40,True,0.0028434133651607267,91.0,0.24099554816993582,0.1923950317048335,0.04860051646510231,0.032620931446596016,92.50013946890726
7_quadratic_dose_dep_het,TwoStage_RCS_DL_HKSJ,41,True,0.0012415512597800439,100.0,413.5528079486366,413.5528079486366,0.0,3.946029729452655e-07,82.66764069143393
7_quadratic_dose_dep_het,TwoStage_RCS_Fixed,41,True,0.001030458894655183,100.0,25.04994406177838,25.04994406177838,0.0,0.0,0.0
7_quadratic_dose_dep_het,OneStage_RCS,41,True,0.0005985860597943138,100.0,0.09001404894780064,0.09001404894780064,0.0,0.005050700972170193,95.06843407343096
7_quadratic_dose_dep_het,TwoStage_RCS_DL_HKSJ,42,True,0.015419089962888688,100.0,559.1558462896055,559.1558462896055,0.0,3.098405252928105e-07,93.42211159209685
7_quadratic_dose_dep_het,TwoStage_RCS_Fixed,42,True,0.018036960860089907,88.0,23.753299103326505,23.547177230180623,0.20612187314588415,0.0,0.0
7_quadratic_dose_dep_het,OneStage_RCS,42,True,0.008774719937713402,79.0,0.4069942281396767,0.2092485498887855,0.19774567825089115,0.03939433825420361,93.94475139441299
7_quadratic_dose_dep_het,TwoStage_RCS_DL_HKSJ,43,True,0.06610829279632788,100.0,705.0780136063299,705.0780136063299,0.0,4.771384256900276e-07,93.9041325824277
7_quadratic_dose_dep_het,TwoStage_RCS_Fixed,43,True,0.05835121894662233,95.0,23.038002682183073,23.033788116435048,0.004214565748021203,0.0,0.0
7_quadratic_dose_dep_het,OneStage_RCS,43,True,0.0032269392928016474,50.0,0.5220184980863085,0.09417981396949111,0.42783868411681747,0.005788778308628843,95.73948215423235
7_quadratic_dose_dep_het,TwoStage_RCS_DL_HKSJ,44,True,0.05466431864279893,100.0,416.34414407818525,416.34414407818525,0.0,2.5302041540514914e-07,91.79408500840779
7_quadratic_dose_dep_het,TwoStage_RCS_Fixed,44,True,0.061660103504968075,100.0,21.67206244291235,21.67206244291235,0.0,0.0,0.0
7_quadratic_dose_dep_het,OneStage_RCS,44,True,0.012136021874036049,65.0,1.6328200459339075,0.08452869440228658,1.548291351531621,0.003684036313985632,93.56268719034904
7_quadratic_dose_dep_het,TwoStage_RCS_DL_HKSJ,45,True,0.007782927571430838,100.0,277.12797062762644,277.12797062762644,0.0,1.2348324541214141e-07,88.85804728642944
7_quadratic_dose_dep_het,TwoStage_RCS_Fixed,45,True,0.007684982627457557,96.0,24.063552417116238,24.059231182087807,0.004321235028429677,0.0,0.0
7_quadratic_dose_dep_het,OneStage_RCS,45,True,0.000857599202873373,100.0,0.206255715281438,0.206255715281438,0.0,0.03731279466078952,93.53692583072937
7_quadratic_dose_dep_het,TwoStage_RCS_DL_HKSJ,46,True,0.0579086763735322,100.0,276.9663533046272,276.9663533046272,0.0,1.6566331791712532e-07,85.24456894608915
7_quadratic_dose_dep_het,TwoStage_RCS_Fixed,46,True,0.05757787514129114,92.0,23.952412548294827,23.88981572783427,0.0625968204605564,0.0,0.0
7_quadratic_dose_dep_het,OneStage_RCS,46,True,0.019236424967281715,30.0,2.441053512884313,0.08709341984366575,2.3539600930406466,0.004495220853503148,94.51561891508477
7_quadratic_dose_dep_het,TwoStage_RCS_DL_HKSJ,47,True,0.5841779093299716,100.0,319.93149293089175,319.93149293089175,0.0,2.588344239554961e-07,85.13894435028193
7_quadratic_dose_dep_het,TwoStage_RCS_Fixed,47,True,0.6079326967452033,90.0,22.284717377893866,22.16316435334211,0.12155302455175247,0.0,0.0
7_quadratic_dose_dep_het,OneStage_RCS,47,True,0.009107858026031899,80.0,0.7850674562472933,0.21542841427039594,0.5696390419768973,0.04079036099593833,94.05463250462141
7_quadratic_dose_dep_het,TwoStage_RCS_DL_HKSJ,48,True,0.1537731478771334,100.0,371.15762883277137,371.15762883277137,0.0,2.492444470090483e-07,87.6784254992868
7_quadratic_dose_dep_het,TwoStage_RCS_Fixed,48,True,0.15282702046128993,100.0,23.851392540001772,23.851392540001772,0.0,0.0,0.0
7_quadratic_dose_dep_het,OneStage_RCS,48,True,0.004056472631203938,100.0,0.256349852932647,0.256349852932647,0.0,0.06099278014998479,95.905469672188
7_quadratic_dose_dep_het,TwoStage_RCS_DL_HKSJ,49,True,0.03185639760574601,100.0,489.19843244477977,489.19843244477977,0.0,3.2674404226340096e-07,90.28096419714365
7_quadratic_dose_dep_het,TwoStage_RCS_Fixed,49,True,0.03337848463722321,93.0,24.437641612588756,24.385069613989504,0.05257199859925265,0.0,0.0
7_quadratic_dose_dep_het,OneStage_RCS,49,True,0.0028241742024577676,36.0,0.5420503699768223,0.09243457773270446,0.44961579224411774,0.005561141813204003,95.48446990909675
